title,company,location,posted,description,applicants,work_mode,link,data_coleta
Data Scientist,General Motors South America,"São Caetano do Sul, São Paulo, Brazil",3 days ago,"Job DescriptionKey ResponsibilitiesAnalyze and model data to structure and organize information effectively, ensuring it can be consumed in web/portal interfaces.Develop and automate data pipelines, reports, dashboards, and tools using Power BI, Python, Knime, Excel, Access, and other relevant platforms, exposing insights through web-based/portal solutions.Integrate data from multiple sources, such as Oracle, Databricks, and Hive/Hue, to generate actionable insights and feed backend services/APIs that support the portal.Design, build, and maintain web portals and internal applications using HTML, CSS, JavaScript (and, ideally, a modern framework such as React, Angular, or Vue), integrated with Purchasing data and tools.Design robust backend systems and intuitive, functional and responsive user interfaces.Ensure performance, reliability, and security of developed solutions, including portal pages and underlying services.Maintain and enhance existing tools and reporting systems, migrating or integrating them into a unified portal experience where applicable.Apply artificial intelligence techniques to automate repetitive tasks and optimize processes, embedding AI-assisted features in the portal when relevant.Collaborate with cross-functional teams to understand requirements and deliver effective solutions, translating user journeys into portal features and interfaces.Document processes and maintain up-to-date internal systems and tools, including technical and user documentation for the portal.Play a key role in the digital transformation journey of the Purchasing team, owning and evolving the Purchasing digital portal as a central entry point for data, tools, and processes.Preferred QualificationsExperience in Supply Chain and S&OP processes.Practical experience with web development (HTML, CSS, JavaScript) and building internal portals or web applications.Familiarity with integrating front-end applications with backend services/APIs (REST), including authentication and authorization for internal users.Familiarity with agile methodologies, including Scrum and Agile.Ability to translate user needs into digitalization workstreams, from requirements into concrete portal modules, pages, and components.What Makes This Position DifferentThis role combines Purchasing knowledge with data analytics, process automation, and artificial intelligence, anchored in an internal web portal that centralizes tools and information.It offers the opportunity to build practical digital solutions that directly support business decisions and team efficiency, through a portal that becomes the “single front door” for the Purchasing team’s digital products.The position plays a central role in the Purchasing team’s digital transformation journey, with strong visibility across cross-functional stakeholders who will rely on the portal as their main interface to data and processes.About GMOur vision is a world with Zero Crashes, Zero Emissions and Zero Congestion and we embrace the responsibility to lead the change that will make our world better, safer and more equitable for all.Why Join UsWe believe we all must make a choice every day – individually and collectively – to drive meaningful change through our words, our deeds and our culture. Every day, we want every employee to feel they belong to one General Motors team.Non-Discrimination and Equal Employment OpportunitiesGeneral Motors is committed to being a workplace that is not only free of unlawful discrimination, but one that genuinely fosters inclusion and belonging. We strongly believe that providing an inclusive workplace creates an environment in which our employees can thrive and develop better products for our customers.We encourage interested candidates to review the key responsibilities and qualifications for each role and apply for any positions that match their skills and capabilities. Applicants in the recruitment process may be required, where applicable, to successfully complete a role-related assessment(s) and/or a pre-employment screening prior to beginning employment. To learn more, visitHow we Hire.AccommodationsGeneral Motors offers opportunities to all job seekers including individuals with disabilities. If you need a reasonable accommodation to assist with your job search or application for employment,emailus or call us at 1-800-865-7580. In your email, please include a description of the specific accommodation you are requesting as well as the job title and requisition number of the position for which you are applying.Show moreShow less",N/A,On-site/Hybrid,https://www.linkedin.com/jobs-guest/jobs/api/jobPosting/4447202664,2026-08-03
Data Scientist II,Banco Bradesco,"Barueri, São Paulo, Brazil",1 week ago,"Sobre o BradescoA gente acredita no poder da confiança. Confiança que aproxima, orienta e transforma a vida das pessoas no dia a dia. Entrar no Bradesco é fazer parte de um momento real de transformação. Um ambiente que combina a solidez de uma história construída ao longo de décadas com a evolução constante de quem está sempre olhando para frente. Aqui, você encontra espaço para aprender, crescer e assumir protagonismo na sua trajetória, com apoio, estrutura e oportunidades que acompanham o seu desenvolvimento. Mais do que trabalhar em uma grande instituição, é sobre fazer parte de um time que impacta milhões de pessoas, contribui para o desenvolvimento do país e constrói, todos os dias, um futuro mais acessível e sustentável para a sociedade.Sobre a áreaCompras: Gerencia os processos de aquisição de bens e serviços, atuando no relacionamento com fornecedores e na negociação e gestão de contratos. Contribui para a eficiência e competitividade do banco por meio da otimização de custos, da governança e da sustentabilidade nas contratações. Apoia as áreas do negócio garantindo qualidade, conformidade e continuidade dos serviços.Como será seu dia a dia?Como Data Scientist II, você atuará na área de Inteligência e Compras e suas principais atividades serão:Desenvolver e manter modelos preditivos para apoiar análises e previsões relacionadas às compras e cadeia de suprimentos.Extrair, tratar, limpar e estruturar grandes volumes de dados, garantindo qualidade e confiabilidade das informações.Realizar análises estatísticas e estudos avançados para identificar oportunidades, tendências e solucionar problemas do negócio.Transformar dados em insights estratégicos e recomendações acionáveis, apoiando a tomada de decisão de compradores e gestores.Criar apresentações, relatórios e storytelling de dados, traduzindo informações técnicas em linguagem clara para o negócio.Atuar como parceiro das áreas de BI e Engenharia de Dados, contribuindo para a evolução dos processos analíticos e da governança de dadosIdentificar oportunidades de otimização de processos, redução de custos e melhoria da performance das negociações.Apoiar a construção de inteligência de compras, antecipando riscos, tendências de mercado e oportunidades estratégicas.Modelo de trabalhoHíbrido - 3x PresencialUnidade: Alphaville - SPPerfil que buscamosValorizamos quem entende o cliente em profundidade, trabalha em parceria e transforma conhecimento em entregas com impacto. Profissionais com senso de dono, consistência na execução e foco em resultado, que evoluem continuamente, compartilham aprendizados e usam tecnologia para transformar desafios em soluções relevantes para o negócio.RequisitosEnsino superior completo em Ciência da Computação, Engenharia, Sistemas de Informação ou áreas correlatas.Conhecimento em Python ou R.Experiência com Banco de Dados e SQLConhecimentos em Estatística e Machine LearningExperiência com versionamento de código utilizando GitSerá um diferencial se você tiver:Experiência em projetos de análise de dados aplicados às áreas de Compras, Suprimentos ou Operações.Vivência com análise e manipulação de dados provenientes de ERPs e plataformas corporativas, como SAP Ariba e ServiceNow.O que você encontra aquiCuidar de vocêPlano de saúde e odontológicoSeguro de vidaViva Bem: programa de saúde, bem-estar e qualidade de vidaTotalPassCrescer com vocêUniversidade corporativa Bradesco (Unibrad)Parcerias educacionaisSegurança para o seu futuroParticipação nos lucros ou Bônus (conforme a elegibilidade de cargo)Previdência privadaCondições especiais em produtos e serviçosIsenção de Tarifas: condições especiais em diversos produtos e serviçosApoio à sua vida e à sua famíliaVale alimentação e refeição13ª cesta alimentaçãoAuxílio creche ou babáLicença Maternidade de 180 dias, acompanhamento assistencial da gestação até o pós-partoLicença Paternidade estendida de 20 diasVale transporte opcionalTudo pensado para apoiar sua jornada de crescimento com equilíbrio, segurança e oportunidade.DiversidadeNo Bradesco, diversidade é valor e estratégia. Trabalhamos para construir um ambiente inclusivo e um quadro de colaboradores que reflita a diversidade da sociedade brasileira. Por isso, valorizamos pessoas com diferentes histórias e características, como gênero, raça, orientação sexual, deficiência, idade e outras dimensões da diversidade.Se você acredita na confiança como base para transformar, gosta de desafios e quer crescer em um ambiente que evolui junto com você, seu lugar pode ser aqui. Vem ser Bradesco!Show moreShow less",N/A,On-site/Hybrid,https://www.linkedin.com/jobs-guest/jobs/api/jobPosting/4443533144,2026-08-03
Cientista de Dados Pleno (Afirmativa para Mulheres),Itaú Unibanco,"São Paulo, São Paulo, Brazil",3 weeks ago,"O Itaú é a marca mais valiosa do Brasil, a melhor empresa para trabalhar segundo o Great Place to Work e o maior banco da América Latina. Nós impactamos diariamente mais de 98 milhões de clientes em 18 países.Somos feitos de pessoas e acreditamos que ter um time com pluralidade de origens, culturas, crenças, experiências, raças, deficiências, gêneros, orientações afetivo-sexuais e gerações ampliam as perspectivas e contribuem para um clima de respeito e valorização das diferenças.Responsabilidades e atribuiçõesBuscamos uma pessoaCientista de Dados Plenopara atuar na Comunidade de Inteligência Artificial (CIA), desenvolvendo soluções de Machine Learning tradicional e IA Generativa com foco em impacto real de negócio. Atuamos com problemas complexos, em escala, onde dados e IA são meios para gerar eficiência, apoiar decisões e entregar resultados mensuráveis. Procuramos alguém com atitude de dono, autonomia técnica e foco em entrega.Nessa função você vai:Desenvolver e evoluir modelos de Machine Learning tradicional e soluções de IA GenerativaProjetar e implementar aplicações com RAG, agentes e context engineering.Utilizar plataformas de GenAI e MLOps no ciclo de vida das soluções, de dev até prod.Realizar deploy e operação de modelos em prod, considerando escalabilidade, custo e confiabilidade.Trabalhar em parceria com engenharia e produto para garantir adoção e impacto das soluções.Contribuir tecnicamente com o time, apoiando decisões de arquitetura e boas práticas de IANo que você precisa mandar bem?Conhecimentos sólidos de PythonDomínio do uso de SQLConhecimento de serviços da AWS (Glue, Athena, Sagemaker, S3, ECS, Bedrock)Noções e/ou conhecimentos de Agentic AIBons conhecimentos de fundamentos de Machine Learning tradicionalAo se tornar um ituber você tem_Vale-TransporteVale-Refeição (Restaurantes) / Vale-Alimentação (Supermercados)Plano médico (Fundação Saúde ItaúouCentral Nacional Unimed)Plano odontológico (OdontoprevouInterodonto)Seguro de VidaPLR – Participação nos Lucros e Resultados (Mediante resultados do banco)Previdência privadaDescontos exclusivos em nossos produtos financeirosLicença maternidade e paternidade estendidaAuxílio Creche / Babá (para papais e mamães)Incentivo a estudosWellhub ou TotalPassAcesso aos Clubes de Lazer Itaú (Guarapiranga / Itanhaém e São Sebastião)+ Algumas vantagens que você pode conhecer durante o processo 😊Conheça mais sobre nossa cultura: https://www.itau.com.br/relacoes-com-investidores/noticias/cultura-itubers-e-nosso-novo-conjunto-de-valores/*Estimulamos candidaturas de pessoas com deficiência em todas as nossas posições, sendo assim, sinta-se à vontade para se candidatar em vagas sinalizadas como exclusivas ou não para pessoas com deficiência. Somos comprometidos com a inclusão e valorizamos a diversidade.#VemProItaú #VemSerItuberShow moreShow less",N/A,On-site/Hybrid,https://www.linkedin.com/jobs-guest/jobs/api/jobPosting/4434587282,2026-08-03
Cientista de Dados,LUZA Group,"São Paulo, São Paulo, Brazil",1 week ago,"Venha fazer parte de um ecossistema vivo onde o futuro dos negócios é criado e vivido todos os dias. Faça parte desta transformação!Na LUZA Group, a paixão, a perseverança e a vontade de superar limites definem o nosso caminho para o sucesso.Fundada em 2006, somos uma multinacional portuguesa com mais de 1.200 profissionais talentosos e um volume de negócios. Com presença em mercados estratégicos como Portugal, Espanha, Marrocos, Brasil, México, Estados Unidos e China, oferecemos soluções inovadoras em engenharia, TI, design, consultoria, Indústria 4.0, treinamento e recrutamento. Tudo o que fazemos é movido pelo talento de nosso povo.Este é um momento de crescimento e oportunidade. O futuro pertence a mentes visionárias. Junte-se a nós!Cientista de DadosObjetivo da posiçãoO(a) Cientista de Dados atuará no desenvolvimento de análises, modelosestatísticos e soluções de machine learning para apoiar a tomada de decisão,geração de valor para o negócio e evolução da Plataforma Auren de Dados & IA.A posição exige capacidade de transformar problemas de negócio em hipótesesanalíticas, experimentos, modelos e recomendações acionáveis, trabalhando deforma integrada com times de dados, tecnologia, negócio e governança. Espera-seatuação prática em todo o ciclo da solução, desde a definição do problema até avalidação, documentação e eventual industrialização em ambiente produtivo.ResponsabilidadesTraduzir necessidades de negócio em problemas analíticos e hipótesestestáveis.Conduzir análises exploratórias, estatísticas e preditivas para identificarpadrões, oportunidades, riscos e alavancas de valor.Desenvolver modelos de machine learning, incluindo classificação, regressão,clusterização, séries temporais, previsão e detecção de anomalias, quandoaplicável.Realizar preparação, limpeza, transformação e enriquecimento de dados paraanálises e modelagem.Selecionar, testar e comparar abordagens analíticas considerando acurácia,interpretabilidade, custo, escalabilidade e aplicabilidade ao contexto donegócio.Avaliar resultados de modelos e experimentos, propondo melhorias e ajustescom base em métricas técnicas e de negócio.Apoiar a definição de variáveis, features e datasets confiáveis para casos deuso analíticos e de IA.Trabalhar em conjunto com arquitetos de dados, engenheiros de dados,engenheiros de IA e áreas usuárias para viabilizar soluções de ponta a ponta.Documentar hipóteses, premissas, metodologias, resultados e limitações dasanálises e modelos desenvolvidos.Apoiar a transição de protótipos para soluções escaláveis e sustentáveis emambiente corporativo.Utilizar ferramentas de IA generativa e automação, quando apropriado, paraacelerar exploração, prototipação, geração de código e documentação,sempre com validação técnica.Requisitos técnicosExperiência com Python para análise de dados e desenvolvimento demodelos.Sólido conhecimento de SQL e manipulação de dados em bases estruturadas.Vivência com bibliotecas e frameworks como pandas, numpy, scikit-learn,matplotlib, seaborn ou equivalentes.Conhecimento de estatística aplicada, probabilidade, inferência estatística edesenho de experimentos.Experiência com técnicas de machine learning supervisionado e nãosupervisionado.Capacidade de interpretar métricas de desempenho de modelos e de traduzirresultados técnicos em linguagem de negócio.Conhecimento de boas práticas de organização de código, versionamento edocumentação.Familiaridade com ambientes de dados e plataformas analíticas corporativas.Capacidade de trabalhar com dados de múltiplas fontes, com atenção àqualidade, consistência e rastreabilidade.DiferenciaisExperiência com séries temporais, previsão de demanda, otimização,detecção de anomalias ou problemas de manutenção preditiva.Experiência com projetos em setores regulados, industriais ou deinfraestrutura crítica.Conhecimento de ferramentas de cloud e plataformas de dados modernas.Experiência com MLOps, versionamento de modelos e implantação emprodução.Vivência com IA generativa, embeddings, LLMs ou uso de ferramentas decopiloto para acelerar trabalho analítico.Experiência com visualização de dados e ferramentas de BI, como Power BI ousimilares.Conhecimento de técnicas de explicabilidade, interpretabilidade e AIreponsável.Perfil esperadoBuscamos um(a) profissional com raciocínio analítico forte, curiosidade intelectuale disciplina metodológica. A pessoa deve ter autonomia para investigar problemas,estruturar análises e sustentar conclusões com base em evidências.Espera-se capacidade de colaboração com perfis técnicos e de negócio, boacomunicação, organização e postura orientada a resultado. Também é importanteter maturidade para lidar com ambiguidade, priorizar o que gera valor e evoluirsoluções de forma incremental, sem perder rigor técnico.O que oferecemosWellhub;OnHappy;Sesc;Horário Flexível.Show moreShow less",N/A,On-site/Hybrid,https://www.linkedin.com/jobs-guest/jobs/api/jobPosting/4444791057,2026-08-03
Data Scientist I,Banco Bradesco,"Osasco, São Paulo, Brazil",1 week ago,"Sobre o BradescoA gente acredita no poder da confiança. Confiança que aproxima, orienta e transforma a vida das pessoas no dia a dia. Entrar no Bradesco é fazer parte de um momento real de transformação. Um ambiente que combina a solidez de uma história construída ao longo de décadas com a evolução constante de quem está sempre olhando para frente. Aqui, você encontra espaço para aprender, crescer e assumir protagonismo na sua trajetória, com apoio, estrutura e oportunidades que acompanham o seu desenvolvimento. Mais do que trabalhar em uma grande instituição, é sobre fazer parte de um time que impacta milhões de pessoas, contribui para o desenvolvimento do país e constrói, todos os dias, um futuro mais acessível e sustentável para a sociedade.Sobre a áreaSegurança Corporativa: Responsável pela proteção de pessoas, informações e ativos da instituição. Atua na prevenção, monitoramento e resposta a riscos e incidentes, garantindo a segurança física e corporativa. Contribui para a continuidade dos negócios e a integridade das operações, fortalecendo a resiliência e a proteção institucional.Como será seu dia a dia?Como Data Scientist I, você atuará na área de Plataforma Safer e suas principais atividades serão:Desenvolver estratégias de decisão e regras de negócio, garantindo eficiência e escalabilidade;Implementar e evoluir fluxos de decisão, assegurando aderência aos requisitos do negócio;Atuar com áreas de negócio e tecnologia na definição e implantação de soluções;Executar testes, homologações e análises de impacto, garantindo a qualidade das entregas;Acompanhar implantações em produção e promover melhorias contínuas nas estratégias e plataformas de decisão.Modelo de trabalhoHíbrido - 2x PresencialUnidade: Osasco/SPPerfil que buscamosValorizamos quem entende o cliente em profundidade, trabalha em parceria e transforma conhecimento em entregas com impacto. Profissionais com senso de dono, consistência na execução e foco em resultado, que evoluem continuamente, compartilham aprendizados e usam tecnologia para transformar desafios em soluções relevantes para o negócio.RequisitosFormação superior em Estatística, Matemática, Engenharia, Ciência de Dados, Economia ou áreas correlatas;Experiência com motores de decisão;Experiência com programação, SQL e python;Vivência em área de Prevenção a Fraude;Capacidade de traduzir regras de negócio em lógica sistêmica.Será um diferencial se você tiver:Vivência em implementação de regras de negócio;Conhecimento em DM - Motor de Decisão.O que você encontra aquiCuidar de vocêPlano de saúde e odontológicoSeguro de vidaViva Bem: programa de saúde, bem-estar e qualidade de vidaTotalPassCrescer com vocêUniversidade corporativa Bradesco (Unibrad)Parcerias educacionaisSegurança para o seu futuroParticipação nos lucros ou Bônus (conforme a elegibilidade de cargo)Previdência privadaCondições especiais em produtos e serviçosIsenção de Tarifas: condições especiais em diversos produtos e serviçosApoio à sua vida e à sua famíliaVale alimentação e refeição13ª cesta alimentaçãoAuxílio creche ou babáLicença Maternidade de 180 dias, acompanhamento assistencial da gestação até o pós-partoLicença Paternidade estendida de 20 diasVale transporte opcionalTudo pensado para apoiar sua jornada de crescimento com equilíbrio, segurança e oportunidade.DiversidadeNo Bradesco, diversidade é valor e estratégia. Trabalhamos para construir um ambiente inclusivo e um quadro de colaboradores que reflita a diversidade da sociedade brasileira. Por isso, valorizamos pessoas com diferentes histórias e características, como gênero, raça, orientação sexual, deficiência, idade e outras dimensões da diversidade.Se você acredita na confiança como base para transformar, gosta de desafios e quer crescer em um ambiente que evolui junto com você, seu lugar pode ser aqui. Vem ser Bradesco!Show moreShow less",N/A,On-site/Hybrid,https://www.linkedin.com/jobs-guest/jobs/api/jobPosting/4444476965,2026-08-03
N/A,N/A,N/A,N/A,N/A,N/A,On-site/Hybrid,https://www.linkedin.com/jobs-guest/jobs/api/jobPosting/4445274013,2026-08-03
Cientista de Dados,Fiesp - Federação das Indústrias do Estado de São Paulo,"São Paulo, São Paulo, Brazil",2 days ago,"DescriçãoLevantar necessidades dos usuários finais, entendendo o contexto organizacional, traduzindo problemas institucionais em problemas analíticos. Avaliar se os problemas requerem estatística, aprendizado de máquina, regras de negócio ou apenas análise descritiva. Definir hipóteses, variáveis, população analisada e critérios de sucesso.Realizar análises descritivas, diagnósticas, preditivas e prescritivas, de acordo com as demandas das áreas de negócio, aplicando métodos estatísticos, matemáticos e computacionais.Utilizar técnicas de ciência de dados, mineração de dados, modelagem estatística, séries temporais, aprendizado de máquina, classificação, regressão, agrupamento, inteligência artificial, identificação de padrões e processamento de linguagem natural em bases estruturadas e não estruturadas, independentemente do volume de dados, para gerar conhecimento, apoiar estudos institucionais e subsidiar a tomada de decisão nos projetos da organização.Colaborar com o Analista de Sistemas Senior na definição de padrões técnológicos para o ambiente de plataforma de infraestrutura e software para análise, modelagem, processamento, armazenamento e arquitetura de sistemas analíticos.Colaborar com Analistas de Dados, Engenheiros de Dados e Analistas de Sistemas Seniores na definição de arquiteturas em sistemas e na implementação de soluções baseadas em dados.Identificar limitações dos dados antes de iniciar o trabalho, identificando adequação, dados ausentes, inconsistências, vieses e valores atípicos. Propor, quando viável, expansão de coleta, tratamento de dados ou outros métodos.Realizar análise exploratória dos dados, investigando distribuições, tendências, correlações e padrões em dados.Produzir análises iniciais que orientem a construção de modelos ou a tomada de decisão.Desenvolver, validar e aperfeiçoar modelos analíticos, estatísticos e de inteligência artificial para apoio à tomada de decisão e geração de conhecimento.Interpretar os resultados obtidos pelos modelos e análises, produzindo relatórios, pareceres técnicos e recomendações para as áreas interessadas.Desenvolver mecanismos de monitoramento e validação de modelos analíticos, promovendo sua evolução contínua e aderência aos objetivos institucionais.Criar e manter documentação técnica dos sistemas, bancos de dados, processos, ativos, que auxiliem a consulta posterior de técnicos, nas diversas atividades da área.Pesquisar, avaliar e propor novas técnicas e adoção de tecnologias, ferramentas e metodologias relacionadas à ciência de dados, inteligência artificial e analytics, visando a evolução contínua das capacidades analíticas da organização.Monitorar recursos tecnológicos através do acompanhamento dos processos de servidores de dados por meio de painéis de gerenciamento, métricas, indicadores, logs e testes conforme a tecnologia envolvida, para garantir bom desempenho, disponibilidade e bom uso.Outros RequisitosEnsino Superior completo em:Ciência de Dados, Estatística, Matemática, Física, Economia, Engenharias, Ciências da Computação ou áreas correlatas.Conhecimentos e HabilidadesInglês IntermediárioEstatísticaEconomiaLógica de programaçãoServiços Azure Data Factory, Azure Databricks, Big Data (Hadoop, Spark etc)Software especialista em estatísticaLinguagens e tecnologias para programação (Python, R)Linguagens e tecnologias para visualização e análise de dados (PowerBI desktop, PowerBI Pro)Levantamento de RequisitosDesenvolvimento de aplicações de análise de dados (Analytics), BI (Business Inteligence)Desenvolvimento para bancos de dados SQL ServerConhecimento dos recursos administrativos (SQL Agent, Integration Services, Jobs SQL, T-SQL, DDL), Cloud computing, Microsoft Azure, Webservices, XML/XSD, API, JSON/Rest.Show moreShow less",N/A,On-site/Hybrid,https://www.linkedin.com/jobs-guest/jobs/api/jobPosting/4447187469,2026-08-03
Data Scientist I,Banco Bradesco,"Osasco, São Paulo, Brazil",2 days ago,"Sobre o BradescoA gente acredita no poder da confiança. Confiança que aproxima, orienta e transforma a vida das pessoas no dia a dia. Entrar no Bradesco é fazer parte de um momento real de transformação. Um ambiente que combina a solidez de uma história construída ao longo de décadas com a evolução constante de quem está sempre olhando para frente. Aqui, você encontra espaço para aprender, crescer e assumir protagonismo na sua trajetória, com apoio, estrutura e oportunidades que acompanham o seu desenvolvimento. Mais do que trabalhar em uma grande instituição, é sobre fazer parte de um time que impacta milhões de pessoas, contribui para o desenvolvimento do país e constrói, todos os dias, um futuro mais acessível e sustentável para a sociedade.Sobre a áreaCrédito: Responsável pela estruturação, gestão e evolução das soluções de crédito do banco, atendendo diferentes perfis de clientes e necessidades financeiras. Atua na definição de políticas, análise e concessão de crédito, equilibrando competitividade, rentabilidade e controle de riscos. Contribui para o crescimento sustentável do negócio e para a eficiência na alocação de capital.Como será seu dia a dia?Como Data Scientist I, você atuará na área de Analytics Atacado e suas principais atividades serão:Desenvolver e evoluir painéis gerenciais, realizando análises e geração de insights que apoiem a tomada de decisão estratégica e o acompanhamento de indicadores de desempenho;Automatizar e otimizar processos, identificando oportunidades de ganho de eficiência, redução de atividades manuais e melhoria contínua dos fluxos operacionais;Analisar e manipular grandes volumes de dados, garantindo a qualidade das informações e a elaboração de estudos que suportem as estratégias da área;Monitorar o desempenho de modelos e políticas de crédito, conduzindo análises para recomendar recalibrações, ajustes e melhorias alinhadas aos objetivos do negócio;Atuar em parceria com áreas internas e órgãos de governança, assegurando atendimento a requisitos regulatórios, auditorias e conduzindo apresentações executivas para reporte de resultados e recomendações.Modelo de trabalhoHíbrido - 2x PresencialUnidade: Osasco/SPPerfil que buscamosValorizamos quem entende o cliente em profundidade, trabalha em parceria e transforma conhecimento em entregas com impacto. Profissionais com senso de dono, consistência na execução e foco em resultado, que evoluem continuamente, compartilham aprendizados e usam tecnologia para transformar desafios em soluções relevantes para o negócio.RequisitosSuperior Completo em áreas de exatas, tecnologia ou similares;Conhecimento em Python (PySpark), Databricks, SAS e Power BI para desenvolvimento de análises, automação de processos e construção de dashboards;Experiência em manipulação, tratamento, análise e visualização de grandes volumes de dados, transformando informações em insights para suporte à tomada de decisão;Vivência em modelagem preditiva e monitoramento de modelos de risco de crédito, acompanhando performance e identificando oportunidades de melhoria;Conhecimento dos principais indicadores de crédito, incluindo inadimplência, rentabilidade, Provisão para Devedores Duvidosos (PDD) e capital regulatório.Será um diferencial se você tiver:Atuação com políticas de crédito.O que você encontra aquiCuidar de vocêPlano de saúde e odontológicoSeguro de vidaViva Bem: programa de saúde, bem-estar e qualidade de vidaTotalPassCrescer com vocêUniversidade corporativa Bradesco (Unibrad)Parcerias educacionaisSegurança para o seu futuroParticipação nos lucros ou Bônus (conforme a elegibilidade de cargo)Previdência privadaCondições especiais em produtos e serviçosIsenção de Tarifas: condições especiais em diversos produtos e serviçosApoio à sua vida e à sua famíliaVale alimentação e refeição13ª cesta alimentaçãoAuxílio creche ou babáLicença Maternidade de 180 dias, acompanhamento assistencial da gestação até o pós-partoLicença Paternidade estendida de 20 diasVale transporte opcionalTudo pensado para apoiar sua jornada de crescimento com equilíbrio, segurança e oportunidade.DiversidadeNo Bradesco, diversidade é valor e estratégia. Trabalhamos para construir um ambiente inclusivo e um quadro de colaboradores que reflita a diversidade da sociedade brasileira. Por isso, valorizamos pessoas com diferentes histórias e características, como gênero, raça, orientação sexual, deficiência, idade e outras dimensões da diversidade.Se você acredita na confiança como base para transformar, gosta de desafios e quer crescer em um ambiente que evolui junto com você, seu lugar pode ser aqui. Vem ser Bradesco!Show moreShow less",N/A,On-site/Hybrid,https://www.linkedin.com/jobs-guest/jobs/api/jobPosting/4447713199,2026-08-03
Data Scientist III,Banco Bradesco,"Osasco, São Paulo, Brazil",5 days ago,"Sobre o BradescoA gente acredita no poder da confiança. Confiança que aproxima, orienta e transforma a vida das pessoas no dia a dia. Entrar no Bradesco é fazer parte de um momento real de transformação. Um ambiente que combina a solidez de uma história construída ao longo de décadas com a evolução constante de quem está sempre olhando para frente. Aqui, você encontra espaço para aprender, crescer e assumir protagonismo na sua trajetória, com apoio, estrutura e oportunidades que acompanham o seu desenvolvimento. Mais do que trabalhar em uma grande instituição, é sobre fazer parte de um time que impacta milhões de pessoas, contribui para o desenvolvimento do país e constrói, todos os dias, um futuro mais acessível e sustentável para a sociedade.Sobre a áreaOuvidoria: Atua de forma independente na análise e tratamento de manifestações de clientes, como reclamações, sugestões e solicitações não resolvidas nos canais de atendimento. Exerce papel de mediação, garantindo transparência, imparcialidade e conformidade. Contribui para o aprimoramento contínuo de processos, produtos e experiências a partir da voz do cliente.Como será seu dia a dia?Como Data Scientist III, você atuará na área de Analytics e suas principais atividades serão:Aplicar metodologias de Data Science, Machine Learning e estatística para análise de dados e geração de insights estratégicos para a Ouvidoria.Desenvolver, adaptar ou evoluir modelos analíticos e preditivos, em parceria com times técnicos corporativos.Coletar, explorar e preparar dados para construção de análises robustas, identificando oportunidades de melhoria de eficiência, controles e experiência do cliente.Atuar em conjunto com as áreas de negócio para identificar problemas, propor soluções analíticas e apoiar decisões com base em dados.Analisar cenários, padrões e tendências, traduzindo resultados técnicos em insights acionáveis para o negócio.Apoiar a definição e evolução de indicadores estratégicos e análises que alimentem dashboards e visões executivas.Acompanhar a performance dos modelos e análises desenvolvidas, avaliando resultados, qualidade dos dados e aderência aos objetivos de negócio.Apoiar tecnicamente profissionais mais juniores, contribuindo para o amadurecimento analítico e técnico do time.Modelo de trabalhoPresencialUnidade: Osasco - SPPerfil que buscamosValorizamos quem entende o cliente em profundidade, trabalha em parceria e transforma conhecimento em entregas com impacto. Profissionais com senso de dono, consistência na execução e foco em resultado, que evoluem continuamente, compartilham aprendizados e usam tecnologia para transformar desafios em soluções relevantes para o negócio.RequisitosVivência consolidada como Data Scientist, atuando em projetos analíticos de média e alta complexidade.Conhecimento sólido em estatística, análise de dados e técnicas de Machine LearningAtuação na construção, adaptação ou consumo de modelos preditivos, regras analíticas e estudos quantitativos.Domínio de linguagens de programação voltadas a dados, como Python, R, Scala, SAS ou similares.Conhecimento em utilização de ferramentas e ambientes de Cloud Computing para desenvolvimento ou consumo de soluções analíticas.Formação superior completa em estatística, matemática, engenharia, ciência de dados ou áreas correlatas.Será um diferencial se você tiver:Vivência no mercado financeiro ou em áreas relacionadas à voz do cliente, reclamações ou canais de atendimento.Conhecimento em Deep Learning, NLP, sistemas de recomendação ou IA generativa.O que você encontra aquiCuidar de vocêPlano de saúde e odontológicoSeguro de vidaViva Bem: programa de saúde, bem-estar e qualidade de vidaTotalPassCrescer com vocêUniversidade corporativa Bradesco (Unibrad)Parcerias educacionaisSegurança para o seu futuroParticipação nos lucros ou Bônus (conforme a elegibilidade de cargo)Previdência privadaCondições especiais em produtos e serviçosIsenção de Tarifas: condições especiais em diversos produtos e serviçosApoio à sua vida e à sua famíliaVale alimentação e refeição13ª cesta alimentaçãoAuxílio creche ou babáLicença Maternidade de 180 dias, acompanhamento assistencial da gestação até o pós-partoLicença Paternidade estendida de 20 diasVale transporte opcionalTudo pensado para apoiar sua jornada de crescimento com equilíbrio, segurança e oportunidade.DiversidadeNo Bradesco, diversidade é valor e estratégia. Trabalhamos para construir um ambiente inclusivo e um quadro de colaboradores que reflita a diversidade da sociedade brasileira. Por isso, valorizamos pessoas com diferentes histórias e características, como gênero, raça, orientação sexual, deficiência, idade e outras dimensões da diversidade.Se você acredita na confiança como base para transformar, gosta de desafios e quer crescer em um ambiente que evolui junto com você, seu lugar pode ser aqui. Vem ser Bradesco!Show moreShow less",N/A,On-site/Hybrid,https://www.linkedin.com/jobs-guest/jobs/api/jobPosting/4446347079,2026-08-03
Data Scientist III,Banco Bradesco,"Osasco, São Paulo, Brazil",1 week ago,"Sobre o BradescoA gente acredita no poder da confiança. Confiança que aproxima, orienta e transforma a vida das pessoas no dia a dia. Entrar no Bradesco é fazer parte de um momento real de transformação. Um ambiente que combina a solidez de uma história construída ao longo de décadas com a evolução constante de quem está sempre olhando para frente. Aqui, você encontra espaço para aprender, crescer e assumir protagonismo na sua trajetória, com apoio, estrutura e oportunidades que acompanham o seu desenvolvimento. Mais do que trabalhar em uma grande instituição, é sobre fazer parte de um time que impacta milhões de pessoas, contribui para o desenvolvimento do país e constrói, todos os dias, um futuro mais acessível e sustentável para a sociedade.Sobre a áreaAvaliação Independente de Modelos (AVIM) : Em se tratando de simplificações da realidade, os modelos são sujeitos a riscos, que podem desencadear perdas relacionadas a decisões baseadas em estimativas incorretas ou obsoletas ou, ainda, uso inapropriado. Para identificar e mitigar esses riscos, nós da Área de Avaliação Independente de Modelos (AVIM) atuamos efetivamente no fortalecimento do uso de modelos, realizando ações de aculturamento e disseminando as boas práticas em modelagemComo será seu dia a dia?Como Data Scientist III, você atuará na área de Gestão de validação de riscos de crédito atacado e suas principais atividades serão:Identificar riscos ou fragilidades em todas as etapas do ciclo de vida de modelos da plataforma de dados;Realizar análises quantitativas e de dados para embasar decisões de modelagem e avaliar dados de mercado provenientes de diversos fornecedores;Atuar no desenvolvimento de metodologias de modelagem, algoritmos e ferramentas de diagnóstico para testar a robustez, a sensibilidade e a estabilidade dos modelos;Elaborar documentos técnicos detalhados para distribuição e apresentação à alta administração, desenvolvedores de modelos, auditores e órgãos reguladores;Avaliar a aderência de modelos a requisitos regulatórios.Modelo de trabalhoHíbrido - 3x PresencialUnidade: Osasco - SPPerfil que buscamosValorizamos quem entende o cliente em profundidade, trabalha em parceria e transforma conhecimento em entregas com impacto. Profissionais com senso de dono, consistência na execução e foco em resultado, que evoluem continuamente, compartilham aprendizados e usam tecnologia para transformar desafios em soluções relevantes para o negócio.RequisitosGraduação Completa;Domínio do pipeline de desenvolvimento de modelos analíticos e de machine learning para mensuração de Risco de Crédito;Conhecimentos avançados em Python, SQL e Databricks;Conhecimento de modelagem estatística e avaliação de modelos;Uso de IA Generativa e aplicações práticas no contexto de dados;Vivência em projetos de inovação e transformação analítica.Será um diferencial se você tiver:Certificações na área;Vivência em processos de gestão de Crédito Atacado;Inglês para Leitura.O que você encontra aquiCuidar de vocêPlano de saúde e odontológicoSeguro de vidaViva Bem: programa de saúde, bem-estar e qualidade de vidaTotalPassCrescer com vocêUniversidade corporativa Bradesco (Unibrad)Parcerias educacionaisSegurança para o seu futuroParticipação nos lucros ou Bônus (conforme a elegibilidade de cargo)Previdência privadaCondições especiais em produtos e serviçosIsenção de Tarifas: condições especiais em diversos produtos e serviçosApoio à sua vida e à sua famíliaVale alimentação e refeição13ª cesta alimentaçãoAuxílio creche ou babáLicença Maternidade de 180 dias, acompanhamento assistencial da gestação até o pós-partoLicença Paternidade estendida de 20 diasVale transporte opcionalTudo pensado para apoiar sua jornada de crescimento com equilíbrio, segurança e oportunidade.DiversidadeNo Bradesco, diversidade é valor e estratégia. Trabalhamos para construir um ambiente inclusivo e um quadro de colaboradores que reflita a diversidade da sociedade brasileira. Por isso, valorizamos pessoas com diferentes histórias e características, como gênero, raça, orientação sexual, deficiência, idade e outras dimensões da diversidade.Se você acredita na confiança como base para transformar, gosta de desafios e quer crescer em um ambiente que evolui junto com você, seu lugar pode ser aqui. Vem ser Bradesco!Show moreShow less",N/A,On-site/Hybrid,https://www.linkedin.com/jobs-guest/jobs/api/jobPosting/4443047753,2026-08-03
Cientista de dados,dr.consulta,"São Paulo, São Paulo, Brazil",2 days ago,"Buscamos um(a) Data Scientist analítico(a), proativo(a) efocado(a) em resolução de problemas para transformar dados em inteligência denegócio. Nesta função, você liderará o ciclo de vida completo de modelos preditivos eanálises estatísticas, desde a extração de dados no Google Cloud Platform (GCP) atéa entrega de insights acionáveis em dashboards e a implementação de soluções deMachine Learning.Principais Responsabilidades:• Desenhar, executar e mensurar testes A/B rigorosos para validar hipótesesde produtos e campanhas.• Desenvolver e implantar modelos de Machine Learning em produção.• Analisar grandes volumes de dados de usuários do nosso aplicativo paramapear a jornada do cliente, identificar gargalos e propor melhorias contínuas.• Auxiliar os times de negócios na avaliação de produtos, impulsionando umatomada de decisão orientada a dados (data-driven).• Colaborar ativamente com engenheiros de dados e stakeholders de negócios,garantindo a qualidade e a governança dos dados.Requisitos Técnicos:• Sólida experiência em programação com Python, incluindo bibliotecas deanálise/manipulação de dados (Pandas, NumPy) e frameworks de MachineLearning (scikit-learn, TensorFlow/PyTorch).• Domínio de SQL para extração e transformação de dados em bancosrelacionais e analíticos.• Conhecimento avançado em Estatística e Modelagem Matemática(inferência estatística, testes de hipóteses para validação de testes A/B,regressões e distribuições de probabilidade).• Experiência prática com ecossistema de Cloud (preferencialmente GCP, ouAWS/Azure).• Experiência na construção de dashboards interativos e storytelling comdados utilizando ferramentas como Tableau, Looker Studio ou Power BI.• Conhecimento em versionamento de código (Git/GitHub).Diferenciais:• Conhecimento em pipelines de MLOps e ferramentas de orquestração (ex:Airflow, Kubeflow).• Familiaridade com ferramentas de analytics de produto (Firebase, AppsFlyer,Google Analytics 4).• Conhecimento em metodologias ágeis (Scrum/Kanban).Oferecemos um pacote de benefícios completo para cuidar de você:🩺 Assistência Médica oferecida conforme a sua elegibilidade🍽️ Vale Refeição e 🛒 Vale Alimentação para suas refeições diárias💪 TotalPass para cuidar do seu bem-estar físico🚌 Vale Transporte para facilitar seu deslocamento👶 Auxílio Creche, conforme CLT, para apoio na educação infantil💳 Cartão Dr. Consulta com vantagens exclusivas em saúdeShow moreShow less",N/A,On-site/Hybrid,https://www.linkedin.com/jobs-guest/jobs/api/jobPosting/4445528637,2026-08-03
Cientista de Dados - Seg. da Informação,Einstein Hospital Israelita,"São Paulo, São Paulo, Brazil",1 week ago,"Sobre nósCom mais de 70 anos de existência, o Einstein Hospital Israelita ainda mantém uma premissa: inovar e crescer, sempre com excelência. Ajudamos a salvar vidas, difundir o conhecimento em educação, prevenção e inovação em saúde. Além da atuação em setores assistenciais, temos oportunidades na área de Inovação, Tecnologia, Pesquisa, Ensino, entre outras. Seguimos oferecendo qualidade, afirmando nosso compromisso com a Responsabilidade Social e com o propósito de levar uma gota de Einstein para cada cidadão. Valorizamos a diversidade e inclusão de todos os talentos e buscamos profissionais que compartilhem deste mesmo propósito!Informações sobre a oportunidadeLocal de trabalho: Faria Lima - SPHorário: 08h às 18hÁrea de trabalho: Canais Digitais e Seg. da InformaçãoModelo: Híbrido - 2x presencialSumárioBuscamos Cientista de Dados para atuar em um time de pesquisa e sustentação de Segurança da Informação e Segurança de IAs. A pessoa aplicará matemática, estatística, machine learning e mineração de dados para identificar padrões, avaliar riscos, apoiar decisões estratégicas e desenvolver soluções analíticas para problemas específicos de segurança — do monitoramento de ameaças à avaliação de vulnerabilidades em modelos de IA. Perfil investigativo, com forte capacidade de tradução entre dados e negócio e comunicação eficaz para públicos técnicos e executivosResponsabilidadesModelar e analisar fluxos complexos de segurança: logs, ameaças, resposta a incidentes e datasets para segurança ofensiva.Avaliar qualidade de dados e riscos de IA generativa (alucinações, prompt injection, manipulação de contexto, uso inadequado de ferramentas).Extrair, tratar e organizar grandes volumes de dados estruturados, semi-estruturados e não estruturados de múltiplas fontes.Desenvolver modelos preditivos e prescritivos aplicados a segurança e a decisões institucionais.Projetar experimentos estatísticos e algoritmos de análise para identificar padrões, tendências e oportunidades.Comunicar previsões e resultados por meio de visualizações e storytelling para públicos técnicos e executivos.Recomendar mudanças em procedimentos e estratégias com base em evidências analíticas.RequisitosGraduação completa em Estatística, Matemática, Computação, Dados ou áreas correlatas.Inglês avançado.Conhecimento em IA generativa: transformers, diffusion, foundational agents e feedback loops.Experiência com técnicas de ataque a IAs.Deep learning e reinforcement learning (CNN, RNN, GAN, Q-learning, TD-learning, algoritmos genéticos).Otimização (Gurobi) e experiment design (A/B, bootstrapping, estatística bayesiana, SMART).Bancos NoSQL (Cassandra, MongoDB) e ecossistema Hadoop (Spark, Kafka, Hive, HDFS).Controle de versão (Git), debugging, testing e model deploy.Conhecimentos TécnicosSegurança de IA: Databricks AI Security Framework (DAIF), OWASP Top 10 LLM/Agentic, guardrails e data poisoning.Segurança geral: ISO 27001, NIST CSF, OWASP Top 10, security by design, threat modeling, S-SDLC e DevSecOps.Matemática e estatística: cálculo multivariável, álgebra linear, estatística descritiva/inferencial, probabilidade e testes de hipótese.Programação em Python, R, SQL e bibliotecas para Data Science (TensorFlow, Keras, NumPy, Pandas, Tidyverse).Machine Learning supervisionado e não supervisionado (decision trees, random forest, SVM, redes neurais, clustering, PCA, SVD).Data wrangling, queries em bancos relacionais e visualização (Matplotlib, Seaborn, ggplot, Shiny).Comunicação, visualização e storytelling com dados para diferentes públicos.Etapas do Processo seletivoAnálise curricularEntrevista com RH e áreaEntrevista técnica se necessárioEntrevista com GestorEinstein Benefícios – Compartilhando Bem-EstarCuidados com a saúde:Programa Cuidar com serviços realizados no Einstein para promover a saúde e bem-estar dos colaboradores e dependentes, Clínicas Einstein, Telemedicina, Convênio Farmácia, Convênio Médico, Assistência Odontológica e Consultório Dental in Company.Bem-Estar:Wellhub (Gympass), TotalPass, Coral, Programa de Orientação Pessoal e SESC.Para você e sua família:Licença paternidade estendida, Seguro de Vida, Creche ou Auxílio Creche para mães ou pais com guarda legal, Auxílio para Filhos com Deficiência e Previdência Privada com taxa zero.Alimentação:Vale Alimentação, Vale Refeição ou Refeitório no local de trabalho.Mobilidade:Vale Transporte, Fretado, Estacionamento, Aplicativo de Caronas e Circular Metrô.Clube de Benefícios:Para economizar e obter vantagens nas compras de produtos e serviços de diversas categorias, como Beleza e Fitness, Comer e Beber, Compras, Cultura e Lazer, Educação Ensino Einstein, Turismo e muito mais.Programa Mais Conectados:Trabalho remoto nas modalidades Teletrabalho ou Híbrido conforme atividade e área de atuação.**Os benefícios podem sofrer alteração de acordo com a convenção coletiva, unidade de trabalho e políticas vigentes.IMPORTANTE: Para sua segurança, esclarecemos que o Einstein não cobra valores para participação em processos seletivos e não exige a realização de cursos ou pagamentos de qualquer natureza como condição para candidatura às nossas oportunidades. Em caso de dúvidas, consulte nossos canais oficiais.Show moreShow less",N/A,On-site/Hybrid,https://www.linkedin.com/jobs-guest/jobs/api/jobPosting/4441543655,2026-08-03
Cientista de dados pleno,HUPDATA,"São Paulo, São Paulo, Brazil",10 months ago,"Nesta função, você trabalhará para grandes empresas, conduzindo análises aprofundadas de dados, para resolver problemas reais de clientes. Você trabalhará com equipes para coletar, agregar, combinar, consolidar e confirmar dados quanto à qualidade e precisão. Aplicar modelos de algoritmos estatísticos, como séries temporais, análise de sobrevivência, regressão, árvore de decisão, médias K e redes neurais, etc., para compreender e prever eventos de negócios. Desempenhar um papel fundamental nas equipes de Customer Analytics responsáveis pela implementação de uma estratégia de ponta baseada em dados para nossos clientes.Importante: morar em São Paulo ou arredores, com facilidade para ir para SP.Disponibilidade para viagens para ministrar treinamentos, workshops, realizar apresentações técnicas para clientes.Atividades:Coletar, limpar e pré-processar dados de diversas fontes, garantindo a qualidade para a análise.Desenvolver e implementar modelos de Machine Learning para resolver problemas de negócio.Realizar análises estatísticas para identificar padrões, tendências e insights valiosos.Criar dashboards e visualizações claras e eficientes para comunicar os resultados a times não técnicos.Ministrar treinamentos e workshopsRealizar apresentações.Elaborar propostas de solução.Requisitos Técnicos (Hard Skills)Formação: Graduação em Estatística, Matemática ou Ciência da Computação.Programação: Proficiência em Python ou R, com experiência em bibliotecas como Pandas, NumPy, Scikit-learn.Bancos de Dados: Experiência com SQL e conhecimento de bancos de dados relacionais e/ou não-relacionais.Modelos de Machine Learning: Experiência prática com:Modelos de classificação e regressão (ex: Árvores de Decisão, Random Forest, Regressão Logística).Modelos de aprendizado não supervisionado (ex: K-Means, DBSCAN) para segmentação.Conhecimento de modelos de séries temporais (ex: ARIMA, Prophet) para previsão de demanda.LLM: familiaridade com Large Language Models (LLMs) (ex: GPT, BERT) e técnicas de prompt engineering.Visualização de Dados: Experiência com ferramentas como Tableau e/ou Power BI.Conhecimento de plataformas de nuvem: AWS, Google Cloud e/ou Azure.Diferencial:conhecimento em KNIME.Habilidades Comportamentais (Soft Skills)Proatividade e Resolução de Problemas: Foco em encontrar soluções eficientes e propor novas abordagens para os desafios.Comunicação Efetiva: Capacidade de traduzir resultados técnicos em insights claros e acionáveis para públicos não técnicos.Colaboração e Trabalho em Equipe: Disposição para trabalhar de forma integrada com engenheiros de dados, desenvolvedores e gerentes de projeto.Pensamento Crítico e Foco em Resolução de Problemas: Curiosidade para entender a raiz dos problemas de negócio e a capacidade de pensar em soluções criativas e pragmáticas.Orientação a Resultados e Responsabilidade: Comprometimento com a entrega de soluções no prazo, com foco em agregar valor real ao negócio.Adaptação e Aprendizado Contínuo: Capacidade de se manter atualizado com novas tecnologias e metodologias em um ambiente de rápida evolução.Show moreShow less",N/A,On-site/Hybrid,https://www.linkedin.com/jobs-guest/jobs/api/jobPosting/4305935073,2026-08-03
Grupo QuintoAndar | Staff Data Scientist (Women Applicants Only),QuintoAndar,"São Paulo, São Paulo, Brazil",6 days ago,"About Grupo QuintoAndarWe are Grupo QuintoAndar, the largest real estate ecosystem in Latin America. Guided by a shared purpose of helping people love where they live, we have a diversified portfolio of brands and solutions across different countries in Latin America, covering all phases of the housing journey. We also have a Technology Hub in Portugal. We develop technology and innovation to transform and enhance the overall living experience.With the support of a world-class team of investors and advisors, including Kaszek, Qualcomm, General Atlantic, and SoftBank, Grupo QuintoAndar is currently valued at over USD 5.1 billion and continues to grow year over year.Here, you will work with top professionals in the market, in an environment that breathes innovation, collaboration, and high performance. To learn more about our story, visit: https://grupoquintoandar.com/pt/.Why is this a diversity-focused position for women?At QuintoAndar Group, we are committed to promoting gender diversity across our teams. We want to see more women in strategic positions within our technical teams, and we believe we can achieve this through intentional opportunities and actions. This is part of a larger plan to strengthen an equitable culture across multiple aspects. It is worth noting that for this vacancy, our selection process has not undergone any changes in terms of stages or evaluation methods.Location & Remote WorkOur technology team operates under a ""remote-first"" model, which means we work from home and can live anywhere in Brazil. We also offer the option of working from our São Paulo offices or partner coworking spaces, up to twice a week.Hiring Process StagesThe stages of our hiring processes aim to assess your experiences and allow you to meet our teams and explore career opportunities. They are structured as follows:ApplicationInterview with RecruiterTech ScreeningTechnical Interviews with Data TeamOfferAbout the AreaIn our Data Science team, you'll have the chance to work as a part of our product squads delivering features that enrich our product and a first class experience that we are known for. You'll work alongside brilliant minds, with different skills: Product Managers, Designers, UX Writers, Data Scientists, Machine Learning Engineers, Software Engineers, etc. Be prepared for the job of your life - hard challenges, high expectations, intelligent life at work, meaningful conversations, outstanding productivity. Some of the specific problems we work in the Data Science team include search and recommendation systems; customer experience enhancement using ML such as in automatic routing of tickets; pricing, liquidity and credit models; building a platform that enables us to develop and deploy all those solutions.ResponsibilitiesArchitect, develop and deploy machine learning systems to production. The main use cases are related to chatbots and search.Design and execute experiments.Analyze a wide variety of data (structured and unstructured, observational and experimental) to improve current models or create new onesApply the scientific method to develop LLM-powered applications, including testing different prompts, exploring and understanding LLM capabilities, evaluating agents and prompts, assessing AI application guardrails, and building PoCs to validate the feasibility of generative AI for product features.Participate actively in discussions and decisions regarding the whole Data Science chapter (Guilds, Design Reviews, Demos, etc.)What we are looking for:People that are seeking to learn and deliver real impact through Data ScienceExpert knowledge of machine learning concepts: regression and classification, clustering, neural networks, feature selection, cross-validation, curse of dimensionality, bias-variance tradeoff, model explainability, etc.;Good understanding of the engineering challenges to deploy machine learning systems to production;Proficiency in Python;Some knowledge or experience with Deep LearningExperience with technical advice for other data scientists (technical leadership);Excellent written and verbal technical communication skills. We're looking for someone who loves Data Science & Machine Learning and is willing to share his/her knowledge with the other members of the Data Science Chapter;Good English skills (verbal and written) is mandatory.You'll stand out if you:Have a MSc. (or Undergrad + intense experience) in machine learning, data science, information retrieval, ranking systems, recommender systems, natural language processing or other relevant fields.Have experience with applied generative AI: AI agents, prompt engineering, LLMs finetuning (lora, qlora, peft), LLM routing, LLM monitoring, LLM guardrailsHave experience working at fast-growing startups.ImportantOur hiring process starts with the application! If you truly want to be part of our team, please complete this step of the process. We analyze all candidates individually and provide feedback to all applicants.All communication will be conducted via email, so please stay tuned for our messages and release the domain @quintoandar.com.br to ensure our emails are not sent to spam.BenefitsCompetitive salaryProfit sharingMeal allowanceHealth insuranceDental planLife insuranceChildcare subsidy and Atypical Parenthood subsidyWellhubHome office allowanceEmployee assistance program (mental health, social, legal, and financial support)Extended parental leaveDay off on birthday, Mother's Day, and Father's DayBenefits Club (discounts on everyday services)Discounts at educational institutionsReading kit for children – PlayKidsDiversity & Inclusion at Grupo QuintoAndarWe value diversity and want everyone to feel welcome here, regardless of their age, gender identity, sexual orientation, race, color, ethnicity, origin, disability, religion, or any other characteristic. All our job openings are open to all individuals! You'll notice there are some diversity questions in the application form. For affirmative action roles, this information may be used to verify your alignment with the target audience for the opportunity. In such cases, it may be used for elimination purposes. For non-affirmative action roles, this data will be used anonymously, exclusively to monitor and improve our inclusion practices in the hiring process, and will have no impact on your application.Privacy and Data ProtectionThe Grupo QuintoAndar operates in compliance with privacy and data protection laws, including, but not limited to, the Brazilian General Personal Data Protection Law (LGPD) (Law No. 13,709/2018), and ensures the security of your data. To learn more, please access our Privacy Notice for Candidates. For questions or to exercise your rights as a data subject, please contact us through our Service Channel.Show moreShow less",N/A,Remote,https://www.linkedin.com/jobs-guest/jobs/api/jobPosting/4437703293,2026-08-03
Cientista de Dados CRM | CLT - Híbrido,Newbacon,"São Paulo, São Paulo, Brazil",6 days ago,"Na Newbacon, dados bem utilizados criam oportunidades, otimizam decisões e aceleram resultados. Buscamos um(a)Cientista de Dadoscom olhar analítico, espírito investigativo e vontade de transformar dados em soluções reais que geram impacto mensurável no nosso negócio e nos dos nossos clientes.Você fará parte de um time multidisciplinar, atuando lado a lado com BI, Dados, Planejamento e Operações. Sua missão: desenvolver e implementar soluções de IA, modelos preditivos, inferências estatísticas e experimentações robustas que impulsionam produtos, processos e decisões, do desenho da hipótese à entrega em produção.Dados orientam. Modelos preveem. Decisões aceleram.Modelo de Contratação:CLTRegime de Trabalho:HÍBRIDO | 3 dias presenciais (Zona Sul de São Paulo)﻿Principais Atividades:Analisar grandes volumes de dados para identificar padrões, tendências e oportunidades;Criar e escalar modelos de machine learning e inferência causal, do conceito à aplicação prática;Desenvolver e implementar soluções avançadas de Inteligência Artificial;Colaborar com os times de engenharia de dados, BI, web e planejamento para garantir a correta aplicação dos modelos;Construir pipelines automatizados e escaláveis para análise, reporting e machine learning;Participar de todo o ciclo de vida dos modelos, desde pesquisa até o deployment em produção;Aplicar boas práticas de versionamento, testes e MLOps;Testar e ajustar modelos, com foco na melhoria contínua de performance;Traduzir insights técnicos para stakeholders não técnicos, com clareza e objetividade;Contribuir com o fortalecimento da cultura data-driven na organização.Requisitos:Graduação em Ciência de Dados, Estatística, Matemática, Computação ou áreas afins;Sólido conhecimento em estatística, modelagem preditiva e machine learning;Experiência com Python, Scikit-learn, TensorFlow ou PyTorch;Proficiência em SQL e manipulação de grandes volumes de dados;Conhecimento de visualização com Power BI ou Tableau;Habilidade com algoritmos supervisionados, não supervisionados e deep learning.Habilidades:MS SQLDatabricksFerramentas de orquestração (Airflow)PythonEstatísticaLinuxDockerShow moreShow less",N/A,On-site/Hybrid,https://www.linkedin.com/jobs-guest/jobs/api/jobPosting/4442874622,2026-08-03
Cientista de Dados Especialista I,Einstein Hospital Israelita,"São Paulo, São Paulo, Brazil",5 days ago,"Sobre nósCom mais de 70 anos de existência, o Einstein Hospital Israelita ainda mantém uma premissa: inovar e crescer, sempre com excelência. Ajudamos a salvar vidas, difundir o conhecimento em educação, prevenção e inovação em saúde. Além da atuação em setores assistenciais, temos oportunidades na área de Inovação, Tecnologia, Pesquisa, Ensino, entre outras. Seguimos oferecendo qualidade, afirmando nosso compromisso com a Responsabilidade Social e com o propósito de levar uma gota de Einstein para cada cidadão. Valorizamos a diversidade e inclusão de todos os talentos e buscamos profissionais que compartilhem deste mesmo propósito!Informações sobre a oportunidadeUnidade: MorumbiÁrea: Projetos de IAHorário: 09h às 19hModelo: HíbridoSumárioProfissional responsável por liderar o desenvolvimento de soluções avançadas de Ciência de Dados e Inteligência Artificial, atuando na transformação de dados estruturados e não estruturados em insights e produtos de alto valor para o negócio. É responsável por explorar, analisar e modelar dados, desenvolver algoritmos e soluções baseadas em Machine Learning, Deep Learning e IA Generativa, além de apoiar a tomada de decisão estratégica por meio de análises robustas e comunicação eficaz de resultados para diferentes públicos. Atua na concepção e evolução de produtos orientados por dados, conectando tendências tecnológicas às necessidades da organização, garantindo a aplicação de boas práticas de ética, segurança da informação e proteção de dados. Também contribui para a inovação e escalabilidade das soluções analíticas, utilizando tecnologias modernas de IA, cloud computing e engenharia de dados para gerar impacto sustentável e vantagem competitiva para a instituição.ResponsabilidadesResponsável pela concepção, o desenvolvimento e a evolução de soluções de Ciência de Dados e Inteligência Artificial, conectando necessidades estratégicas do negócio a abordagens analíticas, estatísticas e tecnológicas adequadas, com foco em geração de valor, escalabilidade, qualidade técnica e aderência às diretrizes institucionais.Responder pela exploração, preparação, modelagem e interpretação de dados estruturados, semiestruturados e não estruturados, garantindo consistência metodológica, qualidade analítica e aplicação adequada de técnicas de Machine Learning, Deep Learning, IA Generativa e demais abordagens avançadas de Ciência de Dados.Traduzir análises complexas, resultados de modelos e recomendações técnicas em narrativas claras, acionáveis e adequadas a diferentes públicos, apoiando a tomada de decisão de áreas de negócio, lideranças e stakeholders técnicos e não técnicos.Avaliar tendências, ferramentas e arquiteturas emergentes em dados e Inteligência Artificial, propondo sua adoção quando aplicável para ampliar eficiência, qualidade, automação, inovação e impacto sustentável das soluções digitais da instituição.Tratar, transformar e organizar dados estruturados, semiestruturados ou não estruturados, utilizando conhecimentos em matemática, estatística, programação, machine learning e demais abordagens analíticas para identificar soluções para problemas de negócio e contribuir com a tomada de decisão estratégica da sociedade.Explorar e analisar dados para determinar tendências e ou oportunidades para gerar valor ao negócio.Desenvolver novos algoritmos e/ou adaptar algoritmos do estado da arte para resolver problemas e criar ferramentas e soluções.Conectar soluções internas para produtos de uso externo.Comunicar de maneira clara previsões e resultados para as áreas demandantes, através de visualizações de dados eficazes e storytelling, adotando gráficos, tabelas, relatórios e, principalmente, narrativas para apresentar conclusões de um projeto de análise de dados para um público não técnico.Utilizar os dados de forma ética e de acordo com as políticas de segurança da informação da instituição e da lei geral de proteção de dados.Atuar como referência técnica de seu grupo de trabalho, direcionando e acompanhando as atividades.RequisitosGraduação completa em Engenharia, Ciência da Computação, estatística, matemática ou áreas correlatas;Experiência na área de ciência de dados;Experiência em projetos utilizando Machine Learning e Deep Learning;Experiência com projetos de IA Generativa;Experiência em tópicos de Engenharia de prompt, LLM Agents, RAG, LangChain e AWS Bedrock;Experiência com projetos de IA e protótipos orientados a produtos;Conhecimento de conceitos de gestão de projetos (metodologia ágil, scrum, PMBOK, entre outros);Nível de inglês avançado.Desejável:Conhecimento em MLOps;Mestrado/Doutorado em ciência de dados/IA;Conhecimento em Cloud (AWS e ou Databricks);Experiência em gestão de produtos digitais;Experiência com avaliação e adoção de novas ferramentas de ciência de dados.Etapas do Processo seletivoAnálise curricularEntrevista com RH e áreaEntrevista técnica se necessárioEntrevista com GestorEinstein Benefícios – Compartilhando Bem-EstarCuidados com a saúde:Programa Cuidar com serviços realizados no Einstein para promover a saúde e bem-estar dos colaboradores e dependentes, Clínicas Einstein, Telemedicina, Convênio Farmácia, Convênio Médico, Assistência Odontológica e Consultório Dental in Company.Bem-Estar:Wellhub (Gympass), TotalPass, Coral, Programa de Orientação Pessoal e SESC.Para você e sua família:Licença paternidade estendida, Seguro de Vida, Creche ou Auxílio Creche para mães ou pais com guarda legal, Auxílio para Filhos com Deficiência e Previdência Privada com taxa zero.Alimentação:Vale Alimentação, Vale Refeição ou Refeitório no local de trabalho.Mobilidade:Vale Transporte, Fretado, Estacionamento, Aplicativo de Caronas e Circular Metrô.Clube de Benefícios:Para economizar e obter vantagens nas compras de produtos e serviços de diversas categorias, como Beleza e Fitness, Comer e Beber, Compras, Cultura e Lazer, Educação Ensino Einstein, Turismo e muito mais.Programa Mais Conectados:Trabalho remoto nas modalidades Teletrabalho ou Híbrido conforme atividade e área de atuação.**Os benefícios podem sofrer alteração de acordo com a convenção coletiva, unidade de trabalho e políticas vigentes.IMPORTANTE: Para sua segurança, esclarecemos que o Einstein não cobra valores para participação em processos seletivos e não exige a realização de cursos ou pagamentos de qualquer natureza como condição para candidatura às nossas oportunidades. Em caso de dúvidas, consulte nossos canais oficiais.Show moreShow less",N/A,On-site/Hybrid,https://www.linkedin.com/jobs-guest/jobs/api/jobPosting/4444137145,2026-08-03
Data Scientist,DoorDash,"São Paulo, São Paulo, Brazil",1 week ago,"About The TeamThe Analytics team is looking for experienced Data Scientists to guide measurement, strategy, and tactical decision-making across the company across a variety of teams and levels. Data Scientists at DoorDash work to uncover insights and turn them into relevant recommendations, driving decisions for the entire organization. Analytics is integral to all operational areas at DoorDash.Please apply here for all non-managerial levels within the following analytics teams:Consumer & GrowthBusiness OperationsDasher & LogisticsCustomer Experience & IntegrityMerchant, Ads & SalesNew VerticalsInternational Data ScienceAbout The RoleAs a Data Scientist at DoorDash, you'll use your quantitative background to mentor other scientists and dive into large datasets to guide decision-making. We solve a multitude of exciting challenges including customer acquisition, fraud and support, marketing, balancing supply and demand, new city launches, marketplace efficiency, and more. If you enjoy finding patterns amidst chaos, and have experience using analytics to affect revenue, growth, operations or beyond, we're looking for someone like you!You're Excited About This Opportunity Because You Will…Use quantitative analysis and the presentation of data to see beyond the numbers and understand what drives our businessBuild full-cycle analytics experiments, reports, and dashboards using SQL, R, Python, or other scripting and statistical toolsWork with and mentor junior analysts on how to use more advanced methods and solve challengesProduce recommendations and use statistical techniques and hypothesis testing to validate your findingsProvide insights to help business and product leaders understand marketplace dynamics, user behaviors, and long-term trendsIdentify and measure levers to help move essential metrics and make recommendationsWork backwards from understanding and sizing problems to ideating solutionsReport against our goals by identifying essential metrics and building executive-facing dashboards to track progressCollaborate with engineering to implement, document, validate, and monitor our loggingWe're Excited About You Because You Have…A degree in Math, Physics, Statistics, Economics, Computer Science, or a similar domain2+ years of experience in data analytics, consulting, or related roleExperience working with funnel optimization, user segmentation, cohort analyses, time series analyses, regression models, etcExpertise of SQL queries, ETL, A/B Testing, and statistical analysis (e.g. hypothesis testing, experimentation, regressions) with statistical packages, such as Matlab, R, SAS or PythonProficiency in one or more analytics & visualization tools (e.g. Chartio, Looker, Tableau)The insight to take ambiguous problems and solve them in a structured, hypothesis-driven, data-supported wayAre able to work in our office in São Paulo, BrazilNotice to Applicants for Jobs Located in NYC or Remote Jobs Associated With Office in NYC OnlyWe use Covey as part of our hiring and/or promotional process for jobs in NYC and certain features may qualify it as an AEDT in NYC. As part of the hiring and/or promotion process, we provide Covey with job requirements and candidate submitted applications. We began using Covey Scout for Inbound from August 21, 2023, through December 21, 2023, and resumed using Covey Scout for Inbound again on June 29, 2024.The Covey tool has been reviewed by an independent auditor. Results of the audit may be viewed here: CoveyAbout DoorDashAt DoorDash, our mission to empower local economies shapes how our team members move quickly, learn, and reiterate in order to make impactful decisions that display empathy for our range of users—from Dashers to merchant partners to consumers. We are a technology and logistics company that started by enabling door-to-door delivery, and we are looking for team members who can help us go from a company that is known as the place you order food to a company that people turn to for any and all goods.DoorDash is growing rapidly and changing constantly, which gives our team members the opportunity to share their unique perspectives, solve new challenges, and own their careers. We're committed to supporting employees’ happiness, healthiness, and overall well-being by providing comprehensive benefits and perks.Our Commitment to Diversity and InclusionWe’re committed to growing and empowering a more inclusive community within our company, industry, and cities. That’s why we hire and cultivate diverse teams of people from all backgrounds, experiences, and perspectives. We believe that true innovation happens when everyone has room at the table and the tools, resources, and opportunity to excel.This position is open to candidates with disabilities. DoorDash welcomes applicants registered with the national autism registry (SisTEA) and others who seek an inclusive workplace.If you need any accommodations, please inform your recruiting contact upon initial connection.We use Covey as part of our hiring and/or promotional process for jobs in certain locations.The Covey tool has been reviewed by an independent auditor. Results of the audit may be viewed here:https://getcovey.com/nyc-local-law-144To request a reasonable accommodation under applicable law or alternate selection process, please inform your recruiting contact upon initial connection.Show moreShow less",N/A,Remote,https://www.linkedin.com/jobs-guest/jobs/api/jobPosting/4354742212,2026-08-03
Data Scientist III - Cobrança,Banco Bradesco,"Osasco, São Paulo, Brazil",1 week ago,"Sobre o BradescoA gente acredita no poder da confiança. Confiança que aproxima, orienta e transforma a vida das pessoas no dia a dia. Entrar no Bradesco é fazer parte de um momento real de transformação. Um ambiente que combina a solidez de uma história construída ao longo de décadas com a evolução constante de quem está sempre olhando para frente. Aqui, você encontra espaço para aprender, crescer e assumir protagonismo na sua trajetória, com apoio, estrutura e oportunidades que acompanham o seu desenvolvimento. Mais do que trabalhar em uma grande instituição, é sobre fazer parte de um time que impacta milhões de pessoas, contribui para o desenvolvimento do país e constrói, todos os dias, um futuro mais acessível e sustentável para a sociedade.Sobre a áreaCobrança e Recuperação de Créditos (DRC): Temos como missão garantir a aplicação da Política de Cobrança e Recuperação de Créditos, estabelecendo um processo estruturado para cobrança dos vencidos, gestão de alçadas, regras e limites de descontos nas regularizações de dívidas, atribuição de responsabilidade e de delegação de autoridade, segregando funções e assegurando a existência de controles efetivos que permitam o cumprimento das diretrizes da Organização.Como será seu dia a dia?Como Data Scientist III - Cobrança, você atuará na área de Estratégia do Massificado Digital e suas principais atividades serão:Criar segmentações comportamentais e estratégicas para definição de políticas e tratamentos diferenciados;Conduzir análises exploratórias avançadas para identificação de oportunidades de negócio;Avaliar impacto de estratégias através de testes estatísticos e grupos de controle;Desenvolver frameworks de monitoramento e acompanhamento de performance dos modelos;Trabalhar na evolução dos motores de decisão e regras automatizadas de cobrança;Identificar oportunidades de aplicação de IA e automação inteligente em jornadas de cobrança, atendimento e análise de portfólio;Elaborar recomendações executivas baseadas em evidências quantitativas.Modelo de trabalhoHíbrido - 2x PresencialUnidade: Osasco/SPPerfil que buscamosValorizamos quem entende o cliente em profundidade, trabalha em parceria e transforma conhecimento em entregas com impacto. Profissionais com senso de dono, consistência na execução e foco em resultado, que evoluem continuamente, compartilham aprendizados e usam tecnologia para transformar desafios em soluções relevantes para o negócio.RequisitosFormação superior em Estatística, Matemática, Ciência de Dados, Engenharia, Economia, Física, Computação ou áreas correlatas;Experiência comprovada em Ciência de Dados aplicada a problemas de negócio;Conhecimento em SQL, python avançado e Databricks;Experiência em manipulação de grandes volumes de dados.Experiência em desenvolvimento, validação e monitoramento de modelos;Vivência em estratégia de cobrança e monitoramento de crédito.Será um diferencial se você tiver:Atuação em criação de Políticas de cobrança.O que você encontra aquiCuidar de vocêPlano de saúde e odontológicoSeguro de vidaViva Bem: programa de saúde, bem-estar e qualidade de vidaTotalPassCrescer com vocêUniversidade corporativa Bradesco (Unibrad)Parcerias educacionaisSegurança para o seu futuroParticipação nos lucros ou Bônus (conforme a elegibilidade de cargo)Previdência privadaCondições especiais em produtos e serviçosIsenção de Tarifas: condições especiais em diversos produtos e serviçosApoio à sua vida e à sua famíliaVale alimentação e refeição13ª cesta alimentaçãoAuxílio creche ou babáLicença Maternidade de 180 dias, acompanhamento assistencial da gestação até o pós-partoLicença Paternidade estendida de 20 diasVale transporte opcionalTudo pensado para apoiar sua jornada de crescimento com equilíbrio, segurança e oportunidade.DiversidadeNo Bradesco, diversidade é valor e estratégia. Trabalhamos para construir um ambiente inclusivo e um quadro de colaboradores que reflita a diversidade da sociedade brasileira. Por isso, valorizamos pessoas com diferentes histórias e características, como gênero, raça, orientação sexual, deficiência, idade e outras dimensões da diversidade.Se você acredita na confiança como base para transformar, gosta de desafios e quer crescer em um ambiente que evolui junto com você, seu lugar pode ser aqui. Vem ser Bradesco!Show moreShow less",N/A,On-site/Hybrid,https://www.linkedin.com/jobs-guest/jobs/api/jobPosting/4443953451,2026-08-03
Cientista de Dados,Zeentech,"São Bernardo do Campo, São Paulo, Brazil",1 month ago,"O que esperamos de vocêExperiência em análise de dados operacionais, logísticos e industriais.Conhecimento em definição de indicadores, análise de cenários e critérios de recomendação.Vivência com técnicas de Ciência de Dados, Machine Learning e Inteligência Artificial.Experiência no desenvolvimento de algoritmos de otimização, heurísticas e modelos de priorização.Conhecimento em construção de dashboards, relatórios analíticos e apoio à tomada de decisão.Capacidade de trabalhar com modelos explicáveis e traduzir análises complexas em recomendações práticas.Habilidade para atuar de forma colaborativa com equipes multidisciplinares, especialmente Logística, Simulação e Engenharia de Dados.O seu papel no projetoTransformar dados operacionais, logísticos e industriais em análises, modelos e recomendações para apoiar decisões em ambientes produtivos.Definir indicadores, analisar cenários e estabelecer critérios de recomendação e heurísticas para otimização de processos.Analisar dados de consumo, frequência, posições, ocupação, movimentação, sequenciamento e abastecimento.Criar análises comparativas entre cenários de alocação.Identificar padrões de consumo, gargalos, conflitos, desvios e oportunidades de melhoria.Definir indicadores operacionais e analíticos para apoiar decisões logísticas.Apoiar a construção de regras, pesos e critérios de recomendação de alocações.Desenvolver ou apoiar algoritmos de otimização, heurísticas e modelos de priorização.Aplicar técnicas de Ciência de Dados, Machine Learning ou Inteligência Artificial quando fizer sentido para o problema.Trabalhar com modelos explicáveis, apresentando o racional por trás das recomendações geradas.Apoiar a criação de dashboards analíticos, relatórios de impacto e saídas voltadas à tomada de decisão.Show moreShow less",N/A,On-site/Hybrid,https://www.linkedin.com/jobs-guest/jobs/api/jobPosting/4430907747,2026-08-03
Cientista de Dados Sênior,Itaú Unibanco,"São Paulo, São Paulo, Brazil",3 weeks ago,"O Itaú é a marca mais valiosa do Brasil, a melhor empresa para trabalhar segundo o Great Place to Work e o maior banco da América Latina. Nós impactamos diariamente mais de 98 milhões de clientes em 18 países.Somos feitos de pessoas e acreditamos que ter um time com pluralidade de origens, culturas, crenças, experiências, raças, deficiências, gêneros, orientações afetivo-sexuais e gerações ampliam as perspectivas e contribuem para um clima de respeito e valorização das diferenças.Venha liderar uma das frentes mais estratégicas do BUPJ 2030: o crédito PJ para prospecção e clientes novos.Aqui, ciência de dados não roda em paralelo ao negócio, ela ajuda a redefinir o jogo. Você vai atuar no centro da transformação do crédito PJ para prospecção e clientes novos, combinando modelagem, IA, dados e estratégia para reinventar como o banco identifica potencial, define limite, toma decisão e constri jornadas mais simples, inteligentes e escaláveis.Buscamos alguém que queira trabalhar em problemas grandes, complexos e relevantes: desde evolução de modelos e políticas até motores de decisão, uso de dados transacionais e não estruturados, experimentação em escala e novas abordagens de crédito como Low & Grow, atuando na fronteira do conhecimento da ciência de dados. .Se você quer trabalhar em problemas grandes, complexos e relevantes, além de ver sua ciência virar estratégia, produto e resultado, essa vaga é para você.Estamos buscando uma pessoa para a posição deCientista de Dados Sênior, que queira se desenvolver e aprender, compartilhar, colaborar e inovar, entregando valor para todos os nossos clientes.Nessa função você vai:Reinventar a modelagem de crédito para prospecção e clientes novos.Explorar IA, modelos fundacionais e sinais fora do óbvio.Testar técnicas que ainda não viraram padrão no mercado.Transformar fronteira técnica em vantagem real de negócio.Construir o próximo salto do crédito PJ com ciência de pontaNo que você precisa mandar bem?Conhecimentos sólidos de PythonDomínio de SQLDomínio de serviços da AWS (Glue, Athena, Sagemaker)Domínio de conceitos de Ciência de Dados tradicional (regressão, boost, estatísticas)Conhecimentos de inferência causalDesejávelconhecimento em IA Generativa (NLP, LLM, RAGs)Conhecimentos de rede neural/arquitetura Transformer é um diferencialConhecimentos de jornadas de análise de crédito é umdiferencialAo se tornar um ituber você tem_Vale-TransporteVale-Refeição (Restaurantes) / Vale-Alimentação (Supermercados)Plano médico (Fundação Saúde ItaúouCentral Nacional Unimed)Plano odontológico (OdontoprevouInterodonto)Seguro de VidaPLR – Participação nos Lucros e Resultados (Mediante resultados do banco)Previdência privadaDescontos exclusivos em nossos produtos financeirosLicença maternidade e paternidade estendidaAuxílio Creche / Babá (para papais e mamães)Incentivo a estudosWellhub ou TotalPassAcesso aos Clubes de Lazer Itaú (Guarapiranga / Itanhaém e São Sebastião)+ Algumas vantagens que você pode conhecer durante o processo 😊Conheça mais sobre nossa cultura: https://www.itau.com.br/relacoes-com-investidores/noticias/cultura-itubers-e-nosso-novo-conjunto-de-valores/*Estimulamos candidaturas de pessoas com deficiência em todas as nossas posições, sendo assim, sinta-se à vontade para se candidatar em vagas sinalizadas como exclusivas ou não para pessoas com deficiência. Somos comprometidos com a inclusão e valorizamos a diversidade.#VemProItaú #VemSerItuberShow moreShow less",N/A,On-site/Hybrid,https://www.linkedin.com/jobs-guest/jobs/api/jobPosting/4434564725,2026-08-03
Cientista de dados III - Home,Serasa Experian,"São Paulo, São Paulo, Brazil",1 week ago,"Company DescriptionA Experian é uma empresa global de dados e tecnologia que impulsiona oportunidades para pessoas e empresas ao redor do mundo. Atuamos em diversos mercados, como serviços financeiros, saúde, automotivo, agronegócio, seguros, entre outros. A Experian investe em pessoas e em novas tecnologias avançadas para liberar o poder dos dados. Contamos com uma equipe incrível de 25.200 colaboradores em 32 países.Nossa singularidade é valorizar a sua. A cultura da Experian, centrada nas pessoas, inclusiva e orientada por propósito, é reconhecida por diversos prêmios — incluindo World’s Best Workplaces™ 2025 (Top 25 global da Fortune) e Great Place To Work™ em 26 países, entre outros. Confira o Experian Life nas redes sociais ou explore nosso site de carreiras para entender o porquê. A Experian também se orgulha de ser uma empregadora que promove igualdade de oportunidades e ação afirmativa.Job DescriptionDescrição do trabalhoEstamos Com Uma Oportunidade Em Analytics No Time De Data Intelligence, Sendo Esta Área Responsável Pela Análise e Estruturação De Dados e Desenvolvimento De Novas Features. Se Você Gosta De Estudar e Está Sempre Disposto a Buscar Novos Conhecimentos Aqui Pode Ser Seu Lugar. Trabalhamos Com Diferentes Tipos De Informação e Estamos Sempre Em Busca De Novas Fontes De Dados. Por Se Tratar De Uma Área Focada Em Desenvolvimento, é Extremamente Importante Que Você Seja Capaz De Inovar e Propor Novas Soluções. Para Isto, Ter Conhecimento Na Área Crédito, Cobrança Ou Seguros é Um Grande Diferencial. Dentre Suas Principais Atividades Do Dia a Dia, Podemos DestacarEstudo de novas fontes de dados;Estruturação de bases;Construção de variáveis baseadas em Feature Learning;Avaliação de performance e aderência de features em modelos de score;Criação de novas soluções para todos os segmentos de mercado a partir de técnicas estatísticas;Buscamos um profissional que possua conhecimento em manipulação de dados, modelagem estatística e Big Data. É necessário possuir ensino superior completo na área de exatas e ter conhecimento de programação em Python.Como perfil pessoal é importante que seja analítico, tenha capacidade para adaptar-se, seja proativo, tenha iniciativa e adore novos desafios.QualificationsQualificaçõesPythonPysparkSQLFeature LearningManipulação de DadosMachine LearningAdditional InformationA Serasa Experian é muito mais do que você imagina. Com o propósito de criar um futuro melhor, ampliando oportunidades para pessoas e empresas, no Brasil somos mais de 4 mil pessoas que atuam em diversos times e especialidades. Aqui, cada conhecimento e diversidade se complementa e você pode trabalhar no que mais ama, estamos comprometidos a construir uma cultura inclusiva e um ambiente no qual pessoas possam equilibrar a carreira com seus compromissos e interesses pessoais, prezando pelo bem-estar.A gente se dedica muito em ser uma das melhores e mais inovadoras empresas para se trabalhar do país, possibilitando experiências e carreiras incríveis para nossas pessoas. Nossa forte abordagem de pessoas em primeiro lugar é reconhecida externamente por meio de diversas certificações de mercado: fomos premiados pelo Great Place To Work™ em 24 países e pela certificação internacional Top Employers, além de sermos reconhecidos como uma das melhores empresas para jovens profissionais e contarmos com uma avaliação de 4,6 no Glassdoor. Cada reconhecimento nos indica que estamos no caminho certo, proporcionando um ambiente de trabalho cada vez melhor para nossos talentos.Experian Careers - Creating a better tomorrow togetherFind out what its like to work for Experian by clicking hereShow moreShow less",N/A,On-site/Hybrid,https://www.linkedin.com/jobs-guest/jobs/api/jobPosting/4443074662,2026-08-03
Banco de Talentos - Dados,Gerdau,"São Paulo, São Paulo, Brazil",1 week ago,"Com 124 anos de história, a Gerdau é a maior empresa brasileira produtora de aço e uma das principais fornecedoras de aços longos nas Américas e de aços especiais no mundo. No Brasil, também produz aços planos, além de minério de ferro para consumo próprio. Além disso, possui uma divisão de novos negócios, a Gerdau Next, com o objetivo de empreender em segmentos adjacentes ao aço. Com o propósito de empoderar pessoas que constroem o futuro, a companhia está presente em vários países e conta com mais de 30 mil colaboradores em todas as suas operações.Maior recicladora da América Latina, a Gerdau tem na sucata uma importante matéria-prima: mais de 70% do aço que produz é feito a partir desse material. Todo ano, 11 milhões de toneladas de sucata são transformadas em diversos produtos de aço. A companhia também é a maior produtora de carvão vegetal do mundo, com mais de 250 mil hectares de base florestal no estado de Minas Gerais.Como resultado de sua matriz produtiva sustentável, a Gerdau possui, atualmente, uma das menores médias de emissão de gases de efeito estufa (CO₂e), de 0,91 t de CO₂e por tonelada de aço, o que representa aproximadamente a metade da média global do setor, de 1,91 t de CO₂e por tonelada de aço (worldsteel). Para 2031, a meta da Gerdau é diminuir as emissões de carbono para 0,82 t de CO₂e por tonelada de aço. As ações da Gerdau estão listadas nas bolsas de valores de São Paulo (B3) e Nova Iorque (NYSE).🚀Banco de Talentos Gerdau — Data, Analytics & IANa Gerdau, acreditamos no poder dos dados para transformar a indústria. Estamos em busca de profissionais apaixonados por tecnologia, inovação e inteligência artificial para liderar soluções estratégicas e escaláveis.Se você é especialista emData Science, Engenharia de Dados, Machine Learning ou IA, queremos conhecer você.🧠ResponsabilidadesLiderar projetos de ciência de dados e analyticsImplantar modelos de ML e IA com MLOPSAplicar técnicas de otimização e pesquisa operacionalAtuar com engenharia de dados e modelagem de datamartsColaborar com áreas de negócio e tecnologia📚RequisitosFormação em áreas de tecnologia ou exatasExperiência com modelos preditivos, clustering, recomendação e otimizaçãoDomínio de Python, SQL, bibliotecas de ML e ferramentas como Databricks e AWSVivência com pipelines, versionamento, notebooks colaborativos e ambientes em nuvemInglês avançado🌟DiferenciaisSpark, CI/CD, IA Generativa, RAG, agentes inteligentesPlataformas colaborativas e ambientes analíticos modernosFerramentas de extração e orquestração de dados👉 Se você quer fazer parte da transformação digital da Gerdau, inscreva-se no nosso banco de talentos e venha construir o futuro com dados e propósito.Temos como princípio a promoção de um ambiente diverso e inclusivo. Respeitamos e valorizamos a diversidade, por isso todas as pessoas qualificadas serão consideradas para as vagas sem distinção de deficiência, gênero, idade, identidade ou orientação sexual, nacionalidade, raça, religião, ou qualquer outra característica.Show moreShow less",N/A,On-site/Hybrid,https://www.linkedin.com/jobs-guest/jobs/api/jobPosting/4315768686,2026-08-03
Grupo QuintoAndar | Staff Data Scientist,QuintoAndar,"São Paulo, São Paulo, Brazil",1 week ago,"About Grupo QuintoAndarWe are Grupo QuintoAndar, the largest real estate ecosystem in Latin America. Guided by a shared purpose of helping people love where they live, we have a diversified portfolio of brands and solutions across different countries in Latin America, covering all phases of the housing journey. We also have a Technology Hub in Portugal. We develop technology and innovation to transform and enhance the overall living experience.With the support of a world-class team of investors and advisors, including Kaszek, Qualcomm, General Atlantic, and SoftBank, Grupo QuintoAndar is currently valued at over USD 5.1 billion and continues to grow year over year.Here, you will work with top professionals in the market, in an environment that breathes innovation, collaboration, and high performance. To learn more about our story, visit: https://grupoquintoandar.com/pt/.Location & Remote WorkOur technology team operates under a ""remote-first"" model, which means we work from home and can live anywhere in Brazil. We also offer the option of working from our São Paulo offices or partner coworking spaces, up to twice a week.Hiring Process StagesThe stages of our hiring processes aim to assess your experiences and allow you to meet our teams and explore career opportunities. They are structured as follows:ApplicationInterview with RecruiterTech ScreeningTechnical Interview with Data Products TeamOfferAbout the AreaIn our Data Science team, you'll have the chance to work as a part of our product squads delivering features that enrich our product and a first class experience that we are known for. You'll work alongside brilliant minds, with different skills: Product Managers, Designers, UX Writers, Data Scientists, Machine Learning Engineers, Software Engineers, etc. Be prepared for the job of your life - hard challenges, high expectations, intelligent life at work, meaningful conversations, outstanding productivity.Some of the specific problems we work in the Data Science team include search and recommendation systems; customer experience enhancement using ML such as in automatic routing of tickets; pricing, liquidity and credit models; building a platform that enables us to develop and deploy all those solutions.Note: This is a senior position. We expect you to have at least 3+ years of experience applying data science and creating machine learning models. If you have the skills, but are starting your journey in Data Science, please apply to the Data Scientist job instead.ResponsibilitiesArchitect, develop and deploy machine learning systems to production. The main use cases are related to chatbots and search.Design and execute experiments.Analyze a wide variety of data (structured and unstructured, observational and experimental) to improve current models or create new onesApply the scientific method to develop LLM-powered applications, including testing different prompts, exploring and understanding LLM capabilities, evaluating agents and prompts, assessing AI application guardrails, and building PoCs to validate the feasibility of generative AI for product features.Participate actively in discussions and decisions regarding the whole Data Science chapter (Guilds, Design Reviews, Demos, etc.)What we are looking for:People that are seeking to learn and deliver real impact through Data ScienceExpert knowledge of machine learning concepts: regression and classification, clustering, neural networks, feature selection, cross-validation, curse of dimensionality, bias-variance tradeoff, model explainability, etc.;Good understanding of the engineering challenges to deploy machine learning systems to production;Proficiency in Python;Some knowledge or experience with Deep LearningExperience with technical advice for other data scientists (technical leadership);Excellent written and verbal technical communication skills. We're looking for someone who loves Data Science & Machine Learning and is willing to share his/her knowledge with the other members of the Data Science Chapter;Good English skills (verbal and written) is mandatory.You'll stand out if you:Have a MSc. (or Undergrad + intense experience) in machine learning, data science, information retrieval, ranking systems, recommender systems, natural language processing or other relevant fields.Have experience with applied generative AI: AI agents, prompt engineering, LLMs finetuning (lora, qlora, peft), LLM routing, LLM monitoring, LLM guardrailsHave experience working at fast-growing startups.ImportantOur hiring process starts with the application! If you truly want to be part of our team, please complete this step of the process. We analyze all candidates individually and provide feedback to all applicants.All communication will be conducted via email, so please stay tuned for our messages and release the domain @quintoandar.com.br to ensure our emails are not sent to spam.BenefitsCompetitive salaryProfit sharingMeal allowanceHealth insuranceDental planLife insuranceChildcare subsidy and Atypical Parenthood subsidyWellhubHome office allowanceEmployee assistance program (mental health, social, legal, and financial support)Extended parental leaveDay off on birthday, Mother's Day, and Father's DayBenefits Club (discounts on everyday services)Discounts at educational institutionsReading kit for children – PlayKidsDiversity & Inclusion at Grupo QuintoAndarWe value diversity and want everyone to feel welcome here, regardless of their age, gender identity, sexual orientation, race, color, ethnicity, origin, disability, religion, or any other characteristic. All our job openings are open to all individuals!You'll notice there are some diversity questions in the application form. For affirmative action roles, this information may be used to verify your alignment with the target audience for the opportunity. In such cases, it may be used for elimination purposes. For non-affirmative action roles, this data will be used anonymously, exclusively to monitor and improve our inclusion practices in the hiring process, and will have no impact on your application.Privacy and Data ProtectionThe Grupo QuintoAndar operates in compliance with privacy and data protection laws, including, but not limited to, the Brazilian General Personal Data Protection Law (LGPD) (Law No. 13,709/2018), and ensures the security of your data. To learn more, please access our Privacy Notice for Candidates. For questions or to exercise your rights as a data subject, please contact us through our Service Channel.Show moreShow less",N/A,Remote,https://www.linkedin.com/jobs-guest/jobs/api/jobPosting/4344825669,2026-08-03
Data Scientist - Predictive Maintenance,TRACTIAN,"São Paulo, São Paulo, Brazil",5 days ago,"Data Science at TRACTIANThe Data Science team at TRACTIAN focuses on extracting valuable insights from vast amounts of industrial data. Using advanced statistical methods, algorithms, and data visualization techniques, this team transforms raw data into actionable intelligence that drives decision-making across engineering, product development, and operational strategies. The team constantly works on optimizing prediction models, identifying trends, and providing data-driven solutions that directly enhance the company’s operational efficiency and the quality of its products.What You'll DoAs a Data Scientist - Predictive Maintenance at TRACTIAN, you will work at the intersection of advanced data science and industrial operations. Your mission is to develop cutting-edge algorithms and predictive models to monitor and predict equipment failures before they occur, optimizing asset reliability and reducing downtime. You’ll face complex challenges involving large-scale time-series data, real-time data processing, and machine learning applications, while collaborating closely with engineers and laboratory teams to ensure our predictive maintenance solutions remain industry-leading.ResponsibilitiesDevelop predictive maintenance algorithms using machine learning techniques for time-series data.Analyze sensor data streams to identify patterns that predict equipment failure.Research and stay up to date with academic literature and state-of-the-art condition monitoring techniques, translating relevant advances into practical solutions.Collaborate with engineers to improve data pipelines and enhance model accuracy.Build scalable, real-time models for low-latency predictions.Create diagnostic tools that enable data-driven maintenance decisions.Work with the laboratory team to design experiments and develop failure datasets using real machinery to validate hypotheses, develop new models, and optimize existing ones.Continuously refine models based on real-world performance, experimental results, and feedback.RequirementsExpertise in machine learning, time-series analysis, and anomaly detection.Proficiency in Python and common data science and ML libraries (e.g., NumPy, pandas, scikit-learn, PyTorch).Solid understanding of signal processing concepts and hands-on experience with industrial sensor data (e.g., vibration, current, temperature, pressure).Ability to read, interpret, and apply insights from academic literature and state-of-the-art research in condition monitoring and fault diagnosis.Experience designing experiments to validate hypotheses and benchmark models.Strong problem-solving skills and ability to handle noisy, high-dimensional data.Advanced English.Bonus PointsFamiliarity with both academic research and real-world applications in condition monitoring, fault diagnosis, and prognostics (e.g., vibration-based methods, model-based vs. data-driven approaches).Experience translating academic methods into robust, production-ready algorithms.Prior experience working in industrial or manufacturing environments.Show moreShow less",N/A,On-site/Hybrid,https://www.linkedin.com/jobs-guest/jobs/api/jobPosting/4429559083,2026-08-03
Data Scientist – AI & Advanced Analytics,IQVIA,"São Paulo, São Paulo, Brazil",2 weeks ago,"AI & Advanced Analytics Consultant– Healthcare & Life SciencesOverviewWe are seeking a highly analytical and intellectually curious professional to join our AI and Advanced Analytics team. This role combines advanced analytics, data science, machine learning, and emerging AI technologies to solve complex healthcare and life sciences challenges.The successful candidate will develop analytics-driven solutions, methodologies, and AI-enabled capabilities that help clients improve decision-making, patient outcomes, commercial effectiveness, and operational performance. Working with large-scale healthcare and life sciences datasets, this individual will contribute to the design, development, and deployment of scalable analytical and AI solutions while collaborating with cross-functional teams across data science, engineering, product, consulting, and business functions.This role offers the opportunity to work across traditional analytics, machine learning, and modern AI technologies, including Generative AI and Agentic AI, while helping transform innovative concepts into production-ready solutions.Key ResponsibilitiesDesign and deliver analytical, machine learning, and AI-driven solutions to address healthcare, commercial, patient, and real-world evidence challenges.Transform business requirements into scalable analytical approaches, methodologies, and production-ready solutions.Develop and optimize predictive models, patient identification methodologies, segmentation frameworks, forecasting solutions, and targeting approaches.Build reusable frameworks, accelerators, and analytical assets that can be leveraged across projects and client engagements.Contribute to the design, development, and deployment of AI and machine learning applications, including Generative AI and agent-based solutions.Evaluate emerging technologies and conduct proof-of-concept initiatives to enhance existing offerings and create new capabilities.Partner with engineering, product, and business teams to operationalize and scale successful solutions.Communicate analytical findings and technical concepts effectively to both technical and non-technical audiences.Apply software engineering and data science best practices to support maintainable, scalable, and production-ready solutions.Contribute to innovation, continuous improvement, and advancement of AI and analytics capabilities within the organization.Required Skills & ExperienceAdvanced Analytics & Data ScienceStrong foundation in statistics, applied analytics, and machine learning.Experience developing analytical models and methodologies using real-world data.Knowledge of predictive modeling, segmentation, optimization, forecasting, and statistical analysis.Familiarity with supervised machine learning techniques such as regression models, tree-based algorithms, and ensemble methods.Ability to translate business questions into analytical solutions and actionable insights.Programming & Data EngineeringProficiency in Python and SQL.Experience with software development best practices, including version control and code management.Ability to build, maintain, and optimize data processing, ETL, and machine learning pipelines.Experience working with large-scale datasets and distributed computing environments is beneficial.AI & Emerging TechnologiesExperience Or Strong Interest InGenerative AILarge Language Models (LLMs)Prompt EngineeringRetrieval-Augmented Generation (RAG)Semantic SearchAgentic AI and workflow automationAI application development and deploymentModel evaluation, monitoring, and governanceData Platforms & TechnologiesExperience With One Or More OfDatabricksSnowflakeSparkCloud-based analytics and AI platformsModern AI and machine learning development toolsPreferred QualificationsExperience developing production-grade machine learning or AI solutions.Experience working with healthcare and life sciences data is highly desirableExperience building reusable analytical frameworks, tools, or data products.Familiarity with workflow orchestration, APIs, and solution operationalization.Experience converting clinical, epidemiological, commercial, or business rules into scalable analytical solutions.Knowledge of healthcare and life sciences industry trends, methodologies, and data assets.Exposure to therapeutic areas such as Oncology, Immunology, Cardiology, Neurology, Rare Diseases, or Specialty Care.Key Success CharacteristicsStrong analytical and problem-solving capabilities.Intellectual curiosity and passion for continuous learning.Innovative and pragmatic approach to challenges.Product and solution-oriented mindset.Ability to work effectively in cross-functional and global teams.Strong communication, storytelling, and stakeholder engagement skills.Ability to balance innovation, scalability, and business value.Commitment to quality, collaboration, and responsible AI practices.Passion for using data, analytics, machine learning, and AI to solve meaningful healthcare challenges.IQVIA is a leading global provider of clinical research services, commercial insights and healthcare intelligence to the life sciences and healthcare industries. We create intelligent connections to accelerate the development and commercialization of innovative medical treatments to help improve patient outcomes and population health worldwide. Learn more at https://jobs.iqvia.comIQVIA is committed to integrity in our hiring process and maintains a zero tolerance policy for candidate fraud. All information and credentials submitted in your application must be truthful and complete. Any false statements, misrepresentations, or material omissions during the recruitment process will result in immediate disqualification of your application, or termination of employment if discovered later, in accordance with applicable law. We appreciate your honesty and professionalism.Show moreShow less",N/A,On-site/Hybrid,https://www.linkedin.com/jobs-guest/jobs/api/jobPosting/4441362582,2026-08-03
Especialista em Ciências de Dados,GrupoSC Distribuidora de Medicamentos,"São Paulo, São Paulo, Brazil",5 days ago,"Descrição da vagaBuscamos pessoas que nos ajudem a cumprir o nosso propósito demais saúde para mais pessoas.Se você é um profissional pró ativo, flexível a mudanças e disposto a se comprometer com a busca pela melhoria contínua,junte-se a nós!Todas as nossas vagas estão abertas para pessoas com deficiência (PCD's)Responsabilidades e atribuiçõesAnalisar grandes volumes de dados estruturados e não estruturados;Desenvolver modelos analíticos, preditivos e exploratórios;Aplicar ferramentas de IA generativa e analítica para automação, análise e apoio à decisão;Construir POCs e MVPs orientados a dados, em parceria com times de negócio e tecnologia;Validar hipóteses, identificar padrões e gerar insights estratégicos;Preparar, limpar e organizar dados para análises avançadas;Documentar modelos, análises e resultados de forma clara e objetiva;Atuar em conjunto com AI Labs, TI e áreas de negócio;Garantir uso responsável da IA, respeitando segurança da informação e LGPD;Big Data, Machine Learning, Inteligência Artificial e Data Analytics;Vivência com arquiteturas em nuvem (AWS, Azure, GCP) e integrações com sistemas legados.Requisitos e qualificaçõesFormação em Ciência de Dados, Estatística, Matemática, Computação, Engenharia ou áreas correlatas;Experiência prática com: Python (pandas, numpy, scikit‑learn ou similares);Linguagens: Python, R, SQL e conhecimento em Java/Scala. Ferramentas e Frameworks: Spark, Hadoop, Kafka, Airflow, TensorFlow, PyTorch, scikit-learn;Modelagem e Processamento de Dados: relacional, dimensional, NoSQL e orientada a eventos;DevOps e MLOps: CI/CD, Docker, Kubernetes, versionamento de modelos;Governança e Segurança de Dados: LGPD, GDPR, Data Lineage, Data Quality. Capacidade de tradução de requisitos de negócio em soluções técnicas robustas;Análise exploratória de dados (EDA);Vivência com ferramentas de IA, como: Modelos de linguagem (ex.: ChatGPT, Copilot, Gemini ou similares), AutoML ou ferramentas de aceleração analítica;Conhecimento em: Modelagem de dados, Métricas, KPIs e indicadores de negócio, Visualização de dados (ex.: Power BI, Tableau ou similares);Capacidade de traduzir análises técnicas em linguagem de negócio.Informações adicionaisBenefíciosPDS (Prêmio por Desempenho Superior);Parcerias e Convênios (SESC, faculdades, restaurantes, lazer, cultura etc.);Plataforma de Desenvolvimento/ Educacional e Programas de Desenvolvimentos;Programa Gestante;Assistência Médica;Assistência Odontológica;Seguro de vida;Total Pass;Desconto em Produtos (BMC);Vale Transporte ou Estacionamento;Vale Refeição ou Vale Alimentação;Horário: 08:00 às 18:00Local:Vila OlimpiaModelo de trabalho: Híbrido (3x na semana presencial e 2 dias home office).Compartilhamos o Propósito: Mais saúde para mais pessoas!Somos oGrupoSC: a extensão da indústria, solução para o cliente com foco no paciente e consumidor, formado por grandes marcas como SantaCruz, Panpharma e Oncoprod. Reconhecidas no mercado, trazendo consigo reputação, trajetória e competência em seus 70 anos de história.Oferecemos uma gama de soluções que conectam inovação à distribuição através de uma operação logística que separa mais de 4,8 milhões de unidades e realiza 80.000 entregas, diariamente.Tudo isso só é possível com a dedicação do nosso time, composto por mais de 15 mil colaboradores espalhados pelo Brasil, movidos pelos nossos pilares:Credibilidade,AtitudeeEmpatia.Show moreShow less",N/A,On-site/Hybrid,https://www.linkedin.com/jobs-guest/jobs/api/jobPosting/4437851923,2026-08-03
Especialista em Ciência de Dados,CBMM,"São Paulo, São Paulo, Brazil",2 weeks ago,"Sobre a posição:A CBMM tem em seu DNA identificar, quantificar e acelerar novas oportunidades de aplicação do nióbio em escala global. Buscamos um(a) especialista em Ciência de Dados para atuar como referência técnica em dados e IA, com acesso transversal aos dados das Diferentes Business Units — Core (industria do aço), Nanotecnologia e Novos Materiais e Aplicações (ex.: Aeroespacial, Baterias, entre outras — transformando dados de mercado, vendas e aplicações técnicas em inteligência acionável para decisões estratégicas e comerciais.O(a) profissional atuará na interseção entre ciência de dados, inteligência de mercado e aplicações finais de Nb: desde a exploração de grandes volumes de dados no Databricks até a construção de modelos matemáticos e agentes de IA que apoiem o time de frontline e a liderança na priorização de mercados e aplicações.Responsabilidades:- Manipular, integrar e analisar dados das diferentes BUs e de múltiplas fontes (Databricks/DataHub, CRM, ERP, relatórios e bases de mercado), garantindo consistência e visão consolidada por cliente, segmento e aplicação.- Suportar estratégia e Marketing no mapeamento de oportunidades de mercado e tendências: dimensionamento de mercado endereçável (TAM/SAM/SOM), análise de penetração por aplicação, identificação de sinais de crescimento ou retração por segmento e região.- Construir modelos matemáticos e estatísticos aplicados ao universo da metalurgia — previsão de demanda, séries temporais, elasticidade, modelos de propensão e priorização de contas, simulações de cenários de adoção de novas aplicações.- Desenvolver e evoluir soluções de IA generativa e agentes de dados (Databricks Genie / AI-BI), permitindo consultas em linguagem natural sobre clientes, mercados e aplicações pelos times de negócio.- Colaborar com engenheiros de dados na definição de pipelines, views e camadas semânticas que sustentem análises e modelos em produção.- Traduzir resultados analíticos em narrativas claras para stakeholders técnicos e executivos (storytelling com dados, dashboards, one-pagers de cliente/mercado).- Trabalhar em conjunto com especialistas de metalurgia, inteligência comercial e desenvolvimento de aplicações, incorporando conhecimento de domínio aos modelos.- Garantir boas práticas de governança, qualidade, reprodutibilidade e documentação (MLOps, versionamento de modelos e experimentos).Requisitos obrigatórios:- Experiência sólida (7+ anos) como Cientista de Dados, com atuação comprovada em nível sênior.- Experiência avançada em Databricks, incluindo Genie, AI/BI (desejável) Unity Catalog, notebooks, SQL Warehouse e PySpark.- Senioridade em IA: machine learning aplicado (regressão, classificação, clusterização, séries temporais) e experiência prática com IA generativa (LLMs, RAG, agentes, engenharia de prompts).- Domínio de Python (pandas, scikit-learn, statsmodels/Prophet ou similares) e SQL avançado.- Experiência em modelagem matemática e estatística aplicada a problemas de negócio — idealmente em contextos industriais, de commodities ou B2B.- Capacidade analítica para inteligência de mercado: dimensionamento de mercado, análise de tendências, forecast de demanda e análises competitivas.- Habilidade de comunicação com stakeholders de negócio e executivos; storytelling com dados.Inglês avançado (interação com mercados e times internacionais).Diferenciais:Conhecimento do setor de metalurgia, siderurgia, mineração ou materiais avançados (aços microligados, ligas especiais, baterias, aeroespacial).Experiência com MLflow e práticas de MLOps no ecossistema Databricks.Vivência com dados de CRM (Salesforce) e ERP (SAP) como fontes analíticas.Experiência com ferramentas de BI (Power BI, Tableau ou Databricks Dashboards).Conhecimento de otimização matemática e simulação (programação linear, Monte Carlo).Pós-graduação, mestrado ou doutorado em áreas quantitativas (Estatística, Engenharia, Física, Matemática, Computação) — desejável, não eliminatório.Espanhol ou mandarim (mercados relevantes para a CBMM).Competências comportamentaisAutonomia e senso de dono: capacidade de estruturar problemas ambíguos de mercado do zero.Curiosidade pelo domínio técnico — disposição para aprender metalurgia e aplicações do nióbio junto aos especialistas.Colaboração com times multidisciplinares (comercial, técnico, engenharia de dados, produto).Pragmatismo: equilibrar rigor científico com velocidade de entrega de valor ao negócio.Stack e ambienteDatabricks (Genie/AI-BI, DataHub, Unity Catalog, MLflow) · Python · PySpark · SQL · LLMs/GenAI · Salesforce · SAP · Power BIShow moreShow less",N/A,On-site/Hybrid,https://www.linkedin.com/jobs-guest/jobs/api/jobPosting/4440147422,2026-08-03
Data Scientist – Recuperação de Crédito,Softtek,"São Paulo, São Paulo, Brazil",3 weeks ago,"Estamos em busca de um(a)Data Scientistcom experiência sólida emRecuperação de Crédito, Cobrança, Collections ou Credit Riskpara atuar em uma iniciativa estratégica de evolução das capacidades analíticas de uma grande instituição do setor financeiro.Se você tem experiência em desenvolver modelos preditivos que apoiam decisões de cobrança e recuperação, essa oportunidade pode ser para você.O que buscamos:✔ Experiência em Recuperação de Crédito, Cobrança ou Collections em instituições financeiras (requisito essencial);✔ Python, SQL avançado e ecossistema de Data Science (Pandas, NumPy, Scikit-Learn);✔ Machine Learning, Estatística Aplicada e Modelagem Preditiva;✔ Construção de modelos de propensão, classificação, scoring e segmentação;✔ Manipulação e análise de grandes volumes de dados;✔ Capacidade de transformar desafios de negócio em soluções analíticas.Será um diferencial:• Experiência em bancos, fintechs ou empresas de serviços financeiros;• Conhecimento em cobrança digital, omnichannel e contactabilidade;• Vivência com MLOps, Cloud e governança de dados.🎯 Procuramos um profissional com forte visão analítica, excelente comunicação com áreas técnicas e de negócio e profundo conhecimento dos indicadores de recuperação de crédito.Híbrido - SP - até 3 vezes presencial zona Sul.CLT mais benefícios.Venha se conectar conosco!A Softtek valoriza a diversidade e inclusão em sua força de trabalho. A empresa tem uma equipe global com pessoas de diferentes origens e culturas, o que torna o ambiente de trabalho mais rico e interessante. Independentemente da sua, etnia, idade, gênero, orientação sexual, deficiência, credo ou convicção política, o que importa são as suas competências e habilidades para fazer acontecerOs Softtekians são seres humanos talentosos e auto-determinados que se consideram pessoas loucamente incríveis! Venha fazer parte desse time!!!Quer saber mais? Acesse:https://www.softtek.com/pt/transcend/diversidade-e-inclusaoSobre a Softtek: Fundada em 1982, a Softtek é uma fornecedora global de soluções de TI orientadas a processos com 30 escritórios na América do Norte, América Latina, Europa e Ásia. Com 15 centros de entrega global nos EUA, México, China, Brasil, Argentina, Costa Rica, Espanha, Hungria e Índia, a Softtek ajuda a melhorar e produzir resultados previsíveis para corporações de primeira linha em mais de 20 países. A Softtek é a criadora e líder da indústria nearshore.Para obter mais informações sobre o que fazemos, quem somos e oportunidades de carreira, visitewww.softtek.com.Siga-nos @Softtek no Twitter e seja nosso fã no Facebook www.facebook.com/softtek.Caso se candidate para essa vaga seus dados ficarão armazenados em nosso banco de dados, atendendo a privacidade de dados conforme à Lei Geral de Proteção de Dados, lei nº 13.709/2018.Caso não tenha interesse em manter suas informações pessoais em nosso banco de dados, solicitamos nos encaminhar um e-mail para privacid.candidato@softtek.com.Dúvidas também podem ser enviadas ao e-mail privacid.candidato@softtek.com e dpo.br@softtek.com.Show moreShow less",N/A,On-site/Hybrid,https://www.linkedin.com/jobs-guest/jobs/api/jobPosting/4434880348,2026-08-03
N/A,N/A,N/A,N/A,N/A,N/A,On-site/Hybrid,https://www.linkedin.com/jobs-guest/jobs/api/jobPosting/4446105916,2026-08-03
Junior Data Scientist - QuantumBlack Studio,"QuantumBlack, AI by McKinsey","São Paulo, São Paulo, Brazil",4 days ago,"Who You'll Work WithDriving lasting impact and building long-term capabilities with our clients is not easy work. You are the kind of person who thrives in a high performance/high reward culture - doing hard things, picking yourself up when you stumble, and having the resilience to try another way forward.In return for your drive, determination, and curiosity, we'll provide the resources, mentorship, and opportunities you need to become a stronger leader faster than you ever thought possible. Your colleagues—at all levels—will invest deeply in your development, just as much as they invest in delivering exceptional results for clients. Every day, you'll receive apprenticeship, coaching, and exposure that will accelerate your growth in ways you won’t find anywhere else.When you join us, you will have:Continuous learning: Our learning and apprenticeship culture, backed by structured programs, is all about helping you grow while creating an environment where feedback is clear, actionable, and focused on your development. The real magic happens when you take the input from others to heart and embrace the fast-paced learning experience, owning your journey.A voice that matters: From day one, we value your ideas and contributions. You’ll make a tangible impact by offering innovative ideas and practical solutions, all while upholding our unwavering commitment to ethics and integrity. We not only encourage diverse perspectives, but they are critical in driving us toward the best possible outcomes.Global community: With colleagues across 65+ countries and over 100 different nationalities, our firm’s diversity fuels creativity and helps us come up with the best solutions for our clients. Plus, you’ll have the opportunity to learn from exceptional colleagues with diverse backgrounds and experiences.World-class benefits: On top of a competitive salary (based on your location, experience, and skills), we provide a comprehensive benefits package to enable holistic well-being for you and your family.Your ImpactYou’ll be part of a multi-disciplinary team using data to drive real-world impact for leading organizations across the globe.You’ll help solve high-impact business problems by analyzing complex and varied datasets from some of the world’s most influential companies.Working closely with more experienced data scientists, engineers, and designers, you’ll contribute to the development of scalable data science products and solutions—building models, writing efficient code, and translating insights into actions.You’ll grow your skills by:Participating in cross-functional problem-solving sessionsContributing to the development of our internal Data Science ToolboxCollaborating with experts in machine learning, engineering, and designPresenting your work to colleagues and clients, with opportunities to write papers and attend conferences if you wishEvery project is an opportunity to learn, apply your academic knowledge in a practical setting, and make a tangible difference.You will work in our São Paulo office as part of our QuantumBlack Studio team and work with global colleagues from diverse backgrounds and disciplines.From day one, you’ll be paired with a mentor and supported by a collaborative team of data scientists, engineers, designers, and project managers.You will gain hands-on experience across different industries and data challenges, learning how to:Apply mathematics, statistics, and machine learning to real-world dataContribute to large-scale digital and analytics transformationsDevelop solutions that support personalization, marketing, operations, and moreOur culture values curiosity, experimentation, and continuous learning. You will have space to try new approaches, ask questions, and develop both technical and consulting skills. We also place strong emphasis on mentorship, community, and inclusion - ensuring you feel supported and empowered to thrive.Your Qualifications and SkillsBachelor's degree in computer science, statistics, mathematics, physics, engineering, or related fields (graduation between December 2024 and December 2026)Practical coding and modeling experience with a strong foundation in data science conceptsExperience with at least two of the following languages: Python, R, Scala, SQLStrong analytical thinking and problem-solving skills, with the ability to develop efficient and creative solutionsAbility to collaborate in a team and communicate clearly with colleagues and stakeholdersAbility to communicate ideas most effectively - both verbally and in writing - in English and Portuguese. Please submit your CV in English.Show moreShow less",N/A,On-site/Hybrid,https://www.linkedin.com/jobs-guest/jobs/api/jobPosting/4400577343,2026-08-03
Forward-Deployed Data Scientist II,Braze,"São Paulo, São Paulo, Brazil",2 weeks ago,"At Braze, we have found our people. We’re a genuinely approachable, exceptionally kind, and intensely passionate crew.We seek to ignite that passion by setting high standards, championing teamwork, and creating work-life harmony as we collectively navigate rapid growth on a global scale while striving for greater equity and opportunity – inside and outside our organization.To flourish here, you must be prepared to set a high bar for yourself and those around you. There is always a way to contribute: Acting with autonomy, having accountability and being open to new perspectives are essential to our continued success.Our deep curiosity to learn and our eagerness to share diverse passions with others gives us balance and injects a one-of-a-kind vibrancy into our culture.If you are driven to solve exhilarating challenges and have a bias toward action in the face of change, you will be empowered to make a real impact here, with a sharp and passionate team at your back. If Braze sounds like a place where you can thrive, we can’t wait to meet you.WHAT YOU'LL DOAs our customer base continues to grow with the excitement around BrazeAI, we’re expanding our team! Join our Forward-Deployed Data Scientist group of creative technical experts who partner with customers to ensure their success. In this role, you will:Collaborate with customer Analytics/BI teams and Braze colleagues on implementations, including use case definition, data integration, pipeline setup, and ML model configurationExtend product capabilities by improving architecture and developing reusable data pipelines, APIs, and componentsWork closely with the RL pipeline development team to refine and advance our reinforcement learning (self-learning) algorithmsContribute to shaping BrazeAI product strategy and roadmap through customer-facing insights and technical expertiseProvide ongoing technical expertise to ensure successful adoption, measurable outcomes, and long-term customer successWHO YOU AREEducation: Bachelor’s degree in Computer Science, Data Science, Mathematics, Engineering, or a related field required; Master’s or PhD in a relevant technical discipline preferredExperience: 3–5+ years of hands-on experience as a Data Scientist, Machine Learning Engineer, or similar role working with large-scale data and production environments. Experience in customer-facing or consulting roles is strongly preferredStrong technical expertise: proficient in Python (Pandas) and core ML libraries (TensorFlow, Keras, scikit-learn, CatBoost, XGBoost). Skilled in SQL for querying/manipulating datasets, with experience in machine learning pipelines and model deploymentEngineering best practices: you write well-structured, modular, documented code; follow strong development practices (Git, CI/CD, testing frameworks, type-hinting, code reviews); and can build scalable, maintainable solutionsNice-to-have skills: experience with DevOps tools (Airflow, Kubernetes, Terraform, GCP), data integration/ETL, and pipeline optimization, or reinforcement learning algorithmsCustomer collaborator: comfortable working directly with clients and cross-functional teams, aligning stakeholders, and translating technical concepts into clear business valueEntrepreneurial problem-solver: you identify opportunities and risks early, troubleshoot obstacles, and drive creative solutionsContinuous learner: you stay current with industry trends, explore new tools/technologies, and thrive in environments that push you to growClear communicator: able to explain complex technical ideas persuasively to both technical and non-technical audiencesWHAT WE OFFERBraze benefits vary by location, and we encourage you to review our specific benefits offerings for each countryhere. More details on benefits plans will be provided if you receive an offer of employment.From offering comprehensive benefits to fostering hybrid ways of working, we’ve got you covered so you can prioritize work-life harmony. Braze offers benefits such as:Competitive compensation that may include equityRetirement and Employee Stock Purchase PlansFlexible paid time offComprehensive benefit plans covering medical, dental, vision, life, and disabilityFamily services that include fertility benefits and equal paid parental leaveProfessional development supported by formal career pathing, learning platforms, and a yearly learning stipendA curated in-office employee experience, designed to foster community, team connections, and innovationOpportunities to give back to your community, including an annual company-wide Volunteer Week and donation matchingEmployee Resource Groups that provide supportive communities within BrazeCollaborative, transparent, and fun culture recognized as a Great Place to Work®ABOUT BRAZEBraze is the leading customer engagement platform that empowers brands to Be Absolutely Engaging.™ Braze helps brands deliver great customer experiences that drive value both for consumers and for their businesses. Built on a foundation of composable intelligence, BrazeAI™ allows marketers to combine and activate AI agents, models, and features at every touchpoint throughout the Braze Customer Engagement Platform for smarter, faster, and more meaningful customer engagement. From cross-channel messaging and journey orchestration to Al-powered decisioning and optimization, Braze enables companies to turn action into interaction through autonomous, 1:1 personalized experiences.The company has repeatedly been recognized as a Leader in marketing technology by industry analysts, and was voted a G2 “Best of Marketing and Digital Advertising Software Product” in 2025.Braze was also named a 2025 Best Companies To Work For by U.S. News & World Report, a 2025 America’s Greatest Companies by Newsweek, and a 2025 Fortune Best Workplace in Technology™ by Great Place To Work®, among other accolades. Braze is also proudly certified as a Great Place to Work® in the U.S., the UK, Australia, and Singapore.The company is headquartered in New York with offices in Austin, Berlin, Bucharest, Chicago, Dubai, Jakarta, London, Paris, San Francisco, São Paulo, Singapore, Seoul, Sydney and Tokyo.BRAZE IS AN EQUAL OPPORTUNITY EMPLOYERAt Braze, we strive to create equitable growth and opportunities inside and outside the organization.Building meaningful connections is at the heart of everything we do, and that includes our recruiting practices. We're committed to offering all candidates a fair, accessible, and inclusive experience – regardless of age, color, disability, gender identity, marital status, maternity, national origin, pregnancy, race, religion, sex, sexual orientation, or status as a protected veteran. When applying and interviewing with Braze, we want you to feel comfortable showcasing what makes youyou.We know that sometimes different circumstances can lead talented people to hesitate to apply for a role unless they meet 100% of the criteria. If this sounds familiar, we encourage you to apply, as we’d love to meet you.Please see ourCandidate Privacy Policyfor more information on how Braze processes your personal information during the recruitment process and, if applicable based on your location, how you can exercise any privacy rights.Show moreShow less",N/A,On-site/Hybrid,https://www.linkedin.com/jobs-guest/jobs/api/jobPosting/4385383549,2026-08-03
Especialista em Modelagem (Data Scientist),Shopee,"São Paulo, São Paulo, Brazil",1 week ago,"About The TeamSobre a ShôAqui na Shô, acreditamos que cada membro de nossa equipe é fundamental para o nosso sucesso, e que diversidade de perspectivas e vivências são essenciais para movimentar nosso negócio e impulsionar o nosso propósito de mudar o mundo para melhor.Fazer parte do nosso time é a oportunidade de se desenvolver dentro de uma cultura de muita agilidade. Se você ama assumir grandes responsabilidades e fazer o que nunca foi feito, a Shô é seu lugar. Aqui você terá grandes desafios, trabalhará em colaboração com um time diverso e contribuirá para o futuro do e-commerce no Brasil, criamos impacto positivo na vida de milhões de pessoas.Modelo de TrabalhoAdotamos um modelo de trabalho híbrido para posições administrativas alocadas nos nossos escritórios.Job DescriptionO time de Operações da Shopee cuida de todo o processo de operação, desde a busca do comprador por um produto na plataforma da Shopee até o momento em que o comprador recebe o produto. O time analisa e monitora KPIs operacionais através da região e conduz análises de causa raiz quando a performance das operações flutua. O time de Operações é composto de Atendimento ao Cliente, Pagamentos, Anúncios, Armazém, Logística, Operações de Vendedores e Fraudes.Principais ResponsabilidadesRealizar análises estratégicas e modelagem de negócios e operações para subsidiar a tomada de decisão e a definição de estratégias;Construir e validar ensemble de leading indicators por KPI operacionalDesenvolver modelos complexos, tanto quantitativos quanto qualitativos, para apoiar os processos de tomada de decisão e o planejamento estratégico;Garantir acurácia, interpretabilidade e manutenção dos modelos em produçãoConduzir previsões (forecasting) abrangentes e o acompanhamento de indicadores de curto e longo prazo, incluindo receita, custos e métricas operacionais, para impulsionar a performance e direcionar a estratégia; (modelos preditivos)Demonstrar experiência prática em modelagem de planilhas, explorando constantemente abordagens inovadoras para modelagem e estruturação de negócios;Coletar informações de forma proativa e colaborar de maneira eficaz em equipes multidisciplinares (cross-functional) que abrangem múltiplas áreas de negócios, fornecendo liderança de pensamento e orientação;Conduzir avaliações aprofundadas dos processos de negócios, identificando proativamente requisitos, riscos e áreas de melhoria;Trabalhar com Python, SQL e ferramentas de Machine Learning aplicadas a séries temporaisPreparar apresentações, relatórios e dashboards de alta qualidade adaptados para Diretores e executivos C-level, transmitindo informações complexas de maneira clara e concisa;RequirementsO que você precisa para assumir o desafio:Formação superior completa em Engenharia, Administração de Empresas ou áreas correlatas;Experiência em modelagem de dados;Conhecimentos avançados em SQL e Python serão considerados um diferencial;Inglês Avançado será um diferencialBenefíciosAssistência médica e odontológica, estendendo-se aos dependentes e seguro de vida coletivo;Parceira com Gympass e TotalPass;Vale Refeição/Alimentação flexível;Vale Transporte, Vale Mobilidade ou Estacionamento no local;Benefício flexível;Zenklub e Conexa;Assistência Pet;Benefícios exclusivos para quem tem filhos;Bônus anual discricionário, atrelado à performanceAuxílio Farmácia Inclusiva para pessoas colaboradoras com deficiênciaAuxílio ao Desenvolvimento Inclusivo para filhos (as) com deficiência.Diversidade e InclusãoValorizamos talentos diversos e incentivamos a candidatura de pessoas de todas as origens, sem distinção de raça, gênero, orientação sexual, deficiência, idade ou qualquer outra característica. Trabalhamos continuamente para promover um ambiente acolhedor, com iniciativas e grupos de afinidade que fortalecem uma cultura cada vez mais inclusiva.Queremos ser o lugar onde você possa ser quem é, se desenvolver com autonomia e contribuir para transformar o futuro ao nosso lado. É a partir dessa pluralidade que geramos impacto e construímos o futuro do e-commerce no Brasil.O QUE TE FAZ ÚNICO, NOS FAZ MELHORESE NOSSO IMPACTO DEIXA MARCA!Show moreShow less",N/A,On-site/Hybrid,https://www.linkedin.com/jobs-guest/jobs/api/jobPosting/4436245490,2026-08-03
N/A,N/A,N/A,N/A,N/A,N/A,On-site/Hybrid,https://www.linkedin.com/jobs-guest/jobs/api/jobPosting/4440249588,2026-08-03
N/A,N/A,N/A,N/A,N/A,N/A,On-site/Hybrid,https://www.linkedin.com/jobs-guest/jobs/api/jobPosting/4441517635,2026-08-03
Senior Data Scientist,Kunumi,"São Paulo, São Paulo, Brazil",3 months ago,"Estamos em busca de pessoas fascinadas por criar um futuro melhor, que sejam inquietas, tenham coragem para desafiar o comum, que valorizem a diversidade de ideias e acreditem no potencial transformador da colaboração verdadeira.Sabemos que muitas pessoas — especialmente mulheres — só se candidatam a uma vaga se sentem que cumprem 100% dos requisitos. Se esse for o seu caso, queremos te encorajar a se inscrever mesmo assim. Aqui, valorizamos trajetórias diversas e aprendizados ao longo da jornada.Junte-se a nós na busca por um mundo com novas inteligências.A pessoa nessa posição é responsável por garantir a coleta, processamento, armazenamento e disponibilidade de dados de alta qualidade para impulsionar modelos de IA e fornecer insights acionáveis para clientes e stakeholders.Trata-se de um papel de liderança técnica, que combina a execução de projetos complexos de ciência de dados com a mentoria do time e a coordenação de esforços de Pesquisa e Desenvolvimento (P&D) para promover a inovação.Esse propósito se traduz, na prática, nos seguintes Jobs to Be Done:Liderar a estratégia e execução de Ciência de DadosLiderar equipes em projetos complexos, orientando e mentorando membros do time;Propor e implementar estratégias para melhorar processos e práticas internas de ciência de dados;Decidir quando um modelo está pronto para produção e definir como monitorá-lo.Desenvolver modelos de IA de ponta a pontaDesenvolver modelos utilizando técnicas de IA (estatística, machine learning e deep learning), desde a coleta e tratamento até a engenharia de features;Implementar algoritmos de aprendizado supervisionado e não supervisionado, otimizando-os para performance e eficiência;Encapsular modelos em APIs robustas, fáceis de usar e bem documentadas.Transformar grandes volumes de dados em valorColetar, processar e analisar grandes volumes de dados estruturados e não estruturados para identificar padrões e tendências;Criar visualizações que elucidem as decisões tomadas e a qualidade dos modelos desenvolvidos.Atuar como ponte entre tecnologia e negócioFacilitar a comunicação entre diferentes departamentos e alavancar o potencial de equipes multidisciplinares;Interface direta com clientes e parceiros para levantamento de requisitos técnicos, especificação de arquitetura de modelos e apresentação de resultados.Sustentar a cultura de inovação da KunumiManter-se atualizado com as últimas tendências e avanços em ciência de dados e IA;Atuar de forma colaborativa e alinhada ao ""jeito Kunumi"": autonomia, responsabilidade compartilhada e diálogo aberto.O que é esperado de vocêLiderança Técnica: Experiência sólida liderando projetos e equipes técnicas.Domínio de Programação: Proficiência em Python (preferencial), R, SQL e bibliotecas como TensorFlow, PyTorch e Scikit-Learn.Ambiente de Desenvolvimento: Experiência de desenvolvimento em ambiente Linux.Experiência Prática: Aplicação real de métodos estatísticos e algoritmos de ML para resolver problemas complexos.Visualização de Dados: Experiência com ferramentas como Tableau, Matplotlib ou Seaborn.O que pode ser um diferencialBig Data: Familiaridade com tecnologias de armazenamento e processamento como Hadoop, Spark e NoSQL.Pesquisa Aplicada: Experiência anterior coordenando esforços de P&D.Visão de Produto: Capacidade de traduzir limitações técnicas em soluções de negócio para clientesSOBRE A KUNUMINa Kunumi, a curiosidade é nossa força motriz na busca incansável por conhecimento e pela coragem de desafiar o convencional. Acreditamos que a diversidade de pensamentos e perspectivas é fundamental para criar soluções únicas e impactantes.Nossa cultura é pautada pela valorização das pessoas, do cuidado com o legado que deixamos e pela constante busca por resultados elegantes em meio a desafios complexos. Aqui, cada voz é ouvida, cada ideia é valorizada e cada conquista é celebrada em conjunto.Somos agentes de mudança que almejam promover uma transformação positiva na sociedade por meio da Inteligência Artificial. Acreditamos no potencial humano e na capacidade de atuar como catalisadores para um futuro mais equilibrado.BENEFÍCIOSCultura dinâmica, diversa e focada no crescimento conjunto;Trabalho em ambiente remoto com horário flexível;Suporte home-office (ajuda de custo, cadeira, headphones, laptop, entre outros);Plano de saúde premium e dental para você e seus dependentes, sem mensalidade;Alimentação (cartão flexível);Licença parental estendidaAssistência a Filhos;Auxílio para Filhos(as) com Deficiência;Seguro de Vida;Programas de promoção à Saúde - mental, física e emocionalParceria Wellhub - Plano Gold gratuitoRecesso remunerado de final de anoKunumi Day mensal - Toda segunda sexta-feira do mês ficamos offSOBRE O PROCESSODepois de enviar sua inscrição, você receberá um email de confirmação.Acreditamos que a diversidade promove a criatividade e acelera resultados positivos, portanto, consideramos todos os candidatos não somente pela qualificação técnica, mas também como nos complementa como grupo.Conheça a nossa Política de Tratamento de Dados de CandidatosShow moreShow less",N/A,On-site/Hybrid,https://www.linkedin.com/jobs-guest/jobs/api/jobPosting/4405267191,2026-08-03
Cientista de Dados Sr/Espec.,PagBank,"São Paulo, São Paulo, Brazil",3 weeks ago,"Responsabilidades e atribuiçõesDesenvolver modelos para otimização de processos de banking ou adquirência.Analisar grandes volumes de dados transacionais para identificar padrões, tendências e oportunidades de melhoria nos processos.Implementar algoritmos de segmentação de clientes e predição de comportamento para aumentar a eficiência e a personalização dos serviços oferecidos.Trabalhar em estreita colaboração com equipes de engenharia, produto e negócios para definir e implementar soluções de dados que atendam às necessidades do cliente e da empresa.Fornecer insights complexos de maneira clara e eficaz para stakeholders não técnicos, ajudando na tomada de decisões estratégicas.Mentorar e fornecer orientação técnica para membros da equipe de ciência de dados com menor senioridade.Requisitos e qualificaçõesSuperior completo em Ciências da Computação, Engenharia, Matemática, Estatística ou áreas relacionadas.Experiência com análise de grandes volumes de dados para a geração de insights para times de negócio.Experiência com ferramentas de análise de dados e programação como SQL, Python, R ou bibliotecas de machine learning (TensorFlow, PyTorch, Scikit-Learn, etc.).Habilidade para resolver problemas complexos de maneira criativa e inovadora.Conhecimento de processos de versionamento de código (Git, Github).Habilidade para traduzir dúvidas e necessidades dos times de negócios em requisitos para as análises.Para se destacar nessa posição, seria legal se você também tivesse:Disponibilidade para atuar no modelo híbrido (3x na semana) em São Paulo - SP.Show moreShow less",N/A,On-site/Hybrid,https://www.linkedin.com/jobs-guest/jobs/api/jobPosting/4434566095,2026-08-03
Especialista P&D - Aprendizado Auto-Supervisionado,Samsung Brasil,Greater Campinas,2 weeks ago,"Position SummarySOBRE A SAMSUNG E O SRBRÉ missão da Samsung inspirar o mundo e moldar o futuro com ideias e tecnologias transformadoras!E você sabia que muitas dessas inovações são pensadas e desenvolvidas por talentos brasileiros e impactam a vida de milhões de pessoas pelo mundo?Nosso Centro de Pesquisa e Desenvolvimento - o SRBR - conta com duas unidades no Brasil, em Campinas/SP e em Manaus/AM, com atuação nas áreas de Inteligência Artificial, Segurança da Informação, Ciência de Dados, Desenvolvimento de Software e Automação, e é referência em tecnologias aplicadas à saúde e bem-estar.Aqui no SRBR respiramos inovação! Trabalhar em um P&D é estar sempre à frente, olhando para o futuro. Por aqui, profissionais da tecnologia e da área da saúde trabalham, pesquisam e criam soluções juntos, com muita sinergia e colaboração, em um ecossistema disruptivo que inclui universidades, institutos de pesquisa e acadêmicos.Nosso DNA é de pura inovação e criatividade, sem perder nossa essência de empresa sólida, consistente e em pleno crescimento.Nosso jeito de trabalhar está em constante evolução, acreditamos na potência do trabalho presencial para a sinergia entre as equipes. ;)Vem transformar o mundo com a gente! Vem ser #SAMSUNGERRole And ResponsibilitiesResponsável por pesquisa e desenvolvimento de tecnologias de aprendizado de máquina, com foco específico em Self-Supervised Learning (SSL), no contexto de saúde e bem-estar, aplicado a dispositivos vestíveis e todo o ecossistema Samsung. O especialista atuará na criação de frameworks e modelos que permitem o aprendizado eficiente de representações a partir de dados não rotulados, contribuindo para o avanço de soluções inovadoras em inteligência artificial.Principais Responsabilidades'- Participar de projetos de P&D de Inteligência Artificial (IA) do SRBR, que têm o objetivo de produzir tecnologia inovadora para equipar os dispositivos Samsung e possibilitar novos serviços;Desenvolver e otimizar frameworks de SSL para extrair representações de dados não rotulados, aplicáveis a séries temporais, assim como dados tabulares.Definir e executar experimentos de SSL, avaliando métricas de desempenho e comparando resultados com abordagens supervisionadas e semi-supervisionadas.Colaborar com equipes multidisciplinares (STEM, ciências biológicas, e ciências médicas) para integrar soluções de SSL em projetos de IA.Contribuir para a formulação da estratégia da equipe, propondo projetos inovadores;Acompanhar e reportar o progresso dos projetos, garantindo a entrega de resultados alinhados com os objetivos técnicos e comerciais.Mentoria e desenvolvimento técnico de pares, compartilhando conhecimentos avançados em SSL e aprendizado de máquina.REQUISITOSBacharel em Ciência da Computação, Estatística, Matemática, Engenharia da Computação, Engenharia Elétrica ou áreas correlatas;Mestrado ou Doutorado em Ciência da Computação, Estatística, Matemática, Engenharia da Computação, Engenharia Elétrica ou áreas correlatas, ou experiência similar compatível na indústria.Experiência na indústria com construção de modelos de aprendizado de máquina com SSL (desejável);Inglês oral e escrito avançado;Competências TécnicasProficiência em Self-Supervised Learning, incluindo experiência com Contrastive Learning e/ou Self-Distillation, assim como métodos baseados em reconstrução e agrupamento.Experiência em design e implementação de modelos de aprendizado profundo para extração de representações.Conhecimento avançado em probabilidade, estatística e projeto de experimentos.Habilidade em programação, principalmente proficiência em Python e PyTorch.Capacidade de treinar modelos em grandes volumes de informação, utilizando técnicas de aprendizado distribuído e otimização de recursos computacionais.Desejável ter experiência em otimização de modelos para dispositivos com restrição de recursos.Experiência com ambientes de big data e processamento distribuído.Publicação acadêmica e participação em conferências sobre aprendizado de máquina e IA.Local: Campinas, SP.Skills And QualificationsNOSSOS BENEFÍCIOSO bem-estar das pessoas é prioridade por aqui, por isso oferecemos o SRBR Health, um programa com várias ações focadas na saúde física e mental dos colaboradores. Temos sessões de massagem, relaxamento e alongamento, oferecemos acesso à plataforma Zenklub, serviço de atendimento online com terapeuta, psicólogo, psicanalista ou coach e o Wellhub (antigo Gympass), um programa completo de bem-estar físico, mental e nutricional.Nossas mesas de pingue-pongue fazem muito sucesso, e para descobrir os novos talentos esportivos, promovemos um torneio anual que é bem disputado.Valorizamos a conexão familiar, por isso as licenças parentais por aqui são estendidas. Licença-maternidade (6 meses) e paternidade (20 dias), além de auxílio creche para cada filho com idade até 24 meses.Temos a Sala Materna, um espaço de apoio à amamentação, para as mamães lactantes realizarem a retirada e estocagem de leite materno, durante o expediente.Horário flexível.Vale refeição.Plano de saúde (extensível aos dependentes legais).Plano odontológico (extensível aos dependentes legais).Seguro de vida.Vale transporte ou fretado.Auxílio combustível (pode ser usado em outros serviços).Celular corporativo.PLR anual.Bônus anual, com base na performance.Portal com descontos exclusivos em produtos Samsung.Oferecemos 4 horas semanais para dedicação exclusiva a mestrado e doutorado.Temos uma plataforma de desenvolvimento e aprendizagem, o Samsung U, com acesso a milhares de cursos online totalmente gratuitos.Um ambiente de trabalho que estimula a criatividade, o trabalho colaborativo e a conexão entre os times.DIVERSIDADE, INCLUSÃO E EQUIDADEAcreditamos no poder das diferenças para criar inovações que atendam e representem todas as pessoas! Estamos em um amplo processo de evolução de um local de trabalho com mais diversidade, equidade e inclusão, por isso valorizamos as candidaturas de todas as pessoas e suas identidades de gênero, etnia, raça, religião, orientação sexual, idade ou deficiência.As informações confidenciais e proprietárias obtidas por você durante seu histórico de emprego em outras empresas devem ser mantidas como tal (confidenciais e proprietárias) durante todo o processo de seleção, não podendo, em hipótese alguma, ser abertas ou compartilhadas com os entrevistadores.Please visit Samsung membership to see Privacy Policy, which defaults according to your location. You can change Country/Language at the bottom of the page. If you are European Economic Resident, please click here.Show moreShow less",N/A,On-site/Hybrid,https://www.linkedin.com/jobs-guest/jobs/api/jobPosting/4432414518,2026-08-03
Analista de Ciência de Dados (Otimização e Pesquisa Operacional),Accenture Brasil,"São Paulo, São Paulo, Brazil",1 week ago,"Sobre a AccentureA Accenture ajuda as principais empresas do mundo a se reinventarem, construindo seu núcleo digital e liberando o poder da IA para gerar valor com rapidez em organizações de todos os setores. Nossa estratégia é ser o parceiro de reinvenção preferido de nossos clientes, liderar a adoção da IA de maneira segura e em escala, ser a empresa impulsionada por IA mais centrada no cliente, além de ser o melhor lugar para se trabalhar. Reunimos o talento de aproximadamente 786 mil pessoas com ativos e plataformas proprietárias, profundo conhecimento em processos e indústrias e relações líderes no ecossistema para oferecer soluções integradas e resultados mensuráveis em escala. Por meio de nossos Reinvention Services oferecemos ampla expertise em Cibersegurança, Núcleo Digital, Finanças, Indústria e Empresa, Song, Cadeia de Suprimentos & Engenharia e Talento, com capacidades avançadas em IA e Dados, Indústria & Processos e Tecnologia. Atendemos aproximadamente 9 mil clientes e geramos cerca de US$ 70 bilhões em receita no ano fiscal de 2025.Visite a Accenture em accenture.com.A oportunidade:Você atuará como especialista no assunto, colaborando com diversas equipes para apoiar decisões de alto impacto. Trabalhará junto a times multifuncionais, contribuindo em momentos estratégicos e propondo soluções inovadoras para os desafios que surgirem. Sua expertise em Data AI Business Analytics será fundamental para construir resultados transformadores. Estamos empolgados para ver como suas contribuições impulsionarão nosso crescimento e sucesso!O que você vai fazer no seu dia a dia:Formular, desenvolver e implementar modelos de otimização usando Gurobi, CPLEX, COIN ou outras engines de otimização para diversos tipos de problemas.Projetar e desenvolver algoritmos para problemas complexos de otimização, incluindo Alocação de Recursos, Roteamento de Veículos, Sequenciamento de Tarefas, Otimização de Portfólio e Otimizações de Cadeia de Suprimentos.Preparar documentação clara e concisa do desenvolvimento do modelo, abordagens de solução e resultados.Apresentar soluções de otimização e recomendações para stakeholders técnicos e não técnicos.Validar modelos e soluções de otimização usando métodos heurísticos.Manter se atualizado sobre as últimas tendências e desenvolvimentos em otimização e identificar proativamente oportunidades de melhoria contínua.O que estamos procurando na pessoa que vai fazer parte do time:Graduação, Mestrado ou Doutorado em Matemática Aplicada, Engenharia da Produção, Engenharia Industrial, Ciência da Computação, Sistemas de Informação ou áreas relacionadas.Experiência em modelagem de otimização e desenvolvimento de algoritmos usando Gurobi, CPLEX ou outras engines de otimização.Conhecimento em programação linear, programação inteira e programação inteira mista.Proficiência em uma ou mais linguagens de programação Python, C, similares.Fortes habilidades de resolução de problemas e análise, com capacidade de desenvolver soluções criativas e eficientes para problemas complexos.Benefícios:🏥 Assistência Médica – 100% subsidiada pela empresa (titular e dependentes)🦷 Assistência Odontológica🍽️ Vale Refeição ou Alimentação sem desconto🛡️ Seguro de vida📈 Previdência Privada🏋️ Welhub*📉 Opção de compra de ações da empresa com desconto💊 Desconto Farmácia*👶 Auxílio Creche*📚 Parceria com escola de idiomas*👨‍👩‍👧 Licença Maternidade e Paternidade Estendida💰 PPR*Conforme política vigenteLocalidade da vaga:Hibrido – São Paulo/SPou Remoto outras localidades.Show moreShow less",N/A,On-site/Hybrid,https://www.linkedin.com/jobs-guest/jobs/api/jobPosting/4427456930,2026-08-03
Desenvolvedor de IA,UX Group,"Barueri, São Paulo, Brazil",6 days ago,"ComoDesenvolvedor(a) de IA, você será responsável por criar e evoluir soluções de Inteligência Artificial para produtos e processos internos, utilizando dados como base para desenvolver modelos de Machine Learning e aplicações de IA Generativa. Você atuará em todo o ciclo de desenvolvimento, da concepção à produção, trabalhando em conjunto com a equipe técnica para transformar necessidades do negócio em soluções inovadoras e escaláveis.Responsabilidades e atribuiçõesEvoluir e principalmente desenvolver soluções de IA aplicadas a produtos e processos internos.Trabalhar com dados como base para qualquer solução de IA (modelagem, tratamento, análise).Construir e colocar em produção modelos de Machine Learning e aplicações com IA.Colaborar diretamente com a liderança de Dados/IA e com referências técnicas internas.Traduzir problemas de negócio em soluções técnicas viáveis, pensando além da IA quando necessário.Requisitos e qualificaçõesForte histórico com Dados, formação, prática ou ambos (análise, modelagem, engenharia de dados);Experiência comprovada em Machine Learning;Histórico recente de projetos de IA desenvolvidos e entregues de ponta a ponta;Boa base de programação e desenvolvimento de software (engenharia é bem-vinda; formação acadêmica específica em IA não é obrigatória).Tecnologias e ferramentas:Linguagens: Python (essencial) e SQL;ML/Data Science: pandas, NumPy, scikit-learn;Deep Learning: PyTorch e/ou TensorFlow;LLMs e IA generativa: experiência com APIs de LLMs (OpenAI, Anthropic, etc.) e frameworks de orquestração como LangChain ou similares;Dados: modelagem e consultas em bancos relacionais (PostgreSQL/MySQL) e experiência com pipelines de dados (ETL);Versionamento e colaboração: Git;Cloud: experiência com pelo menos um provedor (AWS, GCP ou Azure).Diferenciais:Experiência prévia em iGaming, apostas ou entretenimento digital;Vivência em ambientes de alto volume de dados e decisões em tempo real;Experiência com MLOps (Docker, Kubernetes, MLflow ou similares) para deploy e monitoramento de modelos em produção;Vivência com bancos vetoriais (Pinecone, Weaviate, ChromaDB) e arquiteturas de RAG (Retrieval-Augmented Generation);Familiaridade com ferramentas de processamento de dados em larga escala (Spark, Databricks);Experiência com orquestração de workflows (Airflow ou similares);Conhecimento em NoSQL (MongoDB, Redis).Informações adicionais🚗 Vale Transporte e auxílio com50% do estacionamento🍽️ Vale Refeição🩺 Assistência Médica🦷 Assistência Odontológica🛡️ Seguro de Vida🏋️ Acesso aoTotalPass e Wellhub, para você cuidar da saúde do seu jeito📲 PlataformasAvus e Starbem, com suporte para sua saúde física e mental💆 Massagem semanal🦴 Quiropraxia semanal💅 Manicure☕ Café da manhã todos os dias🍎 Snacks liberados durante o expediente🎉 Day Off no aniversário, porque celebrar sua jornada também faz parte.Show moreShow less",N/A,On-site/Hybrid,https://www.linkedin.com/jobs-guest/jobs/api/jobPosting/4442896605,2026-08-03
Cientista de Dados Sênior | Dados,Banco PAN,"São Paulo, São Paulo, Brazil",2 months ago,"Somos oPANÁgeis, flexíveis e criativos, exploramos possibilidades com disposição e desejo de fazer acontecer. Sempre prontos para encarar novos desafios, nutrimos líderes que, além de ter garra, são abertos e empáticos, veem na proximidade das relações, o elo entre cada um.Nossa missão, se faz cumprida quando transformamos a vida dos outros através dos nossos conhecimentos. Nossos pilares de cultura, reforçam nossa postura idealizadora e com desejo de fazer acontecer:Intensidade, Inconformismo, Eficiência, Espirito de equipe e Integridade.Somos seu aliado financeiro, trazendo soluções inteligentes que ajudam você a alcançar seus objetivos com segurança e confiança.Principais desafios:Atuar com times de CRM, B2C e Marketing, traduzindo dados em ação;Projetar, treinar e implementar modelos baseados em LLMsAlinhar e apresentar resultados para stakeholders técnicos e não técnicos.Criar e evoluir modelos preditivos voltados para o ciclo de vida do cliente (aquisição, upsell, retenção, margem);Apoiar decisões com base em análises técnicas e dados estruturados;Desenvolver soluções com impacto direto em resultado de negócio;Participar de todo o ciclo de vida do modelo: da prototipação ao deploy;Trabalhar com boas práticas de MLOps para garantir escalabilidade e monitoramento dos modelos.Quais as principais competências para a posição?Experiência com AWS (S3, Sagemaker, athena);Experiência com modelos preditivos e llmProgramação em Python e domínio de bibliotecas como Pandas, PySpark e Spark;Vivência com processos de deploy e automação de modelos preditivos;Familiaridade com práticas de MLOps (monitoramento, versionamento, pipeline de entrega);Visão de negócio orientada a resultados, com foco no cliente e na performance.Boa capacidade de comunicação e visão analítica.Desejável:Ter experiência com com redes neurais, modelos de imagem ou NLTer atuado com modelos de recomendaçãoModelo de atuação: Híbrido (4 dias presenciais no escritório e 1 dia de home office)Benefícios do PAN:Bônus / PLRVale RefeiçãoVale Alimentação13º de Vale AlimentaçãoConvênio Médico (internação em apartamento para titular e dependentes)Convênio Odonto/OrtodônticoAmbulatório Médico no escritórioTelemedicina Dr. Alper (Einstein Conecta) ilimitado.Seguro de VidaDescontos em mais de 10 mil farmácias4 Sessões de psicoterapia por mêsLicença familiar estendida (Responsável 6 meses e corresponsável 30 dias)Auxílio Creche / BabáAcomPANha (programa de acompanhamento para gestantes)Wellhub/TotalpassAuxílio tecnologia assistivas (reembolso de 85% para colaboradores com deficiência)Programas de desenvolvimentoSalão de beleza no escritórioPAE (Orientação Jurídica, Financeira, Psicológica e Social)Portal de descontos em diversos segmentos (Allya)Campanha de vacinação (colaborador e dependente)Facilitação no financiamento de veículos (Mediante análise)Cartão de crédito PAN com limite diferenciado (Mediante análise)Vale Transporte (desconto de apenas 4%)Assistência FuneralShow moreShow less",N/A,On-site/Hybrid,https://www.linkedin.com/jobs-guest/jobs/api/jobPosting/4410993829,2026-08-03
