title,company,location,posted,description,applicants,work_mode,link,data_coleta
Data Scientist II,Banco Bradesco,"Osasco, São Paulo, Brazil",5 days ago,"Sobre o BradescoA gente acredita no poder da confiança. Confiança que aproxima, orienta e transforma a vida das pessoas no dia a dia. Entrar no Bradesco é fazer parte de um momento real de transformação. Um ambiente que combina a solidez de uma história construída ao longo de décadas com a evolução constante de quem está sempre olhando para frente. Aqui, você encontra espaço para aprender, crescer e assumir protagonismo na sua trajetória, com apoio, estrutura e oportunidades que acompanham o seu desenvolvimento. Mais do que trabalhar em uma grande instituição, é sobre fazer parte de um time que impacta milhões de pessoas, contribui para o desenvolvimento do país e constrói, todos os dias, um futuro mais acessível e sustentável para a sociedade.Sobre a áreaCRM: Gerencia estratégias de relacionamento com clientes por meio do uso de dados e inteligência analítica. Atua na segmentação de públicos e na personalização de ofertas, comunicações e jornadas, maximizando relevância e engajamento. Contribui para aquisição, fidelização e crescimento, apoiando decisões comerciais e a evolução da experiência do cliente.Como será seu dia a dia?Como Data Scientist II, você atuará na área de Cluster de Modelos e suas principais atividades serão:Desenvolver modelos de Machine Learning.Desenvolver modelos estatísticos.Construir modelos de propensão.Construir modelos de classificação.Desenvolver modelos de segmentação.Desenvolver modelos de recomendação.Realizar análises exploratórias (EDA).Desenvolver pipelines de dados.Modelo de trabalhoHíbrido - 1x PresencialUnidade: Osasco - SPPerfil que buscamosValorizamos quem entende o cliente em profundidade, trabalha em parceria e transforma conhecimento em entregas com impacto. Profissionais com senso de dono, consistência na execução e foco em resultado, que evoluem continuamente, compartilham aprendizados e usam tecnologia para transformar desafios em soluções relevantes para o negócio.RequisitosGraduação completa em Ciências de Dados, Ciências Contábeis, Matemática, Estatística, Economia, Engenharia, Computação, Sistemas de Informação ou áreas correlatas.Python.SQL.SAS.Databricks.Conhecimento em Machine Learning.Experiência com desenvolvimento de modelos analíticos.Boa base em algoritmos.Será um diferencial se você tiver:Pós-graduação ou MBA em áreas correlatas.Inteligência Artificial Generativa.Ferramentas de BI (Power BI ou Tableau).Arquitetura Databricks.O que você encontra aquiCuidar de vocêPlano de saúde e odontológicoSeguro de vidaViva Bem: programa de saúde, bem-estar e qualidade de vidaTotalPassCrescer com vocêUniversidade corporativa Bradesco (Unibrad)Parcerias educacionaisSegurança para o seu futuroParticipação nos lucros ou Bônus (conforme a elegibilidade de cargo)Previdência privadaCondições especiais em produtos e serviçosIsenção de Tarifas: condições especiais em diversos produtos e serviçosApoio à sua vida e à sua famíliaVale alimentação e refeição13ª cesta alimentaçãoAuxílio creche ou babáLicença Maternidade de 180 dias, acompanhamento assistencial da gestação até o pós-partoLicença Paternidade estendida de 20 diasVale transporte opcionalTudo pensado para apoiar sua jornada de crescimento com equilíbrio, segurança e oportunidade.DiversidadeNo Bradesco, diversidade é valor e estratégia. Trabalhamos para construir um ambiente inclusivo e um quadro de colaboradores que reflita a diversidade da sociedade brasileira. Por isso, valorizamos pessoas com diferentes histórias e características, como gênero, raça, orientação sexual, deficiência, idade e outras dimensões da diversidade.Se você acredita na confiança como base para transformar, gosta de desafios e quer crescer em um ambiente que evolui junto com você, seu lugar pode ser aqui. Vem ser Bradesco!Show moreShow less",N/A,On-site/Hybrid,https://www.linkedin.com/jobs-guest/jobs/api/jobPosting/4448363073,2026-08-09
Data Scientist II,Banco Bradesco,"Barueri, São Paulo, Brazil",2 weeks ago,"Sobre o BradescoA gente acredita no poder da confiança. Confiança que aproxima, orienta e transforma a vida das pessoas no dia a dia. Entrar no Bradesco é fazer parte de um momento real de transformação. Um ambiente que combina a solidez de uma história construída ao longo de décadas com a evolução constante de quem está sempre olhando para frente. Aqui, você encontra espaço para aprender, crescer e assumir protagonismo na sua trajetória, com apoio, estrutura e oportunidades que acompanham o seu desenvolvimento. Mais do que trabalhar em uma grande instituição, é sobre fazer parte de um time que impacta milhões de pessoas, contribui para o desenvolvimento do país e constrói, todos os dias, um futuro mais acessível e sustentável para a sociedade.Sobre a áreaCompras: Gerencia os processos de aquisição de bens e serviços, atuando no relacionamento com fornecedores e na negociação e gestão de contratos. Contribui para a eficiência e competitividade do banco por meio da otimização de custos, da governança e da sustentabilidade nas contratações. Apoia as áreas do negócio garantindo qualidade, conformidade e continuidade dos serviços.Como será seu dia a dia?Como Data Scientist II, você atuará na área de Inteligência e Compras e suas principais atividades serão:Desenvolver e manter modelos preditivos para apoiar análises e previsões relacionadas às compras e cadeia de suprimentos.Extrair, tratar, limpar e estruturar grandes volumes de dados, garantindo qualidade e confiabilidade das informações.Realizar análises estatísticas e estudos avançados para identificar oportunidades, tendências e solucionar problemas do negócio.Transformar dados em insights estratégicos e recomendações acionáveis, apoiando a tomada de decisão de compradores e gestores.Criar apresentações, relatórios e storytelling de dados, traduzindo informações técnicas em linguagem clara para o negócio.Atuar como parceiro das áreas de BI e Engenharia de Dados, contribuindo para a evolução dos processos analíticos e da governança de dadosIdentificar oportunidades de otimização de processos, redução de custos e melhoria da performance das negociações.Apoiar a construção de inteligência de compras, antecipando riscos, tendências de mercado e oportunidades estratégicas.Modelo de trabalhoHíbrido - 3x PresencialUnidade: Alphaville - SPPerfil que buscamosValorizamos quem entende o cliente em profundidade, trabalha em parceria e transforma conhecimento em entregas com impacto. Profissionais com senso de dono, consistência na execução e foco em resultado, que evoluem continuamente, compartilham aprendizados e usam tecnologia para transformar desafios em soluções relevantes para o negócio.RequisitosEnsino superior completo em Ciência da Computação, Engenharia, Sistemas de Informação ou áreas correlatas.Conhecimento em Python ou R.Experiência com Banco de Dados e SQLConhecimentos em Estatística e Machine LearningExperiência com versionamento de código utilizando GitSerá um diferencial se você tiver:Experiência em projetos de análise de dados aplicados às áreas de Compras, Suprimentos ou Operações.Vivência com análise e manipulação de dados provenientes de ERPs e plataformas corporativas, como SAP Ariba e ServiceNow.O que você encontra aquiCuidar de vocêPlano de saúde e odontológicoSeguro de vidaViva Bem: programa de saúde, bem-estar e qualidade de vidaTotalPassCrescer com vocêUniversidade corporativa Bradesco (Unibrad)Parcerias educacionaisSegurança para o seu futuroParticipação nos lucros ou Bônus (conforme a elegibilidade de cargo)Previdência privadaCondições especiais em produtos e serviçosIsenção de Tarifas: condições especiais em diversos produtos e serviçosApoio à sua vida e à sua famíliaVale alimentação e refeição13ª cesta alimentaçãoAuxílio creche ou babáLicença Maternidade de 180 dias, acompanhamento assistencial da gestação até o pós-partoLicença Paternidade estendida de 20 diasVale transporte opcionalTudo pensado para apoiar sua jornada de crescimento com equilíbrio, segurança e oportunidade.DiversidadeNo Bradesco, diversidade é valor e estratégia. Trabalhamos para construir um ambiente inclusivo e um quadro de colaboradores que reflita a diversidade da sociedade brasileira. Por isso, valorizamos pessoas com diferentes histórias e características, como gênero, raça, orientação sexual, deficiência, idade e outras dimensões da diversidade.Se você acredita na confiança como base para transformar, gosta de desafios e quer crescer em um ambiente que evolui junto com você, seu lugar pode ser aqui. Vem ser Bradesco!Show moreShow less",N/A,On-site/Hybrid,https://www.linkedin.com/jobs-guest/jobs/api/jobPosting/4443533144,2026-08-09
Data Scientist II,Banco Bradesco,"Osasco, São Paulo, Brazil",5 days ago,"Sobre o BradescoA gente acredita no poder da confiança. Confiança que aproxima, orienta e transforma a vida das pessoas no dia a dia. Entrar no Bradesco é fazer parte de um momento real de transformação. Um ambiente que combina a solidez de uma história construída ao longo de décadas com a evolução constante de quem está sempre olhando para frente. Aqui, você encontra espaço para aprender, crescer e assumir protagonismo na sua trajetória, com apoio, estrutura e oportunidades que acompanham o seu desenvolvimento. Mais do que trabalhar em uma grande instituição, é sobre fazer parte de um time que impacta milhões de pessoas, contribui para o desenvolvimento do país e constrói, todos os dias, um futuro mais acessível e sustentável para a sociedade.Sobre a áreaCrédito: Responsável pela estruturação, gestão e evolução das soluções de crédito do banco, atendendo diferentes perfis de clientes e necessidades financeiras. Atua na definição de políticas, análise e concessão de crédito, equilibrando competitividade, rentabilidade e controle de riscos. Contribui para o crescimento sustentável do negócio e para a eficiência na alocação de capital.Como será seu dia a dia?Como Data Scientist II, você atuará na área de Crédito - Principal e Private e suas principais atividades serão:Desenvolver análises de clusterização para identificar perfis, padrões comportamentais e segmentos ideais para tomada de decisão;Construir, validar e recalibrar modelos de precificação na visão cliente, monitorando performance e realizando ajustes contínuos;Explorar grandes volumes de dados internos e externos para criação de features relevantes que aprimorem a qualidade dos modelos;Realizar análises de sensibilidade para avaliar impactos de mudanças nos parâmetros de precificação e nas condições de mercado sobre a demanda;Traduzir insights complexos em recomendações claras e acionáveis, garantindo entendimento dos stakeholders e contribuindo para estratégias de rentabilidade alinhadas à elasticidade da demanda.Modelo de trabalhoHíbrido - 3x PresencialUnidade: Osasco - SPPerfil que buscamosValorizamos quem entende o cliente em profundidade, trabalha em parceria e transforma conhecimento em entregas com impacto. Profissionais com senso de dono, consistência na execução e foco em resultado, que evoluem continuamente, compartilham aprendizados e usam tecnologia para transformar desafios em soluções relevantes para o negócio.RequisitosGraduação superior completa em áreas como Economia, Engenharia, Estatística, Matemática, Administração ou áreas correlatas;Conhecimento em conceitos, modelos de precificação e análise de rentabilidade;Vivência com Python, SQL e PySpark;Vivência com Databricks;Será um diferencial se você tiver:Conhecimento em SAS;Conhecimento em linguagem de programação R;Inglês nível intermediário;O que você encontra aquiCuidar de vocêPlano de saúde e odontológicoSeguro de vidaViva Bem: programa de saúde, bem-estar e qualidade de vidaTotalPassCrescer com vocêUniversidade corporativa Bradesco (Unibrad)Parcerias educacionaisSegurança para o seu futuroParticipação nos lucros ou Bônus (conforme a elegibilidade de cargo)Previdência privadaCondições especiais em produtos e serviçosIsenção de Tarifas: condições especiais em diversos produtos e serviçosApoio à sua vida e à sua famíliaVale alimentação e refeição13ª cesta alimentaçãoAuxílio creche ou babáLicença Maternidade de 180 dias, acompanhamento assistencial da gestação até o pós-partoLicença Paternidade estendida de 20 diasVale transporte opcionalTudo pensado para apoiar sua jornada de crescimento com equilíbrio, segurança e oportunidade.DiversidadeNo Bradesco, diversidade é valor e estratégia. Trabalhamos para construir um ambiente inclusivo e um quadro de colaboradores que reflita a diversidade da sociedade brasileira. Por isso, valorizamos pessoas com diferentes histórias e características, como gênero, raça, orientação sexual, deficiência, idade e outras dimensões da diversidade.Se você acredita na confiança como base para transformar, gosta de desafios e quer crescer em um ambiente que evolui junto com você, seu lugar pode ser aqui. Vem ser Bradesco!Show moreShow less",N/A,On-site/Hybrid,https://www.linkedin.com/jobs-guest/jobs/api/jobPosting/4448652176,2026-08-09
Cientista de Dados,LUZA Group,"São Paulo, São Paulo, Brazil",2 weeks ago,"Venha fazer parte de um ecossistema vivo onde o futuro dos negócios é criado e vivido todos os dias. Faça parte desta transformação!Na LUZA Group, a paixão, a perseverança e a vontade de superar limites definem o nosso caminho para o sucesso.Fundada em 2006, somos uma multinacional portuguesa com mais de 1.200 profissionais talentosos e um volume de negócios. Com presença em mercados estratégicos como Portugal, Espanha, Marrocos, Brasil, México, Estados Unidos e China, oferecemos soluções inovadoras em engenharia, TI, design, consultoria, Indústria 4.0, treinamento e recrutamento. Tudo o que fazemos é movido pelo talento de nosso povo.Este é um momento de crescimento e oportunidade. O futuro pertence a mentes visionárias. Junte-se a nós!Cientista de DadosObjetivo da posiçãoO(a) Cientista de Dados atuará no desenvolvimento de análises, modelosestatísticos e soluções de machine learning para apoiar a tomada de decisão,geração de valor para o negócio e evolução da Plataforma Auren de Dados & IA.A posição exige capacidade de transformar problemas de negócio em hipótesesanalíticas, experimentos, modelos e recomendações acionáveis, trabalhando deforma integrada com times de dados, tecnologia, negócio e governança. Espera-seatuação prática em todo o ciclo da solução, desde a definição do problema até avalidação, documentação e eventual industrialização em ambiente produtivo.ResponsabilidadesTraduzir necessidades de negócio em problemas analíticos e hipótesestestáveis.Conduzir análises exploratórias, estatísticas e preditivas para identificarpadrões, oportunidades, riscos e alavancas de valor.Desenvolver modelos de machine learning, incluindo classificação, regressão,clusterização, séries temporais, previsão e detecção de anomalias, quandoaplicável.Realizar preparação, limpeza, transformação e enriquecimento de dados paraanálises e modelagem.Selecionar, testar e comparar abordagens analíticas considerando acurácia,interpretabilidade, custo, escalabilidade e aplicabilidade ao contexto donegócio.Avaliar resultados de modelos e experimentos, propondo melhorias e ajustescom base em métricas técnicas e de negócio.Apoiar a definição de variáveis, features e datasets confiáveis para casos deuso analíticos e de IA.Trabalhar em conjunto com arquitetos de dados, engenheiros de dados,engenheiros de IA e áreas usuárias para viabilizar soluções de ponta a ponta.Documentar hipóteses, premissas, metodologias, resultados e limitações dasanálises e modelos desenvolvidos.Apoiar a transição de protótipos para soluções escaláveis e sustentáveis emambiente corporativo.Utilizar ferramentas de IA generativa e automação, quando apropriado, paraacelerar exploração, prototipação, geração de código e documentação,sempre com validação técnica.Requisitos técnicosExperiência com Python para análise de dados e desenvolvimento demodelos.Sólido conhecimento de SQL e manipulação de dados em bases estruturadas.Vivência com bibliotecas e frameworks como pandas, numpy, scikit-learn,matplotlib, seaborn ou equivalentes.Conhecimento de estatística aplicada, probabilidade, inferência estatística edesenho de experimentos.Experiência com técnicas de machine learning supervisionado e nãosupervisionado.Capacidade de interpretar métricas de desempenho de modelos e de traduzirresultados técnicos em linguagem de negócio.Conhecimento de boas práticas de organização de código, versionamento edocumentação.Familiaridade com ambientes de dados e plataformas analíticas corporativas.Capacidade de trabalhar com dados de múltiplas fontes, com atenção àqualidade, consistência e rastreabilidade.DiferenciaisExperiência com séries temporais, previsão de demanda, otimização,detecção de anomalias ou problemas de manutenção preditiva.Experiência com projetos em setores regulados, industriais ou deinfraestrutura crítica.Conhecimento de ferramentas de cloud e plataformas de dados modernas.Experiência com MLOps, versionamento de modelos e implantação emprodução.Vivência com IA generativa, embeddings, LLMs ou uso de ferramentas decopiloto para acelerar trabalho analítico.Experiência com visualização de dados e ferramentas de BI, como Power BI ousimilares.Conhecimento de técnicas de explicabilidade, interpretabilidade e AIreponsável.Perfil esperadoBuscamos um(a) profissional com raciocínio analítico forte, curiosidade intelectuale disciplina metodológica. A pessoa deve ter autonomia para investigar problemas,estruturar análises e sustentar conclusões com base em evidências.Espera-se capacidade de colaboração com perfis técnicos e de negócio, boacomunicação, organização e postura orientada a resultado. Também é importanteter maturidade para lidar com ambiguidade, priorizar o que gera valor e evoluirsoluções de forma incremental, sem perder rigor técnico.O que oferecemosWellhub;OnHappy;Sesc;Horário Flexível.Show moreShow less",N/A,On-site/Hybrid,https://www.linkedin.com/jobs-guest/jobs/api/jobPosting/4444791057,2026-08-09
Data Scientist II,Banco Bradesco,"Osasco, São Paulo, Brazil",5 days ago,"Sobre o BradescoA gente acredita no poder da confiança. Confiança que aproxima, orienta e transforma a vida das pessoas no dia a dia. Entrar no Bradesco é fazer parte de um momento real de transformação. Um ambiente que combina a solidez de uma história construída ao longo de décadas com a evolução constante de quem está sempre olhando para frente. Aqui, você encontra espaço para aprender, crescer e assumir protagonismo na sua trajetória, com apoio, estrutura e oportunidades que acompanham o seu desenvolvimento. Mais do que trabalhar em uma grande instituição, é sobre fazer parte de um time que impacta milhões de pessoas, contribui para o desenvolvimento do país e constrói, todos os dias, um futuro mais acessível e sustentável para a sociedade.Sobre a áreaCrédito: Responsável pela estruturação, gestão e evolução das soluções de crédito do banco, atendendo diferentes perfis de clientes e necessidades financeiras. Atua na definição de políticas, análise e concessão de crédito, equilibrando competitividade, rentabilidade e controle de riscos. Contribui para o crescimento sustentável do negócio e para a eficiência na alocação de capital.Como será seu dia a dia?Como Data Scientist II, você atuará na área de Crédito - Negócios e suas principais atividades serão:Desenvolver análises de clusterização para identificar perfis, padrões comportamentais e segmentos ideais para tomada de decisão;Construir, validar e recalibrar modelos de precificação na visão cliente, monitorando performance e realizando ajustes contínuos;Explorar grandes volumes de dados internos e externos para criação de features relevantes que aprimorem a qualidade dos modelos;Realizar análises de sensibilidade para avaliar impactos de mudanças nos parâmetros de precificação e nas condições de mercado sobre a demanda;Traduzir insights complexos em recomendações claras e acionáveis, garantindo entendimento dos stakeholders.Modelo de trabalhoHíbrido - 3x PresencialUnidade: Osasco - SPPerfil que buscamosValorizamos quem entende o cliente em profundidade, trabalha em parceria e transforma conhecimento em entregas com impacto. Profissionais com senso de dono, consistência na execução e foco em resultado, que evoluem continuamente, compartilham aprendizados e usam tecnologia para transformar desafios em soluções relevantes para o negócio.RequisitosGraduação superior completa em Economia, Estatística, Engenharia, Matemática, Administração ou áreas correlatas;Conhecimento em modelos de precificação e análise de rentabilidade;Vivência com Python e SQL;Vivência com Databricks;Será um diferencial se você tiver:Inglês nível intermediário.O que você encontra aquiCuidar de vocêPlano de saúde e odontológicoSeguro de vidaViva Bem: programa de saúde, bem-estar e qualidade de vidaTotalPassCrescer com vocêUniversidade corporativa Bradesco (Unibrad)Parcerias educacionaisSegurança para o seu futuroParticipação nos lucros ou Bônus (conforme a elegibilidade de cargo)Previdência privadaCondições especiais em produtos e serviçosIsenção de Tarifas: condições especiais em diversos produtos e serviçosApoio à sua vida e à sua famíliaVale alimentação e refeição13ª cesta alimentaçãoAuxílio creche ou babáLicença Maternidade de 180 dias, acompanhamento assistencial da gestação até o pós-partoLicença Paternidade estendida de 20 diasVale transporte opcionalTudo pensado para apoiar sua jornada de crescimento com equilíbrio, segurança e oportunidade.DiversidadeNo Bradesco, diversidade é valor e estratégia. Trabalhamos para construir um ambiente inclusivo e um quadro de colaboradores que reflita a diversidade da sociedade brasileira. Por isso, valorizamos pessoas com diferentes histórias e características, como gênero, raça, orientação sexual, deficiência, idade e outras dimensões da diversidade.Se você acredita na confiança como base para transformar, gosta de desafios e quer crescer em um ambiente que evolui junto com você, seu lugar pode ser aqui. Vem ser Bradesco!Show moreShow less",N/A,On-site/Hybrid,https://www.linkedin.com/jobs-guest/jobs/api/jobPosting/4448642350,2026-08-09
Cientista de Dados,Votorantim Cimentos,"São Paulo, São Paulo, Brazil",1 day ago,"Há 90 anos construímos o futuro do Brasil e da construção. Somos uma multinacional brasileira de construção e soluções sustentáveis, presente em 9 países, com mais de 13.900 pessoas. Aqui, o desenvolvimento é real: somos uma escola formadora, com mobilidade entre áreas e negócios, ambiente exigente e respeitoso, e carreiras construídas ao longo do tempo. Na Votorantim Cimentos, nada nasce pronto. Tudo é construção — e a sua carreira pode ser a próxima.Responsabilidades e atribuiçõesPrincipais Responsabilidades:Preparar, validar e organizar bases de dados, avaliando qualidade, inconsistências, outliers e premissas utilizadas;Executar, manter, testar e melhorar modelos analíticos e preditivos, conectando resultados aos indicadores do negócio;Construir análises, indicadores, painéis, testes e simulações para acompanhar performance e orientar priorizações;Documentar metodologias, regras de negócio, limitações e resultados para garantir continuidade e sustentação das soluções;Comunicar recomendações de forma clara e pragmática, utilizando Copilot ou ferramentas similares para acelerar análises, documentação e revisão técnica.Requisitos e qualificaçõesFormação necessária:Superior completo em Engenharias, Ciência da Computação, Sistemas de Informação, Estatística, Matemática, Matemática Aplicada, Economia, Administração com foco analítico ou áreas correlatas.Conhecimentos necessários:Python aplicado à análise, tratamento e modelagem de dados, incluindo bibliotecas como pandas, numpy, scikit-learn ou similares;SQL e manipulação de bases relacionais, incluindo relacionamento entre tabelas, granularidade, qualidade dos dados e otimização de consultas;Estatística aplicada e validação analítica, incluindo probabilidade, correlação, testes de hipótese, métricas de erro e interpretação de resultados;Modelagem preditiva, incluindo preparação dos dados, treino, validação, interpretação e acompanhamento de modelos;Raciocínio lógico, organização analítica e comunicação clara para explicar premissas, limitações e recomendações para públicos técnicos e não técnicos.Conhecimentos desejáveis:Experiência com Azure, Databricks, PySpark, notebooks, jobs ou pipelines de dados;Conhecimento de Qlik Sense, QVDs, Excel avançado ou ferramentas de BI;Experiência com séries temporais, forecast, segmentação, modelos de propensão, otimização ou experimentação;Vivência em contextos comerciais, vendas, marketing, precificação, CRM, território ou lead scoring, com noções de documentação, governança e controle de custos em soluções de dados.Informações adicionaisBenefícios que apoiam sua jornadaNa Votorantim Cimentos, oferecemos benefícios para apoiar sua saúde, sua família e seus planos para o futuro:Saúde e bem-estarPlano médico ou seguro-saúde;Plano odontológico;Telemedicina;Auxílio-medicamentos*;Apoio à saúde mental e Pilar 24h;TotalPass e programas de qualidade de vida*.Apoio à famíliaAuxílio-creche ou babá*;Apoio para material escolar*;Programa VC e Seu Bebê*;Vale-enxoval e licença parental estendida*;Benefícios de fim de ano*.Alimentação e mobilidadeVale-alimentação, vale-refeição ou acesso ao refeitório*;Vale-transporte, fretado ou estacionamento*.Segurança financeira e reconhecimentoSeguro de vida;Previdência privada*;Participação nos resultados ou remuneração variável*;Day off de aniversário*;Programa de reconhecimento por tempo de casa.O pacote de benefícios pode variar conforme o negócio, a unidade de trabalho, o cargo, o acordo coletivo e as regras de elegibilidade. Consulte as condições aplicáveis a esta oportunidade ao longo do processo seletivo.Show moreShow less",N/A,On-site/Hybrid,https://www.linkedin.com/jobs-guest/jobs/api/jobPosting/4451061414,2026-08-09
Data Scientist I,Banco Bradesco,"Osasco, São Paulo, Brazil",1 day ago,"Sobre o BradescoA gente acredita no poder da confiança. Confiança que aproxima, orienta e transforma a vida das pessoas no dia a dia. Entrar no Bradesco é fazer parte de um momento real de transformação. Um ambiente que combina a solidez de uma história construída ao longo de décadas com a evolução constante de quem está sempre olhando para frente. Aqui, você encontra espaço para aprender, crescer e assumir protagonismo na sua trajetória, com apoio, estrutura e oportunidades que acompanham o seu desenvolvimento. Mais do que trabalhar em uma grande instituição, é sobre fazer parte de um time que impacta milhões de pessoas, contribui para o desenvolvimento do país e constrói, todos os dias, um futuro mais acessível e sustentável para a sociedade.Sobre a áreaCrédito: Responsável pela estruturação, gestão e evolução das soluções de crédito do banco, atendendo diferentes perfis de clientes e necessidades financeiras. Atua na definição de políticas, análise e concessão de crédito, equilibrando competitividade, rentabilidade e controle de riscos. Contribui para o crescimento sustentável do negócio e para a eficiência na alocação de capital.Como será seu dia a dia?Como Data Scientist I, você atuará na área de Gerenciado e suas principais atividades serão:Realizar análises exploratórias para entender comportamentos e oportunidades de negócio.Desenvolver e validar modelos estatísticos e preditivos.Construir segmentações e clusterizações de clientes.Explorar hipóteses e responder perguntas estratégicas através dos dados.Desenvolver análises utilizando Python e SQL.Apresentar resultados e recomendações para stakeholders.Monitorar resultados e performance de modelos analíticos.Participar de projetos estratégicos de Ciência de Dados.Modelo de trabalhoHíbrido - 3x PresencialUnidade: Osasco - SPPerfil que buscamosValorizamos quem entende o cliente em profundidade, trabalha em parceria e transforma conhecimento em entregas com impacto. Profissionais com senso de dono, consistência na execução e foco em resultado, que evoluem continuamente, compartilham aprendizados e usam tecnologia para transformar desafios em soluções relevantes para o negócio.RequisitosFormação superior completa ou em andamento em Estatística, Matemática, Economia, Engenharia, Ciência de Dados ou áreas correlatas.Conhecimento em Python.Conhecimento em SQL.Conhecimento em Estatística aplicada.Experiência ou conhecimento em análise e manipulação de dados.Conhecimento em Machine Learning básico ou intermediário.Perfil analítico com capacidade de resolução de problemas.Interesse em atuar na interseção entre negócio e dados.Será um diferencial se você tiver:Conhecimento em PySpark.Conhecimento em Databricks.Conhecimento em Power BI.Experiência com projetos de modelagem estatística ou Machine Learning.O que você encontra aquiCuidar de vocêPlano de saúde e odontológicoSeguro de vidaViva Bem: programa de saúde, bem-estar e qualidade de vidaTotalPassCrescer com vocêUniversidade corporativa Bradesco (Unibrad)Parcerias educacionaisSegurança para o seu futuroParticipação nos lucros ou Bônus (conforme a elegibilidade de cargo)Previdência privadaCondições especiais em produtos e serviçosIsenção de Tarifas: condições especiais em diversos produtos e serviçosApoio à sua vida e à sua famíliaVale alimentação e refeição13ª cesta alimentaçãoAuxílio creche ou babáLicença Maternidade de 180 dias, acompanhamento assistencial da gestação até o pós-partoLicença Paternidade estendida de 20 diasVale transporte opcionalTudo pensado para apoiar sua jornada de crescimento com equilíbrio, segurança e oportunidade.DiversidadeNo Bradesco, diversidade é valor e estratégia. Trabalhamos para construir um ambiente inclusivo e um quadro de colaboradores que reflita a diversidade da sociedade brasileira. Por isso, valorizamos pessoas com diferentes histórias e características, como gênero, raça, orientação sexual, deficiência, idade e outras dimensões da diversidade.Se você acredita na confiança como base para transformar, gosta de desafios e quer crescer em um ambiente que evolui junto com você, seu lugar pode ser aqui. Vem ser Bradesco!Show moreShow less",N/A,On-site/Hybrid,https://www.linkedin.com/jobs-guest/jobs/api/jobPosting/4450747171,2026-08-09
Data Scientist III,Banco Bradesco,"Osasco, São Paulo, Brazil",5 days ago,"Sobre o BradescoA gente acredita no poder da confiança. Confiança que aproxima, orienta e transforma a vida das pessoas no dia a dia. Entrar no Bradesco é fazer parte de um momento real de transformação. Um ambiente que combina a solidez de uma história construída ao longo de décadas com a evolução constante de quem está sempre olhando para frente. Aqui, você encontra espaço para aprender, crescer e assumir protagonismo na sua trajetória, com apoio, estrutura e oportunidades que acompanham o seu desenvolvimento. Mais do que trabalhar em uma grande instituição, é sobre fazer parte de um time que impacta milhões de pessoas, contribui para o desenvolvimento do país e constrói, todos os dias, um futuro mais acessível e sustentável para a sociedade.Sobre a áreaCRM: Gerencia estratégias de relacionamento com clientes por meio do uso de dados e inteligência analítica. Atua na segmentação de públicos e na personalização de ofertas, comunicações e jornadas, maximizando relevância e engajamento. Contribui para aquisição, fidelização e crescimento, apoiando decisões comerciais e a evolução da experiência do cliente.Como será seu dia a dia?Como Data Scientist III, você atuará na área de Insights e suas principais atividades serão:Estruturar dados para consumo analítico.Desenvolver pipelines.Trabalhar com Databricks.Desenvolver soluções utilizando Python.Organizar bases de dados.Garantir qualidade dos dados.Apoiar a migração para Cloud.Trabalhar junto às demais Squads.Modelo de trabalhoHíbrido - 1x PresencialUnidade: Osasco - SPPerfil que buscamosValorizamos quem entende o cliente em profundidade, trabalha em parceria e transforma conhecimento em entregas com impacto. Profissionais com senso de dono, consistência na execução e foco em resultado, que evoluem continuamente, compartilham aprendizados e usam tecnologia para transformar desafios em soluções relevantes para o negócio.RequisitosEnsino Superior Completo.Python.Engenharia de Dados.Databricks.Analytics.Será um diferencial se você tiver:CRM.Mercado Financeiro.Inglês intermediário.Conhecimento em Modelos de Propensão.O que você encontra aquiCuidar de vocêPlano de saúde e odontológicoSeguro de vidaViva Bem: programa de saúde, bem-estar e qualidade de vidaTotalPassCrescer com vocêUniversidade corporativa Bradesco (Unibrad)Parcerias educacionaisSegurança para o seu futuroParticipação nos lucros ou Bônus (conforme a elegibilidade de cargo)Previdência privadaCondições especiais em produtos e serviçosIsenção de Tarifas: condições especiais em diversos produtos e serviçosApoio à sua vida e à sua famíliaVale alimentação e refeição13ª cesta alimentaçãoAuxílio creche ou babáLicença Maternidade de 180 dias, acompanhamento assistencial da gestação até o pós-partoLicença Paternidade estendida de 20 diasVale transporte opcionalTudo pensado para apoiar sua jornada de crescimento com equilíbrio, segurança e oportunidade.DiversidadeNo Bradesco, diversidade é valor e estratégia. Trabalhamos para construir um ambiente inclusivo e um quadro de colaboradores que reflita a diversidade da sociedade brasileira. Por isso, valorizamos pessoas com diferentes histórias e características, como gênero, raça, orientação sexual, deficiência, idade e outras dimensões da diversidade.Se você acredita na confiança como base para transformar, gosta de desafios e quer crescer em um ambiente que evolui junto com você, seu lugar pode ser aqui. Vem ser Bradesco!Show moreShow less",N/A,On-site/Hybrid,https://www.linkedin.com/jobs-guest/jobs/api/jobPosting/4448328985,2026-08-09
Data Scientist Specialist,Banco Bradesco,"Osasco, São Paulo, Brazil",4 days ago,"Sobre o BradescoA gente acredita no poder da confiança. Confiança que aproxima, orienta e transforma a vida das pessoas no dia a dia. Entrar no Bradesco é fazer parte de um momento real de transformação. Um ambiente que combina a solidez de uma história construída ao longo de décadas com a evolução constante de quem está sempre olhando para frente. Aqui, você encontra espaço para aprender, crescer e assumir protagonismo na sua trajetória, com apoio, estrutura e oportunidades que acompanham o seu desenvolvimento. Mais do que trabalhar em uma grande instituição, é sobre fazer parte de um time que impacta milhões de pessoas, contribui para o desenvolvimento do país e constrói, todos os dias, um futuro mais acessível e sustentável para a sociedade.Sobre a áreaSegurança Corporativa: Responsável pela proteção de pessoas, informações e ativos da instituição. Atua na prevenção, monitoramento e resposta a riscos e incidentes, garantindo a segurança física e corporativa. Contribui para a continuidade dos negócios e a integridade das operações, fortalecendo a resiliência e a proteção institucional.Como será seu dia a dia?Como Data Scientist Specialist, você atuará na área de Dados e Modelagem e suas principais atividades serão:Desenvolver, implementar e evoluir modelos de Machine Learning para prevenção à fraude, risco e tomada de decisão.Conduzir projetos analíticos de ponta a ponta, desde a identificação da oportunidade até a implantação em produção.Realizar preparação, exploração e análise de dados para geração de insights e desenvolvimento de modelos preditivos.Desenvolver soluções de Inteligência Artificial e IA Generativa aplicadas a desafios de negócio.Implementar processos de deploy, monitoramento, manutenção e acompanhamento de performance dos modelos.Trabalhar em parceria com áreas de Dados, Engenharia e Negócio para traduzir desafios de negócio em soluções analíticas.Atuar como referência técnica para o time em temas relacionados a Ciência de Dados, Machine Learning e IA.Acompanhar tendências de mercado, novas tecnologias e oportunidades de aplicação de Inteligência Artificial.Modelo de trabalhoHíbrido - 3x PresencialUnidade: Osasco - Matriz ou Curitiba - XaximPerfil que buscamosValorizamos quem entende o cliente em profundidade, trabalha em parceria e transforma conhecimento em entregas com impacto. Profissionais com senso de dono, consistência na execução e foco em resultado, que evoluem continuamente, compartilham aprendizados e usam tecnologia para transformar desafios em soluções relevantes para o negócio.RequisitosGraduação completa em Estatística, Matemática, Ciência da Computação, Engenharia, Sistemas de Informação ou áreas correlatas.Pós-graduação, MBA ou especialização em Data Science, Machine Learning, Inteligência Artificial ou áreas afins.Experiência prática em Machine Learning aplicado, especialmente em problemas de classificação, detecção de anomalias e modelagem preditiva.Vivência no desenvolvimento de modelos para ambientes de produção, incluindo monitoramento e acompanhamento de performance.Experiência com Databricks e processamento de grandes volumes de dados.Conhecimento em todo o ciclo de vida de modelos analíticos, desde a preparação dos dados até a operacionalização das soluções.Experiência em atuação conjunta com áreas multidisciplinares e stakeholders de diferentes níveis organizacionais.Domínio de Python e SQL.Será um diferencial se você tiver:Experiência em prevenção à fraude, PLDFT (Prevenção à Lavagem de Dinheiro e Financiamento do Terrorismo), análise de risco ou contextos similares.Vivência em problemas relacionados à detecção de anomalias e identificação de comportamentos suspeitos.Conhecimento e aplicação de IA Generativa, incluindo LLMs, RAG e agentes inteligentes.Experiência em integração de modelos e aplicações por meio de APIs.O que você encontra aquiCuidar de vocêPlano de saúde e odontológicoSeguro de vidaViva Bem: programa de saúde, bem-estar e qualidade de vidaTotalPassCrescer com vocêUniversidade corporativa Bradesco (Unibrad)Parcerias educacionaisSegurança para o seu futuroParticipação nos lucros ou Bônus (conforme a elegibilidade de cargo)Previdência privadaCondições especiais em produtos e serviçosIsenção de Tarifas: condições especiais em diversos produtos e serviçosApoio à sua vida e à sua famíliaVale alimentação e refeição13ª cesta alimentaçãoAuxílio creche ou babáLicença Maternidade de 180 dias, acompanhamento assistencial da gestação até o pós-partoLicença Paternidade estendida de 20 diasVale transporte opcionalTudo pensado para apoiar sua jornada de crescimento com equilíbrio, segurança e oportunidade.DiversidadeNo Bradesco, diversidade é valor e estratégia. Trabalhamos para construir um ambiente inclusivo e um quadro de colaboradores que reflita a diversidade da sociedade brasileira. Por isso, valorizamos pessoas com diferentes histórias e características, como gênero, raça, orientação sexual, deficiência, idade e outras dimensões da diversidade.Se você acredita na confiança como base para transformar, gosta de desafios e quer crescer em um ambiente que evolui junto com você, seu lugar pode ser aqui. Vem ser Bradesco!Show moreShow less",N/A,On-site/Hybrid,https://www.linkedin.com/jobs-guest/jobs/api/jobPosting/4449093725,2026-08-09
Cientista de Dados,Fiesp - Federação das Indústrias do Estado de São Paulo,"São Paulo, São Paulo, Brazil",1 week ago,"DescriçãoLevantar necessidades dos usuários finais, entendendo o contexto organizacional, traduzindo problemas institucionais em problemas analíticos. Avaliar se os problemas requerem estatística, aprendizado de máquina, regras de negócio ou apenas análise descritiva. Definir hipóteses, variáveis, população analisada e critérios de sucesso.Realizar análises descritivas, diagnósticas, preditivas e prescritivas, de acordo com as demandas das áreas de negócio, aplicando métodos estatísticos, matemáticos e computacionais.Utilizar técnicas de ciência de dados, mineração de dados, modelagem estatística, séries temporais, aprendizado de máquina, classificação, regressão, agrupamento, inteligência artificial, identificação de padrões e processamento de linguagem natural em bases estruturadas e não estruturadas, independentemente do volume de dados, para gerar conhecimento, apoiar estudos institucionais e subsidiar a tomada de decisão nos projetos da organização.Colaborar com o Analista de Sistemas Senior na definição de padrões técnológicos para o ambiente de plataforma de infraestrutura e software para análise, modelagem, processamento, armazenamento e arquitetura de sistemas analíticos.Colaborar com Analistas de Dados, Engenheiros de Dados e Analistas de Sistemas Seniores na definição de arquiteturas em sistemas e na implementação de soluções baseadas em dados.Identificar limitações dos dados antes de iniciar o trabalho, identificando adequação, dados ausentes, inconsistências, vieses e valores atípicos. Propor, quando viável, expansão de coleta, tratamento de dados ou outros métodos.Realizar análise exploratória dos dados, investigando distribuições, tendências, correlações e padrões em dados.Produzir análises iniciais que orientem a construção de modelos ou a tomada de decisão.Desenvolver, validar e aperfeiçoar modelos analíticos, estatísticos e de inteligência artificial para apoio à tomada de decisão e geração de conhecimento.Interpretar os resultados obtidos pelos modelos e análises, produzindo relatórios, pareceres técnicos e recomendações para as áreas interessadas.Desenvolver mecanismos de monitoramento e validação de modelos analíticos, promovendo sua evolução contínua e aderência aos objetivos institucionais.Criar e manter documentação técnica dos sistemas, bancos de dados, processos, ativos, que auxiliem a consulta posterior de técnicos, nas diversas atividades da área.Pesquisar, avaliar e propor novas técnicas e adoção de tecnologias, ferramentas e metodologias relacionadas à ciência de dados, inteligência artificial e analytics, visando a evolução contínua das capacidades analíticas da organização.Monitorar recursos tecnológicos através do acompanhamento dos processos de servidores de dados por meio de painéis de gerenciamento, métricas, indicadores, logs e testes conforme a tecnologia envolvida, para garantir bom desempenho, disponibilidade e bom uso.Outros RequisitosEnsino Superior completo em:Ciência de Dados, Estatística, Matemática, Física, Economia, Engenharias, Ciências da Computação ou áreas correlatas.Conhecimentos e HabilidadesInglês IntermediárioEstatísticaEconomiaLógica de programaçãoServiços Azure Data Factory, Azure Databricks, Big Data (Hadoop, Spark etc)Software especialista em estatísticaLinguagens e tecnologias para programação (Python, R)Linguagens e tecnologias para visualização e análise de dados (PowerBI desktop, PowerBI Pro)Levantamento de RequisitosDesenvolvimento de aplicações de análise de dados (Analytics), BI (Business Inteligence)Desenvolvimento para bancos de dados SQL ServerConhecimento dos recursos administrativos (SQL Agent, Integration Services, Jobs SQL, T-SQL, DDL), Cloud computing, Microsoft Azure, Webservices, XML/XSD, API, JSON/Rest.Show moreShow less",N/A,On-site/Hybrid,https://www.linkedin.com/jobs-guest/jobs/api/jobPosting/4447187469,2026-08-09
Cientista de Dados ( Machine Learning),RCB Investimentos,"São Paulo, São Paulo, Brazil",4 days ago,"Grupo RCB Investimentos, é uma das principais empresas de gestão e recuperação de crédito. Sendo um parceiro direto do Banco Bradesco, administrando seus contratos de forma transparente e ágil.🚀 Estamos em busca de um(a) Cientista de Dados com experiência em Machine Learning para integrar e impulsionar nosso time de AnalyticsResponsabilidades e Atribuições:Desenvolvimento, manutenção e monitoramento de modelos estatísticos e de machine learning;Desenvolvimento de ferramentas e suporte analítico para as outras áreas da empresa;Possibilidade de executar as etapas de coleta/preparação dos dados, análise exploratória, ajuste de modelos e visualização.Requisitos e Qualificações:Habilidades e BackgroundFortes habilidades em Matemática e Estatística;Abstração de conceitos em linguagem matemática;Pensamento orientado a dados;Conhecimentos em linguagem de programação R e/ou Python;Conhecimentos em modelos de regressão e/ou classificação.DesejávelConhecimento prévio em modelagem estatística/machine learning.Perfil comportamentalAnalítico, crítico, proativo e colaborativo;Boas habilidades interpessoais, raciocínio lógico, tenha interesse em crescer e ser engajado.O que oferecemos?🎯 Bônus por Performance: até 8 salários ao ano;🏥 Plano de Saúde Bradesco – 100% coberto para o titular🦷 Plano Odontológico Bradesco – opcional;🍽️ Vale Refeição/Alimentação de R$57,14/dia no Cartão Flexível Caju🚗 Vale Transporte ou Vale Combustível – você escolhe a melhor forma de chegar, sem desconto em folha;🏋🏻 TotalPass – acesso a academias, estúdios e bem-estar com desconto exclusivo;🏡 Auxílio Home Office;💆🏻Quick Massage no escritório;🎉 Day Off no mês do seu aniversário;📈 Plano de Carreira Estruturado – crescimento real e oportunidades de desenvolvimento;💼 Modelo Híbrido de Trabalho;📍 Localização: Berrini I São Paulo/SPShow moreShow less",N/A,On-site/Hybrid,https://www.linkedin.com/jobs-guest/jobs/api/jobPosting/4446661349,2026-08-09
DATA SCIENTIST,Zurich Insurance,"São Paulo, São Paulo, Brazil",1 week ago,"About UsZurich Insurance Company is a leading provider of insurance products and services, committed to delivering innovative solutions and exceptional customer service. Our ZCAM (Zurich Customer Active Management) team turns customer data into practical business solutions to drive the implementation of our ambitious customer strategy. If you are a talented and experienced Data Scientist, passionate about transforming complex data into actionable insights and have a strong background in machine learning, agentic AI, and developing innovative solutions, we would love to hear from you.So make a difference. Be challenged. Be inspired. Be supported, Love what you do. Work for us.The opportunity: DATA SCIENTISTJob DescriptionThe Data Scientist will be responsible for designing, developing, and deploying advanced analytics solutions that power data-driven decisions across the Zurich organization. You will work with large-scale datasets, implement machine learning models in production environments, and leverage emerging AI technologies including LLMs to solve complex business problems. By combining technical excellence with business acumen, you'll help create a robust data foundation that drives innovation and growth.ResponsibilitiesDesign, develop, and deploy machine learning models, AI agents, LLM-based solutions, and analytics solutionsSource, collect and analyse new data sourcesWork closely with development teams to implement features into productionWork closely with business stakeholders to translate complex technical concepts into actionable business insightsResearch, prototype, and implement emerging AI/ML technologies, particularly in generative AI and modern data science toolsContribute to the development of data science roadmaps and architectural decisions for scalable analytics solutionsRequirementsUniversity degree in physics, math, computer science or a related fieldProfessional experience in related role and/or demonstrated competency (projects) utilizing relevant technologiesProficient in Python with experience building production systems.Strong foundation in unstructured data modeling, combining techniques such as OCR, LLM-based extraction, data format consistency, and regular expressions, along with software engineering best practices including version control, testing frameworks, and code documentation.Experience with machine learning tools in big data environmentsPractical experience with LLM APIs (OpenAI, Anthropic, etc.), prompt engineering, and response optimizationExperience with SQL/NoSQL databasesStrong problem-solving skills, analytical mind and attention to detailExcellent verbal and written communication skills including the ability to explain technical issues to a non-technical audiencePrior experience in financial institutions, consulting firms, or other similar industries is a plusAbility to quickly build Proofs of Concept (POCs), MVPs, and tests to demonstrate value and validate innovative solutions in an agile manner.Experience with dashboard and data visualization tools such as Power BI, Streamlit, or similar is a plus.Strong proficiency in both English and Portuguese is required, Spanish language skills are a plusAdditional InformationWe look forward to receiving your online application.Zurich wants to attract the best talent and we acknowledge that talents might not always be available full-time. At Zurich we will consider requests for flexible working. Many of our employees work flexibly in a variety of ways. Please talk to us during the interview about the flexibility you may need.EM SUA JORNADA A GENTE TE APOIA COM:Ambiente de trabalho acolhedor;Jornada de 7h30/dia.UniZurich (nossa Universidade Corporativa);Day Off de Aniversário;Equilíbrio Z (nosso programa de promoção da Saúde e Bem-estar);Convênios/Parcerias com Universidades, Instituições;Gympass;Assistência Médica Bradesco (extensivo a cônjuge e filhos);Assistência Odontológica Bradesco (extensivo a cônjuge e filhos);Auxílio Creche/Babá (R$ 460,00 – para filhos até 5 anos e 11 meses);Diferenciais nos produtos da Zurich (seguro de carro, seguro de vida etc.)Licença Parental (independente de estado civil, gênero ou orientação sexual, para filhos biológicos e/ou adotivos de qualquer idade);Seguro de Vida;PLR;Auxílio Home Office;Vale transporte ou reembolso Fretado;Previdência Privada (contribua com até 6% de seu salário que a Zurich aportará a mesma porcentagem);Vale Alimentação – R$ 805,83 ao mês;13º Vale Alimentação (dezembro);Vale Refeição – R$ 1.042,58 ao mês.Assistência Viagem Familiar (24 horas)Assistência funeral para grupo familiar (cônjuge, filhos, pais e sogros);Cesta Natalidade: valor de R$ 702,82 para despesas vinculadas ao nascimento.PreviJúnior, um plano de previdência complementar com um aporte único no valor de R$ 1.000,00.Assistência Pet (cães e gatos): Consultas, cirurgias, exames, assistência funeral e muito mais!Location: Brazil - São Paulo/SPShow moreShow less",N/A,On-site/Hybrid,https://www.linkedin.com/jobs-guest/jobs/api/jobPosting/4445784016,2026-08-09
Cientista de Dados II - Home,Serasa Experian,"São Paulo, São Paulo, Brazil",2 weeks ago,"Company DescriptionA Experian é uma empresa global de dados e tecnologia que impulsiona oportunidades para pessoas e empresas ao redor do mundo. Atuamos em diversos mercados, como serviços financeiros, saúde, automotivo, agronegócio, seguros, entre outros. A Experian investe em pessoas e em novas tecnologias avançadas para liberar o poder dos dados. Contamos com uma equipe incrível de 25.200 colaboradores em 32 países.Nossa singularidade é valorizar a sua. A cultura da Experian, centrada nas pessoas, inclusiva e orientada por propósito, é reconhecida por diversos prêmios — incluindo World’s Best Workplaces™ 2025 (Top 25 global da Fortune) e Great Place To Work™ em 26 países, entre outros. Confira o Experian Life nas redes sociais ou explore nosso site de carreiras para entender o porquê. A Experian também se orgulha de ser uma empregadora que promove igualdade de oportunidades e ação afirmativa.Job DescriptionDescrição do trabalhoEstamos Com Uma Oportunidade Em Analytics No Time De Data Intelligence, Sendo Esta Área Responsável Pela Análise e Estruturação De Dados e Desenvolvimento De Novas Features. Se Você Gosta De Estudar e Está Sempre Disposto a Buscar Novos Conhecimentos Aqui Pode Ser Seu Lugar. Trabalhamos Com Diferentes Tipos De Informação e Estamos Sempre Em Busca De Novas Fontes De Dados. Por Se Tratar De Uma Área Focada Em Desenvolvimento, é Extremamente Importante Que Você Seja Capaz De Inovar e Propor Novas Soluções. Para Isto, Ter Conhecimento Na Área Crédito, Cobrança Ou Seguros é Um Grande Diferencial. Dentre Suas Principais Atividades Do Dia a Dia, Podemos DestacarEstudo de novas fontes de dados;Estruturação de bases;Construção de variáveis baseadas em Feature Learning;Avaliação de performance e aderência de features em modelos de score;Criação de novas soluções para todos os segmentos de mercado a partir de técnicas estatísticas;Buscamos um profissional que possua conhecimento em manipulação de dados, modelagem estatística e Big Data. É necessário possuir ensino superior completo na área de exatas e ter conhecimento de programação em Python.Como perfil pessoal é importante que seja analítico, tenha capacidade para adaptar-se, seja proativo, tenha iniciativa e adore novos desafios.QualificationsQualificaçõesPythonPysparkManipulação de DadosFeature LearningMachine LearningSQLAdditional InformationA Serasa Experian é muito mais do que você imagina. Com o propósito de criar um futuro melhor, ampliando oportunidades para pessoas e empresas, no Brasil somos mais de 4 mil pessoas que atuam em diversos times e especialidades. Aqui, cada conhecimento e diversidade se complementa e você pode trabalhar no que mais ama, estamos comprometidos a construir uma cultura inclusiva e um ambiente no qual pessoas possam equilibrar a carreira com seus compromissos e interesses pessoais, prezando pelo bem-estar.A gente se dedica muito em ser uma das melhores e mais inovadoras empresas para se trabalhar do país, possibilitando experiências e carreiras incríveis para nossas pessoas. Nossa forte abordagem de pessoas em primeiro lugar é reconhecida externamente por meio de diversas certificações de mercado: fomos premiados pelo Great Place To Work™ em 24 países e pela certificação internacional Top Employers, além de sermos reconhecidos como uma das melhores empresas para jovens profissionais e contarmos com uma avaliação de 4,6 no Glassdoor. Cada reconhecimento nos indica que estamos no caminho certo, proporcionando um ambiente de trabalho cada vez melhor para nossos talentos.Experian Careers - Creating a better tomorrow togetherFind out what its like to work for Experian by clicking hereShow moreShow less",N/A,On-site/Hybrid,https://www.linkedin.com/jobs-guest/jobs/api/jobPosting/4443071814,2026-08-09
Data Scientist – Business Analytics & AI,Motorola Solutions,"São Paulo, São Paulo, Brazil",1 week ago,"Company OverviewAt Motorola Solutions, we believe that everything starts with our people. We’re a global close-knit community, united by the relentless pursuit to help keep people safer everywhere. We build and connect technologies to help protect people, property and places. Our solutions foster the collaboration that’s critical for safer communities, safer schools, safer hospitals, safer businesses, and ultimately, safer nations. Connect with a career that matters, and help us build a safer future.Department OverviewMotorola Solutions Video Security & Access Control (VS&A) provides trusted security technologies to organizations worldwide. Through brands including Avigilon, Pelco, IndigoVision, and Alta, we develop industry-leading video security, analytics, access control, and cloud-based solutions that protect people, property, and places. Safety and security are at the heart of everything we do as we advance our mission of ""Solving for safer"". As part of our commitment to continuous innovation, we are investing heavily in data, analytics, and artificial intelligence to build a more intelligent, responsive, and customer-centric organization.Job DescriptionWe are seeking aData Scientist – Business Analytics & AIto help shape the future of data-driven decision-making within our VS&A business unit. In this role, you will combine advanced analytics, AI technologies, and strong business acumen to translate complex customer, subscription, ERP, CRM, and financial datasets into actionable outcomes. You will work across enterprise platforms to build predictive models, leverage Large Language Models (LLMs), and implement solutions powered by Priority Intelligence™ and Assist to empower sales leaders and business partners.At Motorola Solutions, everything starts with our people. We foster an inclusive, people-first culture where curious minds are empowered to challenge assumptions, validate source logic, and explore the ""why"" behind the data. A successful candidate will thrive in navigating ambiguity, connecting technical workflows to operational outcomes, and delivering the Assisted Experience—augmenting human decision-making with intelligent insights. A Bachelor's degree or equivalent practical experience is valued across our team.Key ResponsibilitiesAdvanced Analytics & AI InnovationDesign and develop advanced analytical solutions and machine learning models that drive sales effectiveness, customer retention, and revenue growthEvaluate and implement Large Language Model (LLM) workflows and AI tools using Priority Intelligence™ frameworks to augment business decision-makingAnalyze customer lifecycle data, subscriptions, entitlements, assets, orders, and usage trends to uncover actionable insightsEnterprise Data Architecture & API IntegrationDevelop scalable data products and analytical frameworks across enterprise platforms including Salesforce, SAP, NetSuite, and OracleBuild REST APIs and data integrations that enable automated analytics workflows and seamless data accessPartner with Data Engineering teams to observe ETL pipelines, data lineage, and downstream impacts of transformationsBusiness Decision Support & ValidationValidate source system data and business logic to help to ensure analytical outputs accurately reflect operational realityInvestigate data anomalies, reconcile system discrepancies, and maintain data trustworthiness across business domainsCommunicate technical concepts, financial implications, and predictive insights to technical and non-technical stakeholdersBasic RequirementsBasic RequirementsBachelor's degree in Data Science, Computer Science, Statistics, Mathematics, Engineering, Economics, Finance, Accounting, or a quantitative field2+ years of experience in Data Science, Advanced Analytics, or Business IntelligenceJob RequirementsTechnical ExpertiseSQL & Relational Databases to write complex queries, aggregate enterprise datasets, and analyze database structuresPython Development to build analytics pipelines, machine learning models, automation scripts, and REST APIsREST API Integration to connect external data sources and automate analytical workflowsPredictive & ML Modeling to design statistical models, forecast trends, and analyze customer behaviorsEnglish Communication to articulate technical findings, explain business implications, and collaborate with global stakeholders in written and spoken EnglishProfessional ExperienceCross-System Analytics to analyze, evaluate, and synthesize complex datasets across enterprise ecosystemsProblem Solving to independently investigate ambiguous business challenges from concept through executionStakeholder Influence to translate analytical findings into clear business choices for leadership teamsPreferred Qualifications (Optional)Experience working with Large Language Models (LLMs), Generative AI, Retrieval Augmented Generation (RAG), vector databases, or AI-enabled analytics solutionsExperience working with Salesforce, SAP, NetSuite, Oracle, or similar enterprise platformsExperience with Tableau or enterprise visualization platformsUnderstanding of ETL pipelines, data architecture, and data modeling conceptsExperience supporting sales, finance, revenue operations, customer success, or go-to-market organizationsUnderstanding of revenue, bookings, subscriptions, renewals, customer hierarchies, and financial reportingExperience reconciling data across systems to identify root causes of data quality issuesExperience building and deploying production-grade analytical or machine learning solutionsTravel RequirementsNoneRelocation ProvidedNonePosition TypeExperiencedReferral Payment PlanYesEEO StatementMotorola Solutions is an Equal Opportunity Employer. All qualified applicants will receive consideration for employment without regard to race, color, religion or belief, sex, sexual orientation, gender identity, national origin, disability, veteran status or any other legally-protected characteristic.We are proud of our people-first and community-focused culture, empowering every Motorolan to be their most authentic self and to do their best work to deliver on the promise of a safer world. If you’d like to join our team but feel that you don’t quite meet all of the preferred skills, we’d still love to hear why you think you’d be a great addition to our team.Show moreShow less",N/A,On-site/Hybrid,https://www.linkedin.com/jobs-guest/jobs/api/jobPosting/4447255147,2026-08-09
Cientista de Dados Especialista I,Porto,"São Paulo, São Paulo, Brazil",1 week ago,"Descrição da vagaA área de Ciência de Dados da Porto atua junto às áreas de negócio da Vertical de Seguros para entregar soluções que superem as expectativas dos nossos clientes e parceiros. Nosso objetivo é fornecer análises e modelos assertivos que orientem a tomada de decisão, contribuindo para a simplificação, flexibilização e redução dos custos operacionais, sem comprometer a excelência dos nossos serviços.Responsabilidades e atribuiçõesParticipar da estruturação de problemas da operação, relacionando-os com tecnologias, modelagem estatística e matemática.Planejar, desenvolver e manter modelos de Machine Learning e séries temporais.Desenvolver e implementar modelos de Machine Learning aplicados a problemas reais de negócio.Explorar grandes volumes de dados para identificar padrões, tendências e oportunidades.Monitorar continuamente a performance dos modelos (drift, estabilidade e métricas técnicas e de negócio).Conduzir análises avançadas para direcionar decisões estratégicas.Comunicar resultados e insights por meio de visualizações claras e objetivas.Atuar em parceria com as áreas de negócio, traduzindo problemas em soluções analíticas de impacto.Auxiliar os times de operações na interpretação dos resultados e na recomendação de melhorias para os processos.Participar do processo de validação e implementação dos modelos desenvolvidos.Requisitos e qualificaçõesGraduação em Estatística, Engenharias, Economia, Matemática Aplicada, Ciência da Computação ou áreas correlatas.Experiência com análise exploratória de dados.Experiência com modelos preditivos, como Modelos Lineares, Regressão Logística, Random Forest, Boosting, entre outros.Experiência com modelos não supervisionados.Habilidade para se comunicar em ambientes colaborativos e multidisciplinares.Diferenciais:Mestrado ou Doutorado em Estatística, Economia ou áreas correlatas.Experiência com simulação de eventos discretos e otimização.Conhecimento em computação em nuvem.Informações adicionaisNossos benefícios e local de trabalho:Vale Alimentação e Refeição Flexíveis;Plano de Saúde;Plano Odontológico;Wellhub e TotalPass;Academia Bio Ritmo exclusiva para Colaboradores: no Complexo Matriz;Participação nos Lucros - PLR;Programa de Ações: Porto em Ação complementar à PLR até 2025;Quadras de Areia e Poliesportiva: no Complexo Matriz;Vale-Transporte;Serviços de Transporte de Vans; disponibilizadas nas principais estações de acesso à Porto (Luz, Barra Funda, Santa Cecília e Júlio Prestes);Licença Parental Estendida: até 40 dias para todas as configurações familiares;Licença Maternidade: Estendida de 6 meses;Ambulatório Médico com Especialidades: no Complexo Matriz e Barra Funda;Auxílio creche ou babá;Seguro de Vida;Previdência Privada: PortoPrev;Desconto em Produtos e Serviços;Bolsa de estudos: Reembolso para graduação, pós ou MBA;Corridas mensais: subsídio para as principais corridas de ruas de São Paulo;Reembolso para idiomas (inglês ou espanhol);Teatro Porto: sessões exclusivas para Colaboradores;Biblioteca;Sala de descanso: no completo Matriz;Salão de jogos: no completo Matriz;Serviços de massagem e podologia: no completo Matriz.Local de trabalho: Campos Elíseos – Centro de São Paulo – SPNa Porto, Você Importa!A Porto é muito mais que uma seguradora: é um ecossistema gigante que utiliza tecnologia para criar soluções, através de quatro verticais de negócio:Porto Bank, Porto Saúde, Porto Seguro e Porto Serviço.A reputação e o reconhecimento conquistados ao longo de mais de 80 anos reforçam o tamanho da Porto, uma empresa referência em negócios, feita para e por pessoas.Aqui, bate no peito de 13 mil colaboradores oorgulho de fazer parte de uma organização sólida e ética,que transforma sonhos em realidades fantásticaspara os nossos mais de 18 milhões de clientes. São mais de 101 sucursais e escritórios regionais em todo o Brasil.O aprendizado faz parte do nosso DNA, e aqui, você teráincentivos, ferramentas e gente boa para você aprender e crescer, a cada dia,um ambiente de acolhimento e segurança, onde cada um possa ser e se orgulhar de quem se é, promovendo um espaço de respeito evivendo de forma integral e com bem-estar, em uma empresa genuinamente humana.DIVERSIDADE & INCLUSÃO NA PORTONa Porto, valorizamos a diversidade e acreditamos que um time plural é essencial para o desenvolvimento do nosso negócio, da sociedade e de cada indivíduo. Afinal, a inovação nasce de visões únicas!Juntos, trabalhamos diariamente para construir um espaço seguro, livre e respeitoso. Por isso,incentivamos fortemente a candidatura de mulheres, pessoas negras e indígenas, pessoas com deficiência e pessoas LGBTQIA+em todas as nossas vagas.Show moreShow less",N/A,On-site/Hybrid,https://www.linkedin.com/jobs-guest/jobs/api/jobPosting/4446514281,2026-08-09
Cientista de Dados - Seg. da Informação,Einstein Hospital Israelita,"São Paulo, São Paulo, Brazil",2 weeks ago,"Sobre nósCom mais de 70 anos de existência, o Einstein Hospital Israelita ainda mantém uma premissa: inovar e crescer, sempre com excelência. Ajudamos a salvar vidas, difundir o conhecimento em educação, prevenção e inovação em saúde. Além da atuação em setores assistenciais, temos oportunidades na área de Inovação, Tecnologia, Pesquisa, Ensino, entre outras. Seguimos oferecendo qualidade, afirmando nosso compromisso com a Responsabilidade Social e com o propósito de levar uma gota de Einstein para cada cidadão. Valorizamos a diversidade e inclusão de todos os talentos e buscamos profissionais que compartilhem deste mesmo propósito!Informações sobre a oportunidadeLocal de trabalho: Faria Lima - SPHorário: 08h às 18hÁrea de trabalho: Canais Digitais e Seg. da InformaçãoModelo: Híbrido - 2x presencialSumárioBuscamos Cientista de Dados para atuar em um time de pesquisa e sustentação de Segurança da Informação e Segurança de IAs. A pessoa aplicará matemática, estatística, machine learning e mineração de dados para identificar padrões, avaliar riscos, apoiar decisões estratégicas e desenvolver soluções analíticas para problemas específicos de segurança — do monitoramento de ameaças à avaliação de vulnerabilidades em modelos de IA. Perfil investigativo, com forte capacidade de tradução entre dados e negócio e comunicação eficaz para públicos técnicos e executivosResponsabilidadesModelar e analisar fluxos complexos de segurança: logs, ameaças, resposta a incidentes e datasets para segurança ofensiva.Avaliar qualidade de dados e riscos de IA generativa (alucinações, prompt injection, manipulação de contexto, uso inadequado de ferramentas).Extrair, tratar e organizar grandes volumes de dados estruturados, semi-estruturados e não estruturados de múltiplas fontes.Desenvolver modelos preditivos e prescritivos aplicados a segurança e a decisões institucionais.Projetar experimentos estatísticos e algoritmos de análise para identificar padrões, tendências e oportunidades.Comunicar previsões e resultados por meio de visualizações e storytelling para públicos técnicos e executivos.Recomendar mudanças em procedimentos e estratégias com base em evidências analíticas.RequisitosGraduação completa em Estatística, Matemática, Computação, Dados ou áreas correlatas.Inglês avançado.Conhecimento em IA generativa: transformers, diffusion, foundational agents e feedback loops.Experiência com técnicas de ataque a IAs.Deep learning e reinforcement learning (CNN, RNN, GAN, Q-learning, TD-learning, algoritmos genéticos).Otimização (Gurobi) e experiment design (A/B, bootstrapping, estatística bayesiana, SMART).Bancos NoSQL (Cassandra, MongoDB) e ecossistema Hadoop (Spark, Kafka, Hive, HDFS).Controle de versão (Git), debugging, testing e model deploy.Conhecimentos TécnicosSegurança de IA: Databricks AI Security Framework (DAIF), OWASP Top 10 LLM/Agentic, guardrails e data poisoning.Segurança geral: ISO 27001, NIST CSF, OWASP Top 10, security by design, threat modeling, S-SDLC e DevSecOps.Matemática e estatística: cálculo multivariável, álgebra linear, estatística descritiva/inferencial, probabilidade e testes de hipótese.Programação em Python, R, SQL e bibliotecas para Data Science (TensorFlow, Keras, NumPy, Pandas, Tidyverse).Machine Learning supervisionado e não supervisionado (decision trees, random forest, SVM, redes neurais, clustering, PCA, SVD).Data wrangling, queries em bancos relacionais e visualização (Matplotlib, Seaborn, ggplot, Shiny).Comunicação, visualização e storytelling com dados para diferentes públicos.Etapas do Processo seletivoAnálise curricularEntrevista com RH e áreaEntrevista técnica se necessárioEntrevista com GestorEinstein Benefícios – Compartilhando Bem-EstarCuidados com a saúde:Programa Cuidar com serviços realizados no Einstein para promover a saúde e bem-estar dos colaboradores e dependentes, Clínicas Einstein, Telemedicina, Convênio Farmácia, Convênio Médico, Assistência Odontológica e Consultório Dental in Company.Bem-Estar:Wellhub (Gympass), TotalPass, Coral, Programa de Orientação Pessoal e SESC.Para você e sua família:Licença paternidade estendida, Seguro de Vida, Creche ou Auxílio Creche para mães ou pais com guarda legal, Auxílio para Filhos com Deficiência e Previdência Privada com taxa zero.Alimentação:Vale Alimentação, Vale Refeição ou Refeitório no local de trabalho.Mobilidade:Vale Transporte, Fretado, Estacionamento, Aplicativo de Caronas e Circular Metrô.Clube de Benefícios:Para economizar e obter vantagens nas compras de produtos e serviços de diversas categorias, como Beleza e Fitness, Comer e Beber, Compras, Cultura e Lazer, Educação Ensino Einstein, Turismo e muito mais.Programa Mais Conectados:Trabalho remoto nas modalidades Teletrabalho ou Híbrido conforme atividade e área de atuação.**Os benefícios podem sofrer alteração de acordo com a convenção coletiva, unidade de trabalho e políticas vigentes.IMPORTANTE: Para sua segurança, esclarecemos que o Einstein não cobra valores para participação em processos seletivos e não exige a realização de cursos ou pagamentos de qualquer natureza como condição para candidatura às nossas oportunidades. Em caso de dúvidas, consulte nossos canais oficiais.Show moreShow less",N/A,On-site/Hybrid,https://www.linkedin.com/jobs-guest/jobs/api/jobPosting/4441543655,2026-08-09
Cientista de dados,dr.consulta,"São Paulo, São Paulo, Brazil",1 week ago,"Buscamos um(a) Data Scientist analítico(a), proativo(a) efocado(a) em resolução de problemas para transformar dados em inteligência denegócio. Nesta função, você liderará o ciclo de vida completo de modelos preditivos eanálises estatísticas, desde a extração de dados no Google Cloud Platform (GCP) atéa entrega de insights acionáveis em dashboards e a implementação de soluções deMachine Learning.Principais Responsabilidades:• Desenhar, executar e mensurar testes A/B rigorosos para validar hipótesesde produtos e campanhas.• Desenvolver e implantar modelos de Machine Learning em produção.• Analisar grandes volumes de dados de usuários do nosso aplicativo paramapear a jornada do cliente, identificar gargalos e propor melhorias contínuas.• Auxiliar os times de negócios na avaliação de produtos, impulsionando umatomada de decisão orientada a dados (data-driven).• Colaborar ativamente com engenheiros de dados e stakeholders de negócios,garantindo a qualidade e a governança dos dados.Requisitos Técnicos:• Sólida experiência em programação com Python, incluindo bibliotecas deanálise/manipulação de dados (Pandas, NumPy) e frameworks de MachineLearning (scikit-learn, TensorFlow/PyTorch).• Domínio de SQL para extração e transformação de dados em bancosrelacionais e analíticos.• Conhecimento avançado em Estatística e Modelagem Matemática(inferência estatística, testes de hipóteses para validação de testes A/B,regressões e distribuições de probabilidade).• Experiência prática com ecossistema de Cloud (preferencialmente GCP, ouAWS/Azure).• Experiência na construção de dashboards interativos e storytelling comdados utilizando ferramentas como Tableau, Looker Studio ou Power BI.• Conhecimento em versionamento de código (Git/GitHub).Diferenciais:• Conhecimento em pipelines de MLOps e ferramentas de orquestração (ex:Airflow, Kubeflow).• Familiaridade com ferramentas de analytics de produto (Firebase, AppsFlyer,Google Analytics 4).• Conhecimento em metodologias ágeis (Scrum/Kanban).Oferecemos um pacote de benefícios completo para cuidar de você:🩺 Assistência Médica oferecida conforme a sua elegibilidade🍽️ Vale Refeição e 🛒 Vale Alimentação para suas refeições diárias💪 TotalPass para cuidar do seu bem-estar físico🚌 Vale Transporte para facilitar seu deslocamento👶 Auxílio Creche, conforme CLT, para apoio na educação infantil💳 Cartão Dr. Consulta com vantagens exclusivas em saúdeShow moreShow less",N/A,On-site/Hybrid,https://www.linkedin.com/jobs-guest/jobs/api/jobPosting/4445528637,2026-08-09
Cientista de dados pleno,HUPDATA,"São Paulo, São Paulo, Brazil",10 months ago,"Nesta função, você trabalhará para grandes empresas, conduzindo análises aprofundadas de dados, para resolver problemas reais de clientes. Você trabalhará com equipes para coletar, agregar, combinar, consolidar e confirmar dados quanto à qualidade e precisão. Aplicar modelos de algoritmos estatísticos, como séries temporais, análise de sobrevivência, regressão, árvore de decisão, médias K e redes neurais, etc., para compreender e prever eventos de negócios. Desempenhar um papel fundamental nas equipes de Customer Analytics responsáveis pela implementação de uma estratégia de ponta baseada em dados para nossos clientes.Importante: morar em São Paulo ou arredores, com facilidade para ir para SP.Disponibilidade para viagens para ministrar treinamentos, workshops, realizar apresentações técnicas para clientes.Atividades:Coletar, limpar e pré-processar dados de diversas fontes, garantindo a qualidade para a análise.Desenvolver e implementar modelos de Machine Learning para resolver problemas de negócio.Realizar análises estatísticas para identificar padrões, tendências e insights valiosos.Criar dashboards e visualizações claras e eficientes para comunicar os resultados a times não técnicos.Ministrar treinamentos e workshopsRealizar apresentações.Elaborar propostas de solução.Requisitos Técnicos (Hard Skills)Formação: Graduação em Estatística, Matemática ou Ciência da Computação.Programação: Proficiência em Python ou R, com experiência em bibliotecas como Pandas, NumPy, Scikit-learn.Bancos de Dados: Experiência com SQL e conhecimento de bancos de dados relacionais e/ou não-relacionais.Modelos de Machine Learning: Experiência prática com:Modelos de classificação e regressão (ex: Árvores de Decisão, Random Forest, Regressão Logística).Modelos de aprendizado não supervisionado (ex: K-Means, DBSCAN) para segmentação.Conhecimento de modelos de séries temporais (ex: ARIMA, Prophet) para previsão de demanda.LLM: familiaridade com Large Language Models (LLMs) (ex: GPT, BERT) e técnicas de prompt engineering.Visualização de Dados: Experiência com ferramentas como Tableau e/ou Power BI.Conhecimento de plataformas de nuvem: AWS, Google Cloud e/ou Azure.Diferencial:conhecimento em KNIME.Habilidades Comportamentais (Soft Skills)Proatividade e Resolução de Problemas: Foco em encontrar soluções eficientes e propor novas abordagens para os desafios.Comunicação Efetiva: Capacidade de traduzir resultados técnicos em insights claros e acionáveis para públicos não técnicos.Colaboração e Trabalho em Equipe: Disposição para trabalhar de forma integrada com engenheiros de dados, desenvolvedores e gerentes de projeto.Pensamento Crítico e Foco em Resolução de Problemas: Curiosidade para entender a raiz dos problemas de negócio e a capacidade de pensar em soluções criativas e pragmáticas.Orientação a Resultados e Responsabilidade: Comprometimento com a entrega de soluções no prazo, com foco em agregar valor real ao negócio.Adaptação e Aprendizado Contínuo: Capacidade de se manter atualizado com novas tecnologias e metodologias em um ambiente de rápida evolução.Show moreShow less",N/A,On-site/Hybrid,https://www.linkedin.com/jobs-guest/jobs/api/jobPosting/4305935073,2026-08-09
Grupo QuintoAndar | Staff Data Scientist (Women Applicants Only),QuintoAndar,"São Paulo, São Paulo, Brazil",1 week ago,"About Grupo QuintoAndarWe are Grupo QuintoAndar, the largest real estate ecosystem in Latin America. Guided by a shared purpose of helping people love where they live, we have a diversified portfolio of brands and solutions across different countries in Latin America, covering all phases of the housing journey. We also have a Technology Hub in Portugal. We develop technology and innovation to transform and enhance the overall living experience.With the support of a world-class team of investors and advisors, including Kaszek, Qualcomm, General Atlantic, and SoftBank, Grupo QuintoAndar is currently valued at over USD 5.1 billion and continues to grow year over year.Here, you will work with top professionals in the market, in an environment that breathes innovation, collaboration, and high performance. To learn more about our story, visit: https://grupoquintoandar.com/pt/.Why is this a diversity-focused position for women?At QuintoAndar Group, we are committed to promoting gender diversity across our teams. We want to see more women in strategic positions within our technical teams, and we believe we can achieve this through intentional opportunities and actions. This is part of a larger plan to strengthen an equitable culture across multiple aspects. It is worth noting that for this vacancy, our selection process has not undergone any changes in terms of stages or evaluation methods.Location & Remote WorkOur technology team operates under a ""remote-first"" model, which means we work from home and can live anywhere in Brazil. We also offer the option of working from our São Paulo offices or partner coworking spaces, up to twice a week.Hiring Process StagesThe stages of our hiring processes aim to assess your experiences and allow you to meet our teams and explore career opportunities. They are structured as follows:ApplicationInterview with RecruiterTech ScreeningTechnical Interviews with Data TeamOfferAbout the AreaIn our Data Science team, you'll have the chance to work as a part of our product squads delivering features that enrich our product and a first class experience that we are known for. You'll work alongside brilliant minds, with different skills: Product Managers, Designers, UX Writers, Data Scientists, Machine Learning Engineers, Software Engineers, etc. Be prepared for the job of your life - hard challenges, high expectations, intelligent life at work, meaningful conversations, outstanding productivity. Some of the specific problems we work in the Data Science team include search and recommendation systems; customer experience enhancement using ML such as in automatic routing of tickets; pricing, liquidity and credit models; building a platform that enables us to develop and deploy all those solutions.ResponsibilitiesArchitect, develop and deploy machine learning systems to production. The main use cases are related to chatbots and search.Design and execute experiments.Analyze a wide variety of data (structured and unstructured, observational and experimental) to improve current models or create new onesApply the scientific method to develop LLM-powered applications, including testing different prompts, exploring and understanding LLM capabilities, evaluating agents and prompts, assessing AI application guardrails, and building PoCs to validate the feasibility of generative AI for product features.Participate actively in discussions and decisions regarding the whole Data Science chapter (Guilds, Design Reviews, Demos, etc.)What we are looking for:People that are seeking to learn and deliver real impact through Data ScienceExpert knowledge of machine learning concepts: regression and classification, clustering, neural networks, feature selection, cross-validation, curse of dimensionality, bias-variance tradeoff, model explainability, etc.;Good understanding of the engineering challenges to deploy machine learning systems to production;Proficiency in Python;Some knowledge or experience with Deep LearningExperience with technical advice for other data scientists (technical leadership);Excellent written and verbal technical communication skills. We're looking for someone who loves Data Science & Machine Learning and is willing to share his/her knowledge with the other members of the Data Science Chapter;Good English skills (verbal and written) is mandatory.You'll stand out if you:Have a MSc. (or Undergrad + intense experience) in machine learning, data science, information retrieval, ranking systems, recommender systems, natural language processing or other relevant fields.Have experience with applied generative AI: AI agents, prompt engineering, LLMs finetuning (lora, qlora, peft), LLM routing, LLM monitoring, LLM guardrailsHave experience working at fast-growing startups.ImportantOur hiring process starts with the application! If you truly want to be part of our team, please complete this step of the process. We analyze all candidates individually and provide feedback to all applicants.All communication will be conducted via email, so please stay tuned for our messages and release the domain @quintoandar.com.br to ensure our emails are not sent to spam.BenefitsCompetitive salaryProfit sharingMeal allowanceHealth insuranceDental planLife insuranceChildcare subsidy and Atypical Parenthood subsidyWellhubHome office allowanceEmployee assistance program (mental health, social, legal, and financial support)Extended parental leaveDay off on birthday, Mother's Day, and Father's DayBenefits Club (discounts on everyday services)Discounts at educational institutionsReading kit for children – PlayKidsDiversity & Inclusion at Grupo QuintoAndarWe value diversity and want everyone to feel welcome here, regardless of their age, gender identity, sexual orientation, race, color, ethnicity, origin, disability, religion, or any other characteristic. All our job openings are open to all individuals! You'll notice there are some diversity questions in the application form. For affirmative action roles, this information may be used to verify your alignment with the target audience for the opportunity. In such cases, it may be used for elimination purposes. For non-affirmative action roles, this data will be used anonymously, exclusively to monitor and improve our inclusion practices in the hiring process, and will have no impact on your application.Privacy and Data ProtectionThe Grupo QuintoAndar operates in compliance with privacy and data protection laws, including, but not limited to, the Brazilian General Personal Data Protection Law (LGPD) (Law No. 13,709/2018), and ensures the security of your data. To learn more, please access our Privacy Notice for Candidates. For questions or to exercise your rights as a data subject, please contact us through our Service Channel.Show moreShow less",N/A,Remote,https://www.linkedin.com/jobs-guest/jobs/api/jobPosting/4437703293,2026-08-09
Especialista em Ciência de Dados,Cielo,"Barueri, São Paulo, Brazil",2 weeks ago,"Somos mais que uma máquina, somos pessoas que transformam ecriam infinitas possibilidades.Trabalhamos parasimplificar e impulsionar negócios para todas as pessoas, oferecendo soluções financeiras inteligentes. Aqui, investimos emtecnologia, promovemosdesenvolvimentoe fomentamos ainovaçãopara criar novos caminhos possíveis e gerar impacto positivo no mundo.Na Cielo, a gente trabalha comautonomiapara escrever nossa própria jornada,liberdadepara ser quem a gente é, e a oportunidade defazer acontecer. Somos um time quesonha no plural, oferecendo uma experiência completa e focando no bem-estar físico e mental de nossos mais de 7.000 colaboradores e suas famílias.Acreditamos nainclusão e acolhimentode todas as pessoas, com suas singularidades e diversidade de vivências.Buscamos um(a) Especialista em Ciência de Dados, Inteligência Artificial e Analytics para atuar de forma estratégica na expansão do uso de dados e modelos avançados dentro da diretoria de riscos. Esse(a) profissional terá papel-chave na aplicação de Machine Learning, Analytics e IA Generativa, apoiando diretamente as áreas de negócio na tomada de decisão, ganho de eficiência e evolução de processos.Um dos principais desafios da posição será liderar o desenvolvimento de agentes de IA (AI Agents / copilotos inteligentes) que suportem as rotinas dos times, potencializando análises, automação de fluxos e processos decisórios baseados em dados.Bora realizar seus sonhos com a gente!Responsabilidades e atribuiçõesTem lugar para você nesse propósito:Desenvolver, treinar, validar e colocar em produção modelos estatísticos e de Machine Learning para diferentes aplicações de negócio, como: Classificação, previsão e segmentação; Geração de insights e recomendações; Priorização de demandas e suporte à decisão;Utilizar o Databricks como plataforma de dados para: Preparação de dados; Modelagem avançada (Machine Learning); Versionamento, monitoramento e governança de modelos;Trabalhar de forma próxima aos times de negócio e produtos, traduzindo problemas complexos em soluções analíticas escaláveis;Realizar análises exploratórias, estudos ad-hoc e experimentações para identificação de padrões e oportunidades;Apoiar a evolução da estratégia de dados e IA da companhia, avaliando novas tecnologias, frameworks e abordagens;Atuar como mentor(a) técnico(a), contribuindo para o desenvolvimento do time.Requisitos e qualificaçõesO que o #TimeCielo espera de você?Formação superior em áreas como: Ciência de Dados, Estatística, Matemática, Engenharia, Ciência da Computação, Economia ou correlatas;Sólida experiência em Ciência de Dados e Machine Learning;Domínio de Python e bibliotecas de dados (pandas, numpy, scikit-learn, etc.);Experiência com plataformas de dados em cloud, preferencialmente Databricks;Conhecimentos em: Engenharia de atributos (feature engineering); Modelos supervisionados e não supervisionados; Técnicas de detecção de padrões e anomalias;Vivência com ML Ops (versionamento, deploy e monitoramento de modelos);Conhecimento em SQL e manipulação de grandes volumes de dados.Será um diferencial:Pós-graduação ou especialização em dados, IA ou áreas correlatas;Experiência prévia em ambientes orientados a dados (data-driven);Conhecimento em XAI / explicabilidade de modelos (SHAP, LIME, etc.);Experiência com casos de uso aplicados a diferentes domínios de negócio.Experiência ou forte interesse em IA Generativa e LLMs, incluindo: Construção de agentes de IA; Prompt engineering; Orquestração de fluxos com LLMs;Informações adicionaisPor que viver infinitas possibilidades ao nosso lado?Assistência Médica e Odontológica;Remuneração Variável Anual (PPR);Auxílio Refeição e Alimentação;Fretado/vale-transporte ou estacionamento;Modelo Híbrido;Auxílio Trabalho Remoto;Seguro de Vida;Seguro residencial e automóvel;Assistência funeral familiar;Previdência Privada;Canal de apoio à especialistas (nutrição, psicologia, ginecologia, etc);Campanha de Vacinação;Acesso à diversos cursos em nossa plataforma Educa;Wellhub;Programa de Gestação Saudável;Licença Maternidade e Paternidade estendida;Auxílio Creche;Day Off de Aniversário;Dress Code Flexível;Horário Flexível;Sexta curta;Almoço estendido (1h30).Aviso de Privacidade para CandidatosAo se candidatar a esta vaga, você declara estar ciente de que seus dados pessoais serão tratados pela Cielo exclusivamente para fins de recrutamento e seleção, conforme descrito em nosso Aviso de Privacidade para Candidatos, que detalha as finalidades, bases legais, forma de tratamento e direitos do titular.O aviso completo está disponível em: https://www.cielo.com.br/docs/trabalhe-conosco/Aviso_de_Privacidade_Candidato.pdfShow moreShow less",N/A,On-site/Hybrid,https://www.linkedin.com/jobs-guest/jobs/api/jobPosting/4413611750,2026-08-09
Cientista de Dados - Consultor,Núclea,"São Paulo, São Paulo, Brazil",3 weeks ago,"Faça parte de um time que gera valor!Nascemos em 2001 para transformar a infraestrutura do sistema financeiro brasileiro. Desde então, nos tornamos referência em tecnologia e dados, desenvolvendo soluções que movimentam trilhões de reais em transações com segurança, eficiência e inteligência.Somos especialistas em registro de ativos, pagamentos digitais e dados que viram decisões estratégicas. Aqui, você trabalha com propósito, inovação e impacto real.Nossos valores nos movem:Apaixonados por clientes — buscamos encantar, não apenas atender.Gente que gosta de gente — diversidade, inclusão e desenvolvimento fazem parte de quem somos.Integridade no DNA — ética e transparência em todas as relações.Direcionados por dados — inteligência como base para decisões consistentes.Inovação na veia — criamos, testamos e evoluímos todos os dias.Fanáticos por resultados — entregamos impacto, não apenas esforço.Diversidade é parte integral do nosso negócio.Todas as nossas vagas são destinadas a todos os perfis. Valorizamos diferentes vivências, trajetórias e olhares.Se você é apaixonado(a) por tecnologia, quer crescer e ajudar a transformar o mercado financeiro e outros setores, aqui é o seu lugar.🚀 Venha gerar valor junto conosco. Inscreva-se!Responsabilidades e atribuiçõesProduzir, testar e experimentar modelos estatísticos aplicados as diferente áreas de negócio;Criar, manter e atualizar relatórios analíticos para a squad e para o negócio;Trazer insights e conduzir experimentos junto as áreas de negócios;Desenvolver modelos preditivos com técnicas de machine learning para resolução de problemas de negócio;Auxiliar o time de negócios e comercial em apresentações de produtos da empresa para potenciais clientes;Elaborar apresentações técnicas para discussão e demonstração de resultados de análises e modelos para stakeholders técnicos da companhia.Requisitos e qualificaçõesFormação:Ensino superior completo em TI ou áreas correlatas.Desejável pós-graduação em TI ou áreas correlatas.Obrigatórios:Pacote Office;Machine Learning;Modelagem Estatística;Análise de dados;Python;Pyspark;Capacidade de aprender novas linguagens de programação e frameworks de modelagem e análise é indispensável;Capacidade e hábito em ler documentações técnicas de pacotes estatísticos e de machine learning é essencial;Versionamento de código em GIT.Informações adicionaisModelo de Trabalho Híbrido:2x por semana no escritório.Salário compatível com o mercado - CLT.Benefícios:Convênio Médico e OdontológicoVale Refeição - TicketSeguro de VidaAuxilio Home OfficePLRPrevidência PrivadaAuxílio CrecheWellHub e TotalpassLocal:Avenida Brigadeiro Faria Lima 1485 - Próximo ao metrô Faria Lima.Show moreShow less",N/A,On-site/Hybrid,https://www.linkedin.com/jobs-guest/jobs/api/jobPosting/4440608106,2026-08-09
Junior Data Science Specialist,Lenovo,"Indaiatuba, São Paulo, Brazil",2 days ago,"We are Lenovo. We do what we say. We own what we do. We WOW our customers.Lenovo is a US$83 billion revenue global technology powerhouse, ranked #153 in the Fortune Global 500, and serving millions of customers every day in 180 markets. Focused on a bold vision to deliver Smarter Technology for All, Lenovo has built on its success as the world’s largest PC company with a full-stack portfolio of AI-enabled, AI-ready, and AI-optimized devices (PCs, workstations, smartphones, tablets), infrastructure (server, storage, edge, high performance computing and software defined infrastructure), software, solutions, and services. Lenovo’s continued investment in world-changing innovation is building a more equitable, trustworthy, and smarter future for everyone, everywhere. Lenovo is listed on the Hong Kong stock exchange under Lenovo Group Limited (HKSE: 992) (ADR: LNVGY).This transformation together with Lenovo’s world-changing innovation is building a more inclusive, trustworthy, and smarter future for everyone, everywhere. To find out more visit www.lenovo.com, and read about the latest news via our StoryHub.We are looking for a Data AI Analyst (Junior / Mid-level) to support and drive Data Science and AI initiatives within the Services organization, acting as a key enabler between business needs and advanced analytics solutions. This professional will play a critical role in identifying opportunities, structuring use cases, developing analytical models and promoting a data-driven culture across Services. The role involves close collaboration with business stakeholders and external partners to ensure scalable and impactful solutions. Additionally, the analyst will act as a Data AI evangelist, fostering adoption, educating teams, and supporting the integration of analytics into operational and strategic decision-making, ensuring alignment with corporate guidelines and business objectives.General ResponsibilitiesIdentify opportunities to apply Data Analytics, Machine Learning, AI, and other innovative technologies within Services processesPerform data collection, cleansing, analysis, and interpretationSupport the structuring of AI/Data Science use cases (business case, ROI, impact)Develop dashboards, reports, automations, and exploratory analysisDocument analytical processes, models, and data flowsCollaborate with stakeholders to translate business needs into analytical solutionsEnsure data quality, governance, and consistencySupport automation and continuous improvement initiativesLead or support training sessions and awareness initiatives on Data and AI usageAct as a data-driven culture evangelist, promoting best practicesPosition ResponsibilitiesSupport the development of analyses and models under supervisionPerform data preparation and cleaning (data wrangling)Develop analytical projectsDocument activities and processesApply Data Science and AI tools and methodologiesSupport operational demands of the areaIntermediate/Avanced English level required.We are an Equal Opportunity Employer and do not discriminate against any employee or applicant for employment because of race, color, sex, age, religion, sexual orientation, gender identity, national origin, status as a veteran, and basis of disability or any federal, state, or local protected class.Show moreShow less",N/A,On-site/Hybrid,https://www.linkedin.com/jobs-guest/jobs/api/jobPosting/4431438923,2026-08-09
Cientista de dados III - Home,Serasa Experian,"São Paulo, São Paulo, Brazil",2 weeks ago,"Company DescriptionA Experian é uma empresa global de dados e tecnologia que impulsiona oportunidades para pessoas e empresas ao redor do mundo. Atuamos em diversos mercados, como serviços financeiros, saúde, automotivo, agronegócio, seguros, entre outros. A Experian investe em pessoas e em novas tecnologias avançadas para liberar o poder dos dados. Contamos com uma equipe incrível de 25.200 colaboradores em 32 países.Nossa singularidade é valorizar a sua. A cultura da Experian, centrada nas pessoas, inclusiva e orientada por propósito, é reconhecida por diversos prêmios — incluindo World’s Best Workplaces™ 2025 (Top 25 global da Fortune) e Great Place To Work™ em 26 países, entre outros. Confira o Experian Life nas redes sociais ou explore nosso site de carreiras para entender o porquê. A Experian também se orgulha de ser uma empregadora que promove igualdade de oportunidades e ação afirmativa.Job DescriptionDescrição do trabalhoEstamos Com Uma Oportunidade Em Analytics No Time De Data Intelligence, Sendo Esta Área Responsável Pela Análise e Estruturação De Dados e Desenvolvimento De Novas Features. Se Você Gosta De Estudar e Está Sempre Disposto a Buscar Novos Conhecimentos Aqui Pode Ser Seu Lugar. Trabalhamos Com Diferentes Tipos De Informação e Estamos Sempre Em Busca De Novas Fontes De Dados. Por Se Tratar De Uma Área Focada Em Desenvolvimento, é Extremamente Importante Que Você Seja Capaz De Inovar e Propor Novas Soluções. Para Isto, Ter Conhecimento Na Área Crédito, Cobrança Ou Seguros é Um Grande Diferencial. Dentre Suas Principais Atividades Do Dia a Dia, Podemos DestacarEstudo de novas fontes de dados;Estruturação de bases;Construção de variáveis baseadas em Feature Learning;Avaliação de performance e aderência de features em modelos de score;Criação de novas soluções para todos os segmentos de mercado a partir de técnicas estatísticas;Buscamos um profissional que possua conhecimento em manipulação de dados, modelagem estatística e Big Data. É necessário possuir ensino superior completo na área de exatas e ter conhecimento de programação em Python.Como perfil pessoal é importante que seja analítico, tenha capacidade para adaptar-se, seja proativo, tenha iniciativa e adore novos desafios.QualificationsQualificaçõesPythonPysparkSQLFeature LearningManipulação de DadosMachine LearningAdditional InformationA Serasa Experian é muito mais do que você imagina. Com o propósito de criar um futuro melhor, ampliando oportunidades para pessoas e empresas, no Brasil somos mais de 4 mil pessoas que atuam em diversos times e especialidades. Aqui, cada conhecimento e diversidade se complementa e você pode trabalhar no que mais ama, estamos comprometidos a construir uma cultura inclusiva e um ambiente no qual pessoas possam equilibrar a carreira com seus compromissos e interesses pessoais, prezando pelo bem-estar.A gente se dedica muito em ser uma das melhores e mais inovadoras empresas para se trabalhar do país, possibilitando experiências e carreiras incríveis para nossas pessoas. Nossa forte abordagem de pessoas em primeiro lugar é reconhecida externamente por meio de diversas certificações de mercado: fomos premiados pelo Great Place To Work™ em 24 países e pela certificação internacional Top Employers, além de sermos reconhecidos como uma das melhores empresas para jovens profissionais e contarmos com uma avaliação de 4,6 no Glassdoor. Cada reconhecimento nos indica que estamos no caminho certo, proporcionando um ambiente de trabalho cada vez melhor para nossos talentos.Experian Careers - Creating a better tomorrow togetherFind out what its like to work for Experian by clicking hereShow moreShow less",N/A,On-site/Hybrid,https://www.linkedin.com/jobs-guest/jobs/api/jobPosting/4443074662,2026-08-09
Banco de Talentos - Dados,Gerdau,"São Paulo, São Paulo, Brazil",2 weeks ago,"Com 124 anos de história, a Gerdau é a maior empresa brasileira produtora de aço e uma das principais fornecedoras de aços longos nas Américas e de aços especiais no mundo. No Brasil, também produz aços planos, além de minério de ferro para consumo próprio. Além disso, possui uma divisão de novos negócios, a Gerdau Next, com o objetivo de empreender em segmentos adjacentes ao aço. Com o propósito de empoderar pessoas que constroem o futuro, a companhia está presente em vários países e conta com mais de 30 mil colaboradores em todas as suas operações.Maior recicladora da América Latina, a Gerdau tem na sucata uma importante matéria-prima: mais de 70% do aço que produz é feito a partir desse material. Todo ano, 11 milhões de toneladas de sucata são transformadas em diversos produtos de aço. A companhia também é a maior produtora de carvão vegetal do mundo, com mais de 250 mil hectares de base florestal no estado de Minas Gerais.Como resultado de sua matriz produtiva sustentável, a Gerdau possui, atualmente, uma das menores médias de emissão de gases de efeito estufa (CO₂e), de 0,91 t de CO₂e por tonelada de aço, o que representa aproximadamente a metade da média global do setor, de 1,91 t de CO₂e por tonelada de aço (worldsteel). Para 2031, a meta da Gerdau é diminuir as emissões de carbono para 0,82 t de CO₂e por tonelada de aço. As ações da Gerdau estão listadas nas bolsas de valores de São Paulo (B3) e Nova Iorque (NYSE).🚀Banco de Talentos Gerdau — Data, Analytics & IANa Gerdau, acreditamos no poder dos dados para transformar a indústria. Estamos em busca de profissionais apaixonados por tecnologia, inovação e inteligência artificial para liderar soluções estratégicas e escaláveis.Se você é especialista emData Science, Engenharia de Dados, Machine Learning ou IA, queremos conhecer você.🧠ResponsabilidadesLiderar projetos de ciência de dados e analyticsImplantar modelos de ML e IA com MLOPSAplicar técnicas de otimização e pesquisa operacionalAtuar com engenharia de dados e modelagem de datamartsColaborar com áreas de negócio e tecnologia📚RequisitosFormação em áreas de tecnologia ou exatasExperiência com modelos preditivos, clustering, recomendação e otimizaçãoDomínio de Python, SQL, bibliotecas de ML e ferramentas como Databricks e AWSVivência com pipelines, versionamento, notebooks colaborativos e ambientes em nuvemInglês avançado🌟DiferenciaisSpark, CI/CD, IA Generativa, RAG, agentes inteligentesPlataformas colaborativas e ambientes analíticos modernosFerramentas de extração e orquestração de dados👉 Se você quer fazer parte da transformação digital da Gerdau, inscreva-se no nosso banco de talentos e venha construir o futuro com dados e propósito.Temos como princípio a promoção de um ambiente diverso e inclusivo. Respeitamos e valorizamos a diversidade, por isso todas as pessoas qualificadas serão consideradas para as vagas sem distinção de deficiência, gênero, idade, identidade ou orientação sexual, nacionalidade, raça, religião, ou qualquer outra característica.Show moreShow less",N/A,On-site/Hybrid,https://www.linkedin.com/jobs-guest/jobs/api/jobPosting/4315768686,2026-08-09
Grupo QuintoAndar | Staff Data Scientist,QuintoAndar,"São Paulo, São Paulo, Brazil",2 weeks ago,"About Grupo QuintoAndarWe are Grupo QuintoAndar, the largest real estate ecosystem in Latin America. Guided by a shared purpose of helping people love where they live, we have a diversified portfolio of brands and solutions across different countries in Latin America, covering all phases of the housing journey. We also have a Technology Hub in Portugal. We develop technology and innovation to transform and enhance the overall living experience.With the support of a world-class team of investors and advisors, including Kaszek, Qualcomm, General Atlantic, and SoftBank, Grupo QuintoAndar is currently valued at over USD 5.1 billion and continues to grow year over year.Here, you will work with top professionals in the market, in an environment that breathes innovation, collaboration, and high performance. To learn more about our story, visit: https://grupoquintoandar.com/pt/.Location & Remote WorkOur technology team operates under a ""remote-first"" model, which means we work from home and can live anywhere in Brazil. We also offer the option of working from our São Paulo offices or partner coworking spaces, up to twice a week.Hiring Process StagesThe stages of our hiring processes aim to assess your experiences and allow you to meet our teams and explore career opportunities. They are structured as follows:ApplicationInterview with RecruiterTech ScreeningTechnical Interview with Data Products TeamOfferAbout the AreaIn our Data Science team, you'll have the chance to work as a part of our product squads delivering features that enrich our product and a first class experience that we are known for. You'll work alongside brilliant minds, with different skills: Product Managers, Designers, UX Writers, Data Scientists, Machine Learning Engineers, Software Engineers, etc. Be prepared for the job of your life - hard challenges, high expectations, intelligent life at work, meaningful conversations, outstanding productivity.Some of the specific problems we work in the Data Science team include search and recommendation systems; customer experience enhancement using ML such as in automatic routing of tickets; pricing, liquidity and credit models; building a platform that enables us to develop and deploy all those solutions.Note: This is a senior position. We expect you to have at least 3+ years of experience applying data science and creating machine learning models. If you have the skills, but are starting your journey in Data Science, please apply to the Data Scientist job instead.ResponsibilitiesArchitect, develop and deploy machine learning systems to production. The main use cases are related to chatbots and search.Design and execute experiments.Analyze a wide variety of data (structured and unstructured, observational and experimental) to improve current models or create new onesApply the scientific method to develop LLM-powered applications, including testing different prompts, exploring and understanding LLM capabilities, evaluating agents and prompts, assessing AI application guardrails, and building PoCs to validate the feasibility of generative AI for product features.Participate actively in discussions and decisions regarding the whole Data Science chapter (Guilds, Design Reviews, Demos, etc.)What we are looking for:People that are seeking to learn and deliver real impact through Data ScienceExpert knowledge of machine learning concepts: regression and classification, clustering, neural networks, feature selection, cross-validation, curse of dimensionality, bias-variance tradeoff, model explainability, etc.;Good understanding of the engineering challenges to deploy machine learning systems to production;Proficiency in Python;Some knowledge or experience with Deep LearningExperience with technical advice for other data scientists (technical leadership);Excellent written and verbal technical communication skills. We're looking for someone who loves Data Science & Machine Learning and is willing to share his/her knowledge with the other members of the Data Science Chapter;Good English skills (verbal and written) is mandatory.You'll stand out if you:Have a MSc. (or Undergrad + intense experience) in machine learning, data science, information retrieval, ranking systems, recommender systems, natural language processing or other relevant fields.Have experience with applied generative AI: AI agents, prompt engineering, LLMs finetuning (lora, qlora, peft), LLM routing, LLM monitoring, LLM guardrailsHave experience working at fast-growing startups.ImportantOur hiring process starts with the application! If you truly want to be part of our team, please complete this step of the process. We analyze all candidates individually and provide feedback to all applicants.All communication will be conducted via email, so please stay tuned for our messages and release the domain @quintoandar.com.br to ensure our emails are not sent to spam.BenefitsCompetitive salaryProfit sharingMeal allowanceHealth insuranceDental planLife insuranceChildcare subsidy and Atypical Parenthood subsidyWellhubHome office allowanceEmployee assistance program (mental health, social, legal, and financial support)Extended parental leaveDay off on birthday, Mother's Day, and Father's DayBenefits Club (discounts on everyday services)Discounts at educational institutionsReading kit for children – PlayKidsDiversity & Inclusion at Grupo QuintoAndarWe value diversity and want everyone to feel welcome here, regardless of their age, gender identity, sexual orientation, race, color, ethnicity, origin, disability, religion, or any other characteristic. All our job openings are open to all individuals!You'll notice there are some diversity questions in the application form. For affirmative action roles, this information may be used to verify your alignment with the target audience for the opportunity. In such cases, it may be used for elimination purposes. For non-affirmative action roles, this data will be used anonymously, exclusively to monitor and improve our inclusion practices in the hiring process, and will have no impact on your application.Privacy and Data ProtectionThe Grupo QuintoAndar operates in compliance with privacy and data protection laws, including, but not limited to, the Brazilian General Personal Data Protection Law (LGPD) (Law No. 13,709/2018), and ensures the security of your data. To learn more, please access our Privacy Notice for Candidates. For questions or to exercise your rights as a data subject, please contact us through our Service Channel.Show moreShow less",N/A,Remote,https://www.linkedin.com/jobs-guest/jobs/api/jobPosting/4344825669,2026-08-09
Data Scientist - Predictive Maintenance,TRACTIAN,"São Paulo, São Paulo, Brazil",1 week ago,"Data Science at TRACTIANThe Data Science team at TRACTIAN focuses on extracting valuable insights from vast amounts of industrial data. Using advanced statistical methods, algorithms, and data visualization techniques, this team transforms raw data into actionable intelligence that drives decision-making across engineering, product development, and operational strategies. The team constantly works on optimizing prediction models, identifying trends, and providing data-driven solutions that directly enhance the company’s operational efficiency and the quality of its products.What You'll DoAs a Data Scientist - Predictive Maintenance at TRACTIAN, you will work at the intersection of advanced data science and industrial operations. Your mission is to develop cutting-edge algorithms and predictive models to monitor and predict equipment failures before they occur, optimizing asset reliability and reducing downtime. You’ll face complex challenges involving large-scale time-series data, real-time data processing, and machine learning applications, while collaborating closely with engineers and laboratory teams to ensure our predictive maintenance solutions remain industry-leading.ResponsibilitiesDevelop predictive maintenance algorithms using machine learning techniques for time-series data.Analyze sensor data streams to identify patterns that predict equipment failure.Research and stay up to date with academic literature and state-of-the-art condition monitoring techniques, translating relevant advances into practical solutions.Collaborate with engineers to improve data pipelines and enhance model accuracy.Build scalable, real-time models for low-latency predictions.Create diagnostic tools that enable data-driven maintenance decisions.Work with the laboratory team to design experiments and develop failure datasets using real machinery to validate hypotheses, develop new models, and optimize existing ones.Continuously refine models based on real-world performance, experimental results, and feedback.RequirementsExpertise in machine learning, time-series analysis, and anomaly detection.Proficiency in Python and common data science and ML libraries (e.g., NumPy, pandas, scikit-learn, PyTorch).Solid understanding of signal processing concepts and hands-on experience with industrial sensor data (e.g., vibration, current, temperature, pressure).Ability to read, interpret, and apply insights from academic literature and state-of-the-art research in condition monitoring and fault diagnosis.Experience designing experiments to validate hypotheses and benchmark models.Strong problem-solving skills and ability to handle noisy, high-dimensional data.Advanced English.Bonus PointsFamiliarity with both academic research and real-world applications in condition monitoring, fault diagnosis, and prognostics (e.g., vibration-based methods, model-based vs. data-driven approaches).Experience translating academic methods into robust, production-ready algorithms.Prior experience working in industrial or manufacturing environments.Show moreShow less",N/A,On-site/Hybrid,https://www.linkedin.com/jobs-guest/jobs/api/jobPosting/4429559083,2026-08-09
Data Scientist – AI & Advanced Analytics,IQVIA,"São Paulo, São Paulo, Brazil",3 weeks ago,"AI & Advanced Analytics Consultant– Healthcare & Life SciencesOverviewWe are seeking a highly analytical and intellectually curious professional to join our AI and Advanced Analytics team. This role combines advanced analytics, data science, machine learning, and emerging AI technologies to solve complex healthcare and life sciences challenges.The successful candidate will develop analytics-driven solutions, methodologies, and AI-enabled capabilities that help clients improve decision-making, patient outcomes, commercial effectiveness, and operational performance. Working with large-scale healthcare and life sciences datasets, this individual will contribute to the design, development, and deployment of scalable analytical and AI solutions while collaborating with cross-functional teams across data science, engineering, product, consulting, and business functions.This role offers the opportunity to work across traditional analytics, machine learning, and modern AI technologies, including Generative AI and Agentic AI, while helping transform innovative concepts into production-ready solutions.Key ResponsibilitiesDesign and deliver analytical, machine learning, and AI-driven solutions to address healthcare, commercial, patient, and real-world evidence challenges.Transform business requirements into scalable analytical approaches, methodologies, and production-ready solutions.Develop and optimize predictive models, patient identification methodologies, segmentation frameworks, forecasting solutions, and targeting approaches.Build reusable frameworks, accelerators, and analytical assets that can be leveraged across projects and client engagements.Contribute to the design, development, and deployment of AI and machine learning applications, including Generative AI and agent-based solutions.Evaluate emerging technologies and conduct proof-of-concept initiatives to enhance existing offerings and create new capabilities.Partner with engineering, product, and business teams to operationalize and scale successful solutions.Communicate analytical findings and technical concepts effectively to both technical and non-technical audiences.Apply software engineering and data science best practices to support maintainable, scalable, and production-ready solutions.Contribute to innovation, continuous improvement, and advancement of AI and analytics capabilities within the organization.Required Skills & ExperienceAdvanced Analytics & Data ScienceStrong foundation in statistics, applied analytics, and machine learning.Experience developing analytical models and methodologies using real-world data.Knowledge of predictive modeling, segmentation, optimization, forecasting, and statistical analysis.Familiarity with supervised machine learning techniques such as regression models, tree-based algorithms, and ensemble methods.Ability to translate business questions into analytical solutions and actionable insights.Programming & Data EngineeringProficiency in Python and SQL.Experience with software development best practices, including version control and code management.Ability to build, maintain, and optimize data processing, ETL, and machine learning pipelines.Experience working with large-scale datasets and distributed computing environments is beneficial.AI & Emerging TechnologiesExperience Or Strong Interest InGenerative AILarge Language Models (LLMs)Prompt EngineeringRetrieval-Augmented Generation (RAG)Semantic SearchAgentic AI and workflow automationAI application development and deploymentModel evaluation, monitoring, and governanceData Platforms & TechnologiesExperience With One Or More OfDatabricksSnowflakeSparkCloud-based analytics and AI platformsModern AI and machine learning development toolsPreferred QualificationsExperience developing production-grade machine learning or AI solutions.Experience working with healthcare and life sciences data is highly desirableExperience building reusable analytical frameworks, tools, or data products.Familiarity with workflow orchestration, APIs, and solution operationalization.Experience converting clinical, epidemiological, commercial, or business rules into scalable analytical solutions.Knowledge of healthcare and life sciences industry trends, methodologies, and data assets.Exposure to therapeutic areas such as Oncology, Immunology, Cardiology, Neurology, Rare Diseases, or Specialty Care.Key Success CharacteristicsStrong analytical and problem-solving capabilities.Intellectual curiosity and passion for continuous learning.Innovative and pragmatic approach to challenges.Product and solution-oriented mindset.Ability to work effectively in cross-functional and global teams.Strong communication, storytelling, and stakeholder engagement skills.Ability to balance innovation, scalability, and business value.Commitment to quality, collaboration, and responsible AI practices.Passion for using data, analytics, machine learning, and AI to solve meaningful healthcare challenges.IQVIA is a leading global provider of clinical research services, commercial insights and healthcare intelligence to the life sciences and healthcare industries. We create intelligent connections to accelerate the development and commercialization of innovative medical treatments to help improve patient outcomes and population health worldwide. Learn more at https://jobs.iqvia.comIQVIA is committed to integrity in our hiring process and maintains a zero tolerance policy for candidate fraud. All information and credentials submitted in your application must be truthful and complete. Any false statements, misrepresentations, or material omissions during the recruitment process will result in immediate disqualification of your application, or termination of employment if discovered later, in accordance with applicable law. We appreciate your honesty and professionalism.Show moreShow less",N/A,On-site/Hybrid,https://www.linkedin.com/jobs-guest/jobs/api/jobPosting/4441362582,2026-08-09
Senior Data Scientist,bp,"São Paulo, São Paulo, Brazil",2 weeks ago,"EntityTechnologyJob Family GroupIT&S GroupJob DescriptionWe’re looking for Data Scientists who think holistically, automate relentlessly, and are fluent in the fast-moving world of AI tooling and infrastructure—but also grounded in disciplined engineering principles.Our AI organization is building high-impact AI-powered applications that deliver real business value at speed. As a Senior Data Scientist, you’ll play a critical role in building and deploying scalable AI-powered applications through solid analytical expertise and software engineering excellence combined with pragmatic use of modern AI capabilities. This is a role for seasoned data scientists who are excited about applying AI in practical and scalable ways.We’re looking for individuals who thrive at the intersection of disciplined machine learning, software development, and modern AI applications. You should be comfortable working across the full lifecycle of a product—from ideation and architecture to deployment and automation—while navigating ambiguity and driving toward execution. Strong systems thinking, ownership attitude, and the ability to ship value fast are essential.Job ResponsibilitiesDesign and develop, LLM based and classical ML models into production-grade AI applications and services using modern software engineering practices (CI/CD, testing, observability, cloud-native design).Define and implement foundational platforms and tools (e.g., conversational bots, AI-powered search, unstructured data processing, GenBI) that are reusable and scalable across the enterprise.Participate in multi-functional team initiatives—embedded projects with business stakeholders—to rapidly build and deploy AI solutions that solve high-priority business problems.Evaluate and integrate existing AI tools, frameworks, and APIs (e.g., LLMs, vector DBs, retrieval-augmented generation, AI agents) into robust applications.Collaborate with data engineers, product managers, and other data scientists to ensure end-to-end delivery and reliability of AI products.Stay current with emerging AI techniques, models, and technologies, but prioritize practical application and delivery over experimental research.Contribute to the internal knowledge base, tooling libraries, and documentation to scale data science best practices across the organization.Job Qualifications5+ years of professional data science experience; ability to independently design and ship complex systems in production.Deep experience with both classical ML models (e.g. Regression, forecasting, and basic neural networks) as well as hands on experience using large language models.Strong programming skills in Python (preferred), Java, or similar languages.Strong problem-solving skills and the ability to balance scientific rigor with delivery speed.Hands on experience with AI/ML tools such as LangChain, Haystack, Hugging Face, Weaviate, or similar ecosystems.Experience integrating machine learning models into production systems (e.g., LLMs via APIs, fine-tuning, RAG patterns, embeddings, agents and crew of agents etc.).Solid understanding of software architecture, cloud infrastructure (AWS, Azure, or GCP), and modern DevOps practices.Ability to move quickly while maintaining code quality, test coverage, and operational excellence. Preferred:Hands-on experience with Retrieval Augmented Generation applications, AI agents and systems built around them.Experience using GenAI frameworks such as LlamaIndex, Crew AI, AutoGen, or similar agentic/LLM orchestration toolkits.Exposure to working with unstructured data (documents, conversations, images) and transforming it into usable structured formats.Experience building chatbots, search systems, or generative AI interfaces.Background in working within platform engineering or internal developer tools teams.Prior experience working in an embedded (forward-deployed) team model with business stakeholders.Experience building production grade, reliable AI applicationsWhy join usAt bp, we support our people to learn and grow in a diverse and high-reaching environment. We believe that our team is strengthened by diversity. We are committed to fostering an inclusive environment in which everyone is respected and treated fairly.There are many aspects of our employees’ lives that are meaningful, so we offer benefits to enable your work to fit with your life.We will ensure that individuals with disabilities are provided reasonable accommodation to participate in the job application or interview process, to perform essential job functions, and to receive other benefits and privileges of employment. Please contact us to request accommodation.Travel RequirementNo travel is expected with this roleRelocation Assistance:This role is not eligible for relocationRemote TypeThis position is a hybrid of office/remote workingSkillsCloud Platforms, Cloud Platforms, Collaboration, Communication, Configuration management and release, Continuous deployment and release, Creating a high performing team, Database Design, Digital Project Management, Documentation and knowledge sharing, Emerging technology monitoring, Facilitation, Information Security, Mentoring, Metrics definition and instrumentation, NoSql data modelling, Problem Solving, Relational Data Modelling, Risk Management, Scripting, Secure development, Service operations and resiliency, Software Design and Development, Solution Architecture, Source control and code management {+ 5 more}Legal DisclaimerWe are an equal opportunity employer. We do not discriminate on the basis of protected characteristics like race, religion, color, sex, national origin, sexual orientation, veteran status or disability status. Individuals with an accessibility need may request an adjustment/accommodation related to bp’s recruiting process (e.g., accessing the job application, completing required assessments, participating in telephone screenings or interviews, etc.). If you would like to request an adjustment/accommodation related to the recruitment process, please contact us.If you are selected for a position and depending upon your role, your employment may be contingent upon adherence to local policy. This may include pre-placement drug screening, medical review of physical fitness for the role, and background checks.Show moreShow less",N/A,Remote,https://www.linkedin.com/jobs-guest/jobs/api/jobPosting/4442976194,2026-08-09
Especialista em Ciências de Dados,GrupoSC Distribuidora de Medicamentos,"São Paulo, São Paulo, Brazil",1 week ago,"Descrição da vagaBuscamos pessoas que nos ajudem a cumprir o nosso propósito demais saúde para mais pessoas.Se você é um profissional pró ativo, flexível a mudanças e disposto a se comprometer com a busca pela melhoria contínua,junte-se a nós!Todas as nossas vagas estão abertas para pessoas com deficiência (PCD's)Responsabilidades e atribuiçõesAnalisar grandes volumes de dados estruturados e não estruturados;Desenvolver modelos analíticos, preditivos e exploratórios;Aplicar ferramentas de IA generativa e analítica para automação, análise e apoio à decisão;Construir POCs e MVPs orientados a dados, em parceria com times de negócio e tecnologia;Validar hipóteses, identificar padrões e gerar insights estratégicos;Preparar, limpar e organizar dados para análises avançadas;Documentar modelos, análises e resultados de forma clara e objetiva;Atuar em conjunto com AI Labs, TI e áreas de negócio;Garantir uso responsável da IA, respeitando segurança da informação e LGPD;Big Data, Machine Learning, Inteligência Artificial e Data Analytics;Vivência com arquiteturas em nuvem (AWS, Azure, GCP) e integrações com sistemas legados.Requisitos e qualificaçõesFormação em Ciência de Dados, Estatística, Matemática, Computação, Engenharia ou áreas correlatas;Experiência prática com: Python (pandas, numpy, scikit‑learn ou similares);Linguagens: Python, R, SQL e conhecimento em Java/Scala. Ferramentas e Frameworks: Spark, Hadoop, Kafka, Airflow, TensorFlow, PyTorch, scikit-learn;Modelagem e Processamento de Dados: relacional, dimensional, NoSQL e orientada a eventos;DevOps e MLOps: CI/CD, Docker, Kubernetes, versionamento de modelos;Governança e Segurança de Dados: LGPD, GDPR, Data Lineage, Data Quality. Capacidade de tradução de requisitos de negócio em soluções técnicas robustas;Análise exploratória de dados (EDA);Vivência com ferramentas de IA, como: Modelos de linguagem (ex.: ChatGPT, Copilot, Gemini ou similares), AutoML ou ferramentas de aceleração analítica;Conhecimento em: Modelagem de dados, Métricas, KPIs e indicadores de negócio, Visualização de dados (ex.: Power BI, Tableau ou similares);Capacidade de traduzir análises técnicas em linguagem de negócio.Informações adicionaisBenefíciosPDS (Prêmio por Desempenho Superior);Parcerias e Convênios (SESC, faculdades, restaurantes, lazer, cultura etc.);Plataforma de Desenvolvimento/ Educacional e Programas de Desenvolvimentos;Programa Gestante;Assistência Médica;Assistência Odontológica;Seguro de vida;Total Pass;Desconto em Produtos (BMC);Vale Transporte ou Estacionamento;Vale Refeição ou Vale Alimentação;Horário: 08:00 às 18:00Local:Vila OlimpiaModelo de trabalho: Híbrido (3x na semana presencial e 2 dias home office).Compartilhamos o Propósito: Mais saúde para mais pessoas!Somos oGrupoSC: a extensão da indústria, solução para o cliente com foco no paciente e consumidor, formado por grandes marcas como SantaCruz, Panpharma e Oncoprod. Reconhecidas no mercado, trazendo consigo reputação, trajetória e competência em seus 70 anos de história.Oferecemos uma gama de soluções que conectam inovação à distribuição através de uma operação logística que separa mais de 4,8 milhões de unidades e realiza 80.000 entregas, diariamente.Tudo isso só é possível com a dedicação do nosso time, composto por mais de 15 mil colaboradores espalhados pelo Brasil, movidos pelos nossos pilares:Credibilidade,AtitudeeEmpatia.Show moreShow less",N/A,On-site/Hybrid,https://www.linkedin.com/jobs-guest/jobs/api/jobPosting/4437851923,2026-08-09
Especialista em Ciência de Dados,CBMM,"São Paulo, São Paulo, Brazil",2 weeks ago,"Sobre a posição:A CBMM tem em seu DNA identificar, quantificar e acelerar novas oportunidades de aplicação do nióbio em escala global. Buscamos um(a) especialista em Ciência de Dados para atuar como referência técnica em dados e IA, com acesso transversal aos dados das Diferentes Business Units — Core (industria do aço), Nanotecnologia e Novos Materiais e Aplicações (ex.: Aeroespacial, Baterias, entre outras — transformando dados de mercado, vendas e aplicações técnicas em inteligência acionável para decisões estratégicas e comerciais.O(a) profissional atuará na interseção entre ciência de dados, inteligência de mercado e aplicações finais de Nb: desde a exploração de grandes volumes de dados no Databricks até a construção de modelos matemáticos e agentes de IA que apoiem o time de frontline e a liderança na priorização de mercados e aplicações.Responsabilidades:- Manipular, integrar e analisar dados das diferentes BUs e de múltiplas fontes (Databricks/DataHub, CRM, ERP, relatórios e bases de mercado), garantindo consistência e visão consolidada por cliente, segmento e aplicação.- Suportar estratégia e Marketing no mapeamento de oportunidades de mercado e tendências: dimensionamento de mercado endereçável (TAM/SAM/SOM), análise de penetração por aplicação, identificação de sinais de crescimento ou retração por segmento e região.- Construir modelos matemáticos e estatísticos aplicados ao universo da metalurgia — previsão de demanda, séries temporais, elasticidade, modelos de propensão e priorização de contas, simulações de cenários de adoção de novas aplicações.- Desenvolver e evoluir soluções de IA generativa e agentes de dados (Databricks Genie / AI-BI), permitindo consultas em linguagem natural sobre clientes, mercados e aplicações pelos times de negócio.- Colaborar com engenheiros de dados na definição de pipelines, views e camadas semânticas que sustentem análises e modelos em produção.- Traduzir resultados analíticos em narrativas claras para stakeholders técnicos e executivos (storytelling com dados, dashboards, one-pagers de cliente/mercado).- Trabalhar em conjunto com especialistas de metalurgia, inteligência comercial e desenvolvimento de aplicações, incorporando conhecimento de domínio aos modelos.- Garantir boas práticas de governança, qualidade, reprodutibilidade e documentação (MLOps, versionamento de modelos e experimentos).Requisitos obrigatórios:- Experiência sólida (7+ anos) como Cientista de Dados, com atuação comprovada em nível sênior.- Experiência avançada em Databricks, incluindo Genie, AI/BI (desejável) Unity Catalog, notebooks, SQL Warehouse e PySpark.- Senioridade em IA: machine learning aplicado (regressão, classificação, clusterização, séries temporais) e experiência prática com IA generativa (LLMs, RAG, agentes, engenharia de prompts).- Domínio de Python (pandas, scikit-learn, statsmodels/Prophet ou similares) e SQL avançado.- Experiência em modelagem matemática e estatística aplicada a problemas de negócio — idealmente em contextos industriais, de commodities ou B2B.- Capacidade analítica para inteligência de mercado: dimensionamento de mercado, análise de tendências, forecast de demanda e análises competitivas.- Habilidade de comunicação com stakeholders de negócio e executivos; storytelling com dados.Inglês avançado (interação com mercados e times internacionais).Diferenciais:Conhecimento do setor de metalurgia, siderurgia, mineração ou materiais avançados (aços microligados, ligas especiais, baterias, aeroespacial).Experiência com MLflow e práticas de MLOps no ecossistema Databricks.Vivência com dados de CRM (Salesforce) e ERP (SAP) como fontes analíticas.Experiência com ferramentas de BI (Power BI, Tableau ou Databricks Dashboards).Conhecimento de otimização matemática e simulação (programação linear, Monte Carlo).Pós-graduação, mestrado ou doutorado em áreas quantitativas (Estatística, Engenharia, Física, Matemática, Computação) — desejável, não eliminatório.Espanhol ou mandarim (mercados relevantes para a CBMM).Competências comportamentaisAutonomia e senso de dono: capacidade de estruturar problemas ambíguos de mercado do zero.Curiosidade pelo domínio técnico — disposição para aprender metalurgia e aplicações do nióbio junto aos especialistas.Colaboração com times multidisciplinares (comercial, técnico, engenharia de dados, produto).Pragmatismo: equilibrar rigor científico com velocidade de entrega de valor ao negócio.Stack e ambienteDatabricks (Genie/AI-BI, DataHub, Unity Catalog, MLflow) · Python · PySpark · SQL · LLMs/GenAI · Salesforce · SAP · Power BIShow moreShow less",N/A,On-site/Hybrid,https://www.linkedin.com/jobs-guest/jobs/api/jobPosting/4440147422,2026-08-09
Forward-Deployed Data Scientist II,Braze,"São Paulo, São Paulo, Brazil",2 weeks ago,"At Braze, we have found our people. We’re a genuinely approachable, exceptionally kind, and intensely passionate crew.We seek to ignite that passion by setting high standards, championing teamwork, and creating work-life harmony as we collectively navigate rapid growth on a global scale while striving for greater equity and opportunity – inside and outside our organization.To flourish here, you must be prepared to set a high bar for yourself and those around you. There is always a way to contribute: Acting with autonomy, having accountability and being open to new perspectives are essential to our continued success.Our deep curiosity to learn and our eagerness to share diverse passions with others gives us balance and injects a one-of-a-kind vibrancy into our culture.If you are driven to solve exhilarating challenges and have a bias toward action in the face of change, you will be empowered to make a real impact here, with a sharp and passionate team at your back. If Braze sounds like a place where you can thrive, we can’t wait to meet you.WHAT YOU'LL DOAs our customer base continues to grow with the excitement around BrazeAI, we’re expanding our team! Join our Forward-Deployed Data Scientist group of creative technical experts who partner with customers to ensure their success. In this role, you will:Collaborate with customer Analytics/BI teams and Braze colleagues on implementations, including use case definition, data integration, pipeline setup, and ML model configurationExtend product capabilities by improving architecture and developing reusable data pipelines, APIs, and componentsWork closely with the RL pipeline development team to refine and advance our reinforcement learning (self-learning) algorithmsContribute to shaping BrazeAI product strategy and roadmap through customer-facing insights and technical expertiseProvide ongoing technical expertise to ensure successful adoption, measurable outcomes, and long-term customer successWHO YOU AREEducation: Bachelor’s degree in Computer Science, Data Science, Mathematics, Engineering, or a related field required; Master’s or PhD in a relevant technical discipline preferredExperience: 3–5+ years of hands-on experience as a Data Scientist, Machine Learning Engineer, or similar role working with large-scale data and production environments. Experience in customer-facing or consulting roles is strongly preferredStrong technical expertise: proficient in Python (Pandas) and core ML libraries (TensorFlow, Keras, scikit-learn, CatBoost, XGBoost). Skilled in SQL for querying/manipulating datasets, with experience in machine learning pipelines and model deploymentEngineering best practices: you write well-structured, modular, documented code; follow strong development practices (Git, CI/CD, testing frameworks, type-hinting, code reviews); and can build scalable, maintainable solutionsNice-to-have skills: experience with DevOps tools (Airflow, Kubernetes, Terraform, GCP), data integration/ETL, and pipeline optimization, or reinforcement learning algorithmsCustomer collaborator: comfortable working directly with clients and cross-functional teams, aligning stakeholders, and translating technical concepts into clear business valueEntrepreneurial problem-solver: you identify opportunities and risks early, troubleshoot obstacles, and drive creative solutionsContinuous learner: you stay current with industry trends, explore new tools/technologies, and thrive in environments that push you to growClear communicator: able to explain complex technical ideas persuasively to both technical and non-technical audiencesWHAT WE OFFERBraze benefits vary by location, and we encourage you to review our specific benefits offerings for each countryhere. More details on benefits plans will be provided if you receive an offer of employment.From offering comprehensive benefits to fostering hybrid ways of working, we’ve got you covered so you can prioritize work-life harmony. Braze offers benefits such as:Competitive compensation that may include equityRetirement and Employee Stock Purchase PlansFlexible paid time offComprehensive benefit plans covering medical, dental, vision, life, and disabilityFamily services that include fertility benefits and equal paid parental leaveProfessional development supported by formal career pathing, learning platforms, and a yearly learning stipendA curated in-office employee experience, designed to foster community, team connections, and innovationOpportunities to give back to your community, including an annual company-wide Volunteer Week and donation matchingEmployee Resource Groups that provide supportive communities within BrazeCollaborative, transparent, and fun culture recognized as a Great Place to Work®ABOUT BRAZEBraze is the leading customer engagement platform that empowers brands to Be Absolutely Engaging.™ Braze helps brands deliver great customer experiences that drive value both for consumers and for their businesses. Built on a foundation of composable intelligence, BrazeAI™ allows marketers to combine and activate AI agents, models, and features at every touchpoint throughout the Braze Customer Engagement Platform for smarter, faster, and more meaningful customer engagement. From cross-channel messaging and journey orchestration to Al-powered decisioning and optimization, Braze enables companies to turn action into interaction through autonomous, 1:1 personalized experiences.The company has repeatedly been recognized as a Leader in marketing technology by industry analysts, and was voted a G2 “Best of Marketing and Digital Advertising Software Product” in 2025.Braze was also named a 2025 Best Companies To Work For by U.S. News & World Report, a 2025 America’s Greatest Companies by Newsweek, and a 2025 Fortune Best Workplace in Technology™ by Great Place To Work®, among other accolades. Braze is also proudly certified as a Great Place to Work® in the U.S., the UK, Australia, and Singapore.The company is headquartered in New York with offices in Austin, Berlin, Bucharest, Chicago, Dubai, Jakarta, London, Paris, San Francisco, São Paulo, Singapore, Seoul, Sydney and Tokyo.BRAZE IS AN EQUAL OPPORTUNITY EMPLOYERAt Braze, we strive to create equitable growth and opportunities inside and outside the organization.Building meaningful connections is at the heart of everything we do, and that includes our recruiting practices. We're committed to offering all candidates a fair, accessible, and inclusive experience – regardless of age, color, disability, gender identity, marital status, maternity, national origin, pregnancy, race, religion, sex, sexual orientation, or status as a protected veteran. When applying and interviewing with Braze, we want you to feel comfortable showcasing what makes youyou.We know that sometimes different circumstances can lead talented people to hesitate to apply for a role unless they meet 100% of the criteria. If this sounds familiar, we encourage you to apply, as we’d love to meet you.Please see ourCandidate Privacy Policyfor more information on how Braze processes your personal information during the recruitment process and, if applicable based on your location, how you can exercise any privacy rights.Show moreShow less",N/A,On-site/Hybrid,https://www.linkedin.com/jobs-guest/jobs/api/jobPosting/4385383549,2026-08-09
Ciência de dados Sênior,Mercado Livre Brasil,"Osasco, São Paulo, Brazil",2 weeks ago,"No Mercado Livre estamos democratizando o comércio e os serviços financeiros para transformar a vida das pessoas na América Latina.Faça parte deste propósito!Prevenção da Fraude é o setor de referência interna e externa sobre todos os temas de segurança para as transações dentro do ecossistema do Mercado Livre. Garantimos a segurança das operações para quem usa a plataforma, a partir da aplicação de ferramentas, modelos analítico-preditivos e tecnologias inovadoras. Somos a área da empresa que permite assumir riscos e acelerar o crescimento.Temos um desafio para as pessoas que:• Vibram energia empreendedora: são movidas pela curiosidade, nunca desistem e estão focadas em superar seus próprios limites.• Dão o máximo, porque adoram trabalhar com compromisso e dedicação.• Encaram as mudanças como oportunidades e aprendem com seus erros.• A excelência e a execução são primordiais na sua forma de fazer as coisas.• Promovem o bom clima, a alegria e a diversão.• Sabem como construir com outras pessoas e desfrutam trabalhando em equipe.Imagine-se empreendendo projetos desafiadores, dinâmicos e inovadores esendo responsável por:• Desenvolver modelos de aprendizado de máquina para detectar e prevenir padrões complexos de fraude em tempo real, analisando grandes volumes de dados transacionais para identificar comportamentos anômalos e tendências de risco.• Implementar soluções preditivas escaláveis, garantindo sua correta integração com a arquitetura de produção.• Desenhar experimentos controlados para medir o impacto de novos modelos nos principais indicadores do negócio.• Otimizar algoritmos existentes para melhorar a precisão e a eficiência computacional das soluções.• Criar agentes com inteligência artificial, modelos de visão computacional e LLMs para automatizar operações e analisar imagens na validação de identidade.Requisitos:• Possuir conhecimento consolidado em Data Science e Machine Learning para analisar casos de fraude e propor soluções baseadas em dados.• Dominar fundamentos em matemática e estatística aplicados a modelos e soluções preditivas.• Compreender os casos e métricas do negócio para desenvolver soluções técnicas perfeitamente alinhadas aos objetivos da área.• Ter conhecimento no desenvolvimento de modelos de visão computacional, Inteligência Artificial Generativa, LLMs e técnicas de processamento de linguagem natural.Nós lhe propomos:• Ser parte de uma empresa com espírito empreendedor, na qual adoramos pensar grande e em longo prazo.• Ser protagonista de seu desenvolvimento em um ambiente de oportunidades, aprendizagem, crescimento, expansão e projetos desafiadores.• Compartilhar e aprender em equipe, com excelentes profissionais e especialistas.• Um excelente clima de trabalho, com todo o necessário para você viver uma grande experiênciaO Mercado Livre não faz contato oferecendo oportunidades em troca de pagamento de dinheiro. Você tem acesso a todas as oportunidades abertas no nosso site de carreiras. Caso receba pedidos de dinheiro, desconfie!Show moreShow less",N/A,On-site/Hybrid,https://www.linkedin.com/jobs-guest/jobs/api/jobPosting/4441517635,2026-08-09
Senior Data Scientist,Kunumi,"São Paulo, São Paulo, Brazil",3 months ago,"Estamos em busca de pessoas fascinadas por criar um futuro melhor, que sejam inquietas, tenham coragem para desafiar o comum, que valorizem a diversidade de ideias e acreditem no potencial transformador da colaboração verdadeira.Sabemos que muitas pessoas — especialmente mulheres — só se candidatam a uma vaga se sentem que cumprem 100% dos requisitos. Se esse for o seu caso, queremos te encorajar a se inscrever mesmo assim. Aqui, valorizamos trajetórias diversas e aprendizados ao longo da jornada.Junte-se a nós na busca por um mundo com novas inteligências.A pessoa nessa posição é responsável por garantir a coleta, processamento, armazenamento e disponibilidade de dados de alta qualidade para impulsionar modelos de IA e fornecer insights acionáveis para clientes e stakeholders.Trata-se de um papel de liderança técnica, que combina a execução de projetos complexos de ciência de dados com a mentoria do time e a coordenação de esforços de Pesquisa e Desenvolvimento (P&D) para promover a inovação.Esse propósito se traduz, na prática, nos seguintes Jobs to Be Done:Liderar a estratégia e execução de Ciência de DadosLiderar equipes em projetos complexos, orientando e mentorando membros do time;Propor e implementar estratégias para melhorar processos e práticas internas de ciência de dados;Decidir quando um modelo está pronto para produção e definir como monitorá-lo.Desenvolver modelos de IA de ponta a pontaDesenvolver modelos utilizando técnicas de IA (estatística, machine learning e deep learning), desde a coleta e tratamento até a engenharia de features;Implementar algoritmos de aprendizado supervisionado e não supervisionado, otimizando-os para performance e eficiência;Encapsular modelos em APIs robustas, fáceis de usar e bem documentadas.Transformar grandes volumes de dados em valorColetar, processar e analisar grandes volumes de dados estruturados e não estruturados para identificar padrões e tendências;Criar visualizações que elucidem as decisões tomadas e a qualidade dos modelos desenvolvidos.Atuar como ponte entre tecnologia e negócioFacilitar a comunicação entre diferentes departamentos e alavancar o potencial de equipes multidisciplinares;Interface direta com clientes e parceiros para levantamento de requisitos técnicos, especificação de arquitetura de modelos e apresentação de resultados.Sustentar a cultura de inovação da KunumiManter-se atualizado com as últimas tendências e avanços em ciência de dados e IA;Atuar de forma colaborativa e alinhada ao ""jeito Kunumi"": autonomia, responsabilidade compartilhada e diálogo aberto.O que é esperado de vocêLiderança Técnica: Experiência sólida liderando projetos e equipes técnicas.Domínio de Programação: Proficiência em Python (preferencial), R, SQL e bibliotecas como TensorFlow, PyTorch e Scikit-Learn.Ambiente de Desenvolvimento: Experiência de desenvolvimento em ambiente Linux.Experiência Prática: Aplicação real de métodos estatísticos e algoritmos de ML para resolver problemas complexos.Visualização de Dados: Experiência com ferramentas como Tableau, Matplotlib ou Seaborn.O que pode ser um diferencialBig Data: Familiaridade com tecnologias de armazenamento e processamento como Hadoop, Spark e NoSQL.Pesquisa Aplicada: Experiência anterior coordenando esforços de P&D.Visão de Produto: Capacidade de traduzir limitações técnicas em soluções de negócio para clientesSOBRE A KUNUMINa Kunumi, a curiosidade é nossa força motriz na busca incansável por conhecimento e pela coragem de desafiar o convencional. Acreditamos que a diversidade de pensamentos e perspectivas é fundamental para criar soluções únicas e impactantes.Nossa cultura é pautada pela valorização das pessoas, do cuidado com o legado que deixamos e pela constante busca por resultados elegantes em meio a desafios complexos. Aqui, cada voz é ouvida, cada ideia é valorizada e cada conquista é celebrada em conjunto.Somos agentes de mudança que almejam promover uma transformação positiva na sociedade por meio da Inteligência Artificial. Acreditamos no potencial humano e na capacidade de atuar como catalisadores para um futuro mais equilibrado.BENEFÍCIOSCultura dinâmica, diversa e focada no crescimento conjunto;Trabalho em ambiente remoto com horário flexível;Suporte home-office (ajuda de custo, cadeira, headphones, laptop, entre outros);Plano de saúde premium e dental para você e seus dependentes, sem mensalidade;Alimentação (cartão flexível);Licença parental estendidaAssistência a Filhos;Auxílio para Filhos(as) com Deficiência;Seguro de Vida;Programas de promoção à Saúde - mental, física e emocionalParceria Wellhub - Plano Gold gratuitoRecesso remunerado de final de anoKunumi Day mensal - Toda segunda sexta-feira do mês ficamos offSOBRE O PROCESSODepois de enviar sua inscrição, você receberá um email de confirmação.Acreditamos que a diversidade promove a criatividade e acelera resultados positivos, portanto, consideramos todos os candidatos não somente pela qualificação técnica, mas também como nos complementa como grupo.Conheça a nossa Política de Tratamento de Dados de CandidatosShow moreShow less",N/A,On-site/Hybrid,https://www.linkedin.com/jobs-guest/jobs/api/jobPosting/4405267191,2026-08-09
Analista de Dados - Python & IA - Híbrido — São Paulo/SP (Av. Paulista),Petit.RH,"São Paulo, São Paulo, Brazil",1 day ago,"Analista de Dados - Python & IA - Híbrido - São Paulo/SP (Av. Paulista)Resumo da vagaA Ultracar, SaaS de gestão para oficinas mecânicas, busca um(a) Analista de Dados com foco em Python e Inteligência Artificial para extrair insights estratégicos, construir pipelines e desenvolver modelos preditivos que orientem decisões de produto e de negócio. Você vai trabalhar com dados reais de um SaaS em crescimento, com infraestrutura moderna e autonomia para propor soluções. Se você gosta de transitar entre análise, engenharia de dados e IA aplicada, essa vaga é para você.O que você vai fazer no dia a diaColetar, tratar e modelar dados do produto Ultracar (clientes, operações, financeiro).Construir e manter pipelines de dados (ETL/ELT) eficientes e escaláveis.Desenvolver dashboards e relatórios acionáveis para os times de negócio e produto.Implementar modelos de Machine Learning para previsão de churn, demanda e anomalias.Integrar e orquestrar APIs de LLMs para features analíticas com IA generativa.Garantir qualidade, governança e documentação dos dados da plataforma.Colaborar com PM, Engenharia e CS para traduzir dados em decisões.O perfil que estamos buscandoCuriosidade analítica: investiga a causa por trás do número.Autonomia para propor soluções, não apenas atender demandas.Clareza na comunicação de resultados para públicos não técnicos.Rigor com qualidade e governança de dados.Interesse real por IA aplicada a problemas de negócio.Requisitos obrigatórios3+ anos de experiência com Python para análise e engenharia de dados.Domínio de pandas, NumPy, scikit-learn e bibliotecas de visualização.SQL avançado (CTEs, window functions, otimização de queries).Construção de pipelines de dados (Airflow, Prefect ou similar).Conhecimento em serviços de dados em nuvem (Azure Data Factory, BigQuery ou similar).Experiência com ferramentas de BI (Power BI, Metabase ou Tableau).DiferenciaisExperiência com LLMs e frameworks como LangChain ou LlamaIndex.Conhecimento em MLOps e versionamento de modelos (MLflow, DVC).Familiaridade com dados do setor automotivo ou SaaS B2B.Experiência com dbt para transformação de dados.Conhecimento em streaming de dados.Stack tecnológicaLinguagem: Python 3.10+IA / ML: scikit-learn, TensorFlow/PyTorch, OpenAI APIPipelines: Apache Airflow / PrefectBI: Power BI, MetabaseBanco de dados: SQL Server, PostgreSQL, BigQuery, MongoDBCloud: AWS (principal)Versionamento: Git, MLflowO que oferecemosAcesso a dados reais de um SaaS em crescimento no mercado automotivo.Infraestrutura moderna de dados com investimento contínuo.Autonomia para propor e implementar soluções de IA e analytics.Cultura data-driven com suporte direto da liderança.Remuneração competitiva + benefícios.Informações da vagaModelo de contratação: CLTModelo de trabalho: Híbrido — 3 dias presenciais e 2 remotosLocalização: São Paulo/SP — escritório na Av. PaulistaSetor: Tecnologia — SaaS para o mercado automotivoSobre a UltracarA Ultracar é um SaaS voltado para a gestão de oficinas mecânicas, em crescimento acelerado no mercado automotivo. A empresa investe em infraestrutura moderna, uso estratégico de Inteligência Artificial e no desenvolvimento interno de soluções complexas — como o módulo fiscal, construído 100% pela equipe. O time trabalha com autonomia técnica real e cultura de melhoria contínua.Ultracar: o melhor sistema de gestão para oficinas | UltracarShow moreShow less",N/A,On-site/Hybrid,https://www.linkedin.com/jobs-guest/jobs/api/jobPosting/4450923278,2026-08-09
Especialista P&D - Aprendizado Auto-Supervisionado,Samsung Brasil,Greater Campinas,2 days ago,"Position SummarySOBRE A SAMSUNG E O SRBRÉ missão da Samsung inspirar o mundo e moldar o futuro com ideias e tecnologias transformadoras!E você sabia que muitas dessas inovações são pensadas e desenvolvidas por talentos brasileiros e impactam a vida de milhões de pessoas pelo mundo?Nosso Centro de Pesquisa e Desenvolvimento - o SRBR - conta com duas unidades no Brasil, em Campinas/SP e em Manaus/AM, com atuação nas áreas de Inteligência Artificial, Segurança da Informação, Ciência de Dados, Desenvolvimento de Software e Automação, e é referência em tecnologias aplicadas à saúde e bem-estar.Aqui no SRBR respiramos inovação! Trabalhar em um P&D é estar sempre à frente, olhando para o futuro. Por aqui, profissionais da tecnologia e da área da saúde trabalham, pesquisam e criam soluções juntos, com muita sinergia e colaboração, em um ecossistema disruptivo que inclui universidades, institutos de pesquisa e acadêmicos.Nosso DNA é de pura inovação e criatividade, sem perder nossa essência de empresa sólida, consistente e em pleno crescimento.Nosso jeito de trabalhar está em constante evolução, acreditamos na potência do trabalho presencial para a sinergia entre as equipes. ;)Vem transformar o mundo com a gente! Vem ser #SAMSUNGERRole And ResponsibilitiesResponsável por pesquisa e desenvolvimento de tecnologias de aprendizado de máquina, com foco específico em Self-Supervised Learning (SSL), no contexto de saúde e bem-estar, aplicado a dispositivos vestíveis e todo o ecossistema Samsung. O especialista atuará na criação de frameworks e modelos que permitem o aprendizado eficiente de representações a partir de dados não rotulados, contribuindo para o avanço de soluções inovadoras em inteligência artificial.Principais Responsabilidades'- Participar de projetos de P&D de Inteligência Artificial (IA) do SRBR, que têm o objetivo de produzir tecnologia inovadora para equipar os dispositivos Samsung e possibilitar novos serviços;Desenvolver e otimizar frameworks de SSL para extrair representações de dados não rotulados, aplicáveis a séries temporais, assim como dados tabulares.Definir e executar experimentos de SSL, avaliando métricas de desempenho e comparando resultados com abordagens supervisionadas e semi-supervisionadas.Colaborar com equipes multidisciplinares (STEM, ciências biológicas, e ciências médicas) para integrar soluções de SSL em projetos de IA.Contribuir para a formulação da estratégia da equipe, propondo projetos inovadores;Acompanhar e reportar o progresso dos projetos, garantindo a entrega de resultados alinhados com os objetivos técnicos e comerciais.Mentoria e desenvolvimento técnico de pares, compartilhando conhecimentos avançados em SSL e aprendizado de máquina.REQUISITOSBacharel em Ciência da Computação, Estatística, Matemática, Engenharia da Computação, Engenharia Elétrica ou áreas correlatas;Mestrado ou Doutorado em Ciência da Computação, Estatística, Matemática, Engenharia da Computação, Engenharia Elétrica ou áreas correlatas, ou experiência similar compatível na indústria.Experiência na indústria com construção de modelos de aprendizado de máquina com SSL (desejável);Inglês oral e escrito avançado;Competências TécnicasProficiência em Self-Supervised Learning, incluindo experiência com Contrastive Learning e/ou Self-Distillation, assim como métodos baseados em reconstrução e agrupamento.Experiência em design e implementação de modelos de aprendizado profundo para extração de representações.Conhecimento avançado em probabilidade, estatística e projeto de experimentos.Habilidade em programação, principalmente proficiência em Python e PyTorch.Capacidade de treinar modelos em grandes volumes de informação, utilizando técnicas de aprendizado distribuído e otimização de recursos computacionais.Desejável ter experiência em otimização de modelos para dispositivos com restrição de recursos.Experiência com ambientes de big data e processamento distribuído.Publicação acadêmica e participação em conferências sobre aprendizado de máquina e IA.Local: Campinas, SP.Skills And QualificationsNOSSOS BENEFÍCIOSO bem-estar das pessoas é prioridade por aqui, por isso oferecemos o SRBR Health, um programa com várias ações focadas na saúde física e mental dos colaboradores. Temos sessões de massagem, relaxamento e alongamento, oferecemos acesso à plataforma Zenklub, serviço de atendimento online com terapeuta, psicólogo, psicanalista ou coach e o Wellhub (antigo Gympass), um programa completo de bem-estar físico, mental e nutricional.Nossas mesas de pingue-pongue fazem muito sucesso, e para descobrir os novos talentos esportivos, promovemos um torneio anual que é bem disputado.Valorizamos a conexão familiar, por isso as licenças parentais por aqui são estendidas. Licença-maternidade (6 meses) e paternidade (20 dias), além de auxílio creche para cada filho com idade até 24 meses.Temos a Sala Materna, um espaço de apoio à amamentação, para as mamães lactantes realizarem a retirada e estocagem de leite materno, durante o expediente.Horário flexível.Vale refeição.Plano de saúde (extensível aos dependentes legais).Plano odontológico (extensível aos dependentes legais).Seguro de vida.Vale transporte ou fretado.Auxílio combustível (pode ser usado em outros serviços).Celular corporativo.PLR anual.Bônus anual, com base na performance.Portal com descontos exclusivos em produtos Samsung.Oferecemos 4 horas semanais para dedicação exclusiva a mestrado e doutorado.Temos uma plataforma de desenvolvimento e aprendizagem, o Samsung U, com acesso a milhares de cursos online totalmente gratuitos.Um ambiente de trabalho que estimula a criatividade, o trabalho colaborativo e a conexão entre os times.DIVERSIDADE, INCLUSÃO E EQUIDADEAcreditamos no poder das diferenças para criar inovações que atendam e representem todas as pessoas! Estamos em um amplo processo de evolução de um local de trabalho com mais diversidade, equidade e inclusão, por isso valorizamos as candidaturas de todas as pessoas e suas identidades de gênero, etnia, raça, religião, orientação sexual, idade ou deficiência.As informações confidenciais e proprietárias obtidas por você durante seu histórico de emprego em outras empresas devem ser mantidas como tal (confidenciais e proprietárias) durante todo o processo de seleção, não podendo, em hipótese alguma, ser abertas ou compartilhadas com os entrevistadores.Please visit Samsung membership to see Privacy Policy, which defaults according to your location. You can change Country/Language at the bottom of the page. If you are European Economic Resident, please click here.Show moreShow less",N/A,On-site/Hybrid,https://www.linkedin.com/jobs-guest/jobs/api/jobPosting/4432414518,2026-08-09
Analista de Sistemas,THS Tecnologia,Greater São Paulo Area,3 weeks ago,"Venha fazer parte da ths e atuar em um projeto estratégico no time do sebrae-Na, transformando dados em decisões que geram impacto real.Principais AtividadesRealizar análises descritivas, preditivas e prescritivasDesenvolver modelos estatísticos e de machine learningManipular e extrair informações de grandes volumes de dados de diferentes fontesAutomatizar análises e construir relatórios estatísticosUtilizar python, r e sql para análises e modelagem de dadosTrabalhar com llms, rag e aplicações de ia generativaApoiar a cultura analítica e capacitação de colaboradores.RequisitosFormação superior em ciência de dados, ciência da computação, estatística ou áreas afinsexperiênciana área de dadosProficiência em python, r e sqlConhecimento em estatística, machine learning, nlp e visualização de dados (power bi, plotly, matplotlib)Inglês técnico (leitura de documentação)Vivência com azure, docker, apis e boas práticas de engenharia (diferencial).Contratação clt pela thsAtuação no time do sebrae-NaRegime: 100% home officeSalário: R$ 16.600,00.Show moreShow less",N/A,On-site/Hybrid,https://www.linkedin.com/jobs-guest/jobs/api/jobPosting/4451080746,2026-08-09
Cientista de Dados Sênior | Dados,Banco PAN,"São Paulo, São Paulo, Brazil",3 months ago,"Somos oPANÁgeis, flexíveis e criativos, exploramos possibilidades com disposição e desejo de fazer acontecer. Sempre prontos para encarar novos desafios, nutrimos líderes que, além de ter garra, são abertos e empáticos, veem na proximidade das relações, o elo entre cada um.Nossa missão, se faz cumprida quando transformamos a vida dos outros através dos nossos conhecimentos. Nossos pilares de cultura, reforçam nossa postura idealizadora e com desejo de fazer acontecer:Intensidade, Inconformismo, Eficiência, Espirito de equipe e Integridade.Somos seu aliado financeiro, trazendo soluções inteligentes que ajudam você a alcançar seus objetivos com segurança e confiança.Principais desafios:Atuar com times de CRM, B2C e Marketing, traduzindo dados em ação;Projetar, treinar e implementar modelos baseados em LLMsAlinhar e apresentar resultados para stakeholders técnicos e não técnicos.Criar e evoluir modelos preditivos voltados para o ciclo de vida do cliente (aquisição, upsell, retenção, margem);Apoiar decisões com base em análises técnicas e dados estruturados;Desenvolver soluções com impacto direto em resultado de negócio;Participar de todo o ciclo de vida do modelo: da prototipação ao deploy;Trabalhar com boas práticas de MLOps para garantir escalabilidade e monitoramento dos modelos.Quais as principais competências para a posição?Experiência com AWS (S3, Sagemaker, athena);Experiência com modelos preditivos e llmProgramação em Python e domínio de bibliotecas como Pandas, PySpark e Spark;Vivência com processos de deploy e automação de modelos preditivos;Familiaridade com práticas de MLOps (monitoramento, versionamento, pipeline de entrega);Visão de negócio orientada a resultados, com foco no cliente e na performance.Boa capacidade de comunicação e visão analítica.Desejável:Ter experiência com com redes neurais, modelos de imagem ou NLTer atuado com modelos de recomendaçãoModelo de atuação: Híbrido (4 dias presenciais no escritório e 1 dia de home office)Benefícios do PAN:Bônus / PLRVale RefeiçãoVale Alimentação13º de Vale AlimentaçãoConvênio Médico (internação em apartamento para titular e dependentes)Convênio Odonto/OrtodônticoAmbulatório Médico no escritórioTelemedicina Dr. Alper (Einstein Conecta) ilimitado.Seguro de VidaDescontos em mais de 10 mil farmácias4 Sessões de psicoterapia por mêsLicença familiar estendida (Responsável 6 meses e corresponsável 30 dias)Auxílio Creche / BabáAcomPANha (programa de acompanhamento para gestantes)Wellhub/TotalpassAuxílio tecnologia assistivas (reembolso de 85% para colaboradores com deficiência)Programas de desenvolvimentoSalão de beleza no escritórioPAE (Orientação Jurídica, Financeira, Psicológica e Social)Portal de descontos em diversos segmentos (Allya)Campanha de vacinação (colaborador e dependente)Facilitação no financiamento de veículos (Mediante análise)Cartão de crédito PAN com limite diferenciado (Mediante análise)Vale Transporte (desconto de apenas 4%)Assistência FuneralShow moreShow less",N/A,On-site/Hybrid,https://www.linkedin.com/jobs-guest/jobs/api/jobPosting/4410993829,2026-08-09
Desenvolvedor de IA,UX Group,"Barueri, São Paulo, Brazil",1 week ago,"ComoDesenvolvedor(a) de IA, você será responsável por criar e evoluir soluções de Inteligência Artificial para produtos e processos internos, utilizando dados como base para desenvolver modelos de Machine Learning e aplicações de IA Generativa. Você atuará em todo o ciclo de desenvolvimento, da concepção à produção, trabalhando em conjunto com a equipe técnica para transformar necessidades do negócio em soluções inovadoras e escaláveis.Responsabilidades e atribuiçõesEvoluir e principalmente desenvolver soluções de IA aplicadas a produtos e processos internos.Trabalhar com dados como base para qualquer solução de IA (modelagem, tratamento, análise).Construir e colocar em produção modelos de Machine Learning e aplicações com IA.Colaborar diretamente com a liderança de Dados/IA e com referências técnicas internas.Traduzir problemas de negócio em soluções técnicas viáveis, pensando além da IA quando necessário.Requisitos e qualificaçõesForte histórico com Dados, formação, prática ou ambos (análise, modelagem, engenharia de dados);Experiência comprovada em Machine Learning;Histórico recente de projetos de IA desenvolvidos e entregues de ponta a ponta;Boa base de programação e desenvolvimento de software (engenharia é bem-vinda; formação acadêmica específica em IA não é obrigatória).Tecnologias e ferramentas:Linguagens: Python (essencial) e SQL;ML/Data Science: pandas, NumPy, scikit-learn;Deep Learning: PyTorch e/ou TensorFlow;LLMs e IA generativa: experiência com APIs de LLMs (OpenAI, Anthropic, etc.) e frameworks de orquestração como LangChain ou similares;Dados: modelagem e consultas em bancos relacionais (PostgreSQL/MySQL) e experiência com pipelines de dados (ETL);Versionamento e colaboração: Git;Cloud: experiência com pelo menos um provedor (AWS, GCP ou Azure).Diferenciais:Experiência prévia em iGaming, apostas ou entretenimento digital;Vivência em ambientes de alto volume de dados e decisões em tempo real;Experiência com MLOps (Docker, Kubernetes, MLflow ou similares) para deploy e monitoramento de modelos em produção;Vivência com bancos vetoriais (Pinecone, Weaviate, ChromaDB) e arquiteturas de RAG (Retrieval-Augmented Generation);Familiaridade com ferramentas de processamento de dados em larga escala (Spark, Databricks);Experiência com orquestração de workflows (Airflow ou similares);Conhecimento em NoSQL (MongoDB, Redis).Informações adicionais🚗 Vale Transporte e auxílio com50% do estacionamento🍽️ Vale Refeição🩺 Assistência Médica🦷 Assistência Odontológica🛡️ Seguro de Vida🏋️ Acesso aoTotalPass e Wellhub, para você cuidar da saúde do seu jeito📲 PlataformasAvus e Starbem, com suporte para sua saúde física e mental💆 Massagem semanal🦴 Quiropraxia semanal💅 Manicure☕ Café da manhã todos os dias🍎 Snacks liberados durante o expediente🎉 Day Off no aniversário, porque celebrar sua jornada também faz parte.Show moreShow less",N/A,On-site/Hybrid,https://www.linkedin.com/jobs-guest/jobs/api/jobPosting/4442896605,2026-08-09
Analista de Ciência de Dados (Otimização e Pesquisa Operacional),Accenture Brasil,"São Paulo, São Paulo, Brazil",1 week ago,"Sobre a AccentureA Accenture ajuda as principais empresas do mundo a se reinventarem, construindo seu núcleo digital e liberando o poder da IA para gerar valor com rapidez em organizações de todos os setores. Nossa estratégia é ser o parceiro de reinvenção preferido de nossos clientes, liderar a adoção da IA de maneira segura e em escala, ser a empresa impulsionada por IA mais centrada no cliente, além de ser o melhor lugar para se trabalhar. Reunimos o talento de aproximadamente 786 mil pessoas com ativos e plataformas proprietárias, profundo conhecimento em processos e indústrias e relações líderes no ecossistema para oferecer soluções integradas e resultados mensuráveis em escala. Por meio de nossos Reinvention Services oferecemos ampla expertise em Cibersegurança, Núcleo Digital, Finanças, Indústria e Empresa, Song, Cadeia de Suprimentos & Engenharia e Talento, com capacidades avançadas em IA e Dados, Indústria & Processos e Tecnologia. Atendemos aproximadamente 9 mil clientes e geramos cerca de US$ 70 bilhões em receita no ano fiscal de 2025.Visite a Accenture em accenture.com.A oportunidade:Você atuará como especialista no assunto, colaborando com diversas equipes para apoiar decisões de alto impacto. Trabalhará junto a times multifuncionais, contribuindo em momentos estratégicos e propondo soluções inovadoras para os desafios que surgirem. Sua expertise em Data AI Business Analytics será fundamental para construir resultados transformadores. Estamos empolgados para ver como suas contribuições impulsionarão nosso crescimento e sucesso!O que você vai fazer no seu dia a dia:Formular, desenvolver e implementar modelos de otimização usando Gurobi, CPLEX, COIN ou outras engines de otimização para diversos tipos de problemas.Projetar e desenvolver algoritmos para problemas complexos de otimização, incluindo Alocação de Recursos, Roteamento de Veículos, Sequenciamento de Tarefas, Otimização de Portfólio e Otimizações de Cadeia de Suprimentos.Preparar documentação clara e concisa do desenvolvimento do modelo, abordagens de solução e resultados.Apresentar soluções de otimização e recomendações para stakeholders técnicos e não técnicos.Validar modelos e soluções de otimização usando métodos heurísticos.Manter se atualizado sobre as últimas tendências e desenvolvimentos em otimização e identificar proativamente oportunidades de melhoria contínua.O que estamos procurando na pessoa que vai fazer parte do time:Graduação, Mestrado ou Doutorado em Matemática Aplicada, Engenharia da Produção, Engenharia Industrial, Ciência da Computação, Sistemas de Informação ou áreas relacionadas.Experiência em modelagem de otimização e desenvolvimento de algoritmos usando Gurobi, CPLEX ou outras engines de otimização.Conhecimento em programação linear, programação inteira e programação inteira mista.Proficiência em uma ou mais linguagens de programação Python, C, similares.Fortes habilidades de resolução de problemas e análise, com capacidade de desenvolver soluções criativas e eficientes para problemas complexos.Benefícios:🏥 Assistência Médica – 100% subsidiada pela empresa (titular e dependentes)🦷 Assistência Odontológica🍽️ Vale Refeição ou Alimentação sem desconto🛡️ Seguro de vida📈 Previdência Privada🏋️ Welhub*📉 Opção de compra de ações da empresa com desconto💊 Desconto Farmácia*👶 Auxílio Creche*📚 Parceria com escola de idiomas*👨‍👩‍👧 Licença Maternidade e Paternidade Estendida💰 PPR*Conforme política vigenteLocalidade da vaga:Hibrido – São Paulo/SPou Remoto outras localidades.Show moreShow less",N/A,On-site/Hybrid,https://www.linkedin.com/jobs-guest/jobs/api/jobPosting/4427456930,2026-08-09
Cientista de Dados Sênior,Brasilseg,"São Paulo, São Paulo, Brazil",5 days ago,"Descrição da vagaO que estará sobre seus cuidados:Buscamos uma pessoaCientista de Dados Sêniorpara atuar na construção de soluções analíticas e modelos de Machine Learning que apoiem decisões estratégicas de negócio.Você fará parte de uma equipe que transforma dados de clientes em recomendações práticas, ajudando a melhorar aquisição, retenção, relacionamento e eficiência das iniciativas comerciais.A posição terá atuação ponta a ponta: desde a identificação de oportunidades e definição de problemas de negócio, passando pelo desenvolvimento de análises e modelos, até a implementação, acompanhamento de resultados e evolução contínua das soluções.Responsabilidades e atribuiçõesO que é importante você ter?O que estará sobre seus cuidados:Desenvolver modelos de Machine Learning e análises avançadas para apoiar decisões estratégicas relacionadas ao comportamento de clientes, incluindo:previsão de churn e identificação de clientes com maior risco de cancelamento;modelos de propensão e recomendação de produtos/ofertas;segmentação de clientes baseada em comportamento e perfil;modelos de valor do cliente (LTV) para apoiar estratégias de aquisição e retenção.Aplicar métodos estatísticos e desenvolver soluções analíticas escaláveis, garantindo qualidade e evolução dos modelos.Trabalhar em parceria com times de dados, tecnologia, produto e negócio para colocar soluções em produção.Acompanhar desempenho dos modelos e indicadores de negócio, identificando oportunidades de melhoria.Comunicar análises complexas de forma clara, traduzindo resultados em recomendações acionáveis para diferentes públicos.Requisitos e qualificaçõesRequisitos e qualificaçõesFormação superior completa em Estatística, Matemática, Ciência da Computação, Engenharia, Economia ou áreas quantitativas relacionadas.Experiência prática no desenvolvimento de modelos preditivos e soluções de Machine Learning aplicadas a problemas reais de negócio.Conhecimento avançado em Python para análise de dados e modelagem, utilizando bibliotecas como pandas, numpy e scikit-learn.Domínio de SQL para exploração, manipulação e análise de dados.Experiência trabalhando com grandes volumes de dados e ambientes analíticos distribuídos.Conhecimento sobre avaliação de modelos, definição de métricas, validação de resultados e acompanhamento de performance.Capacidade de comunicar resultados analíticos de forma clara e conectar análises técnicas com objetivos de negócio.Experiência com o ciclo de vida de modelos de Machine Learning, desde desenvolvimento até acompanhamento em produção.DiferenciaisExperiência em Customer Analytics e Machine Learning aplicado, com modelos de churn, propensão, recomendação, segmentação ou LTV.Conhecimento em experimentação, testes A/B, inferência causal e mensuração de impacto.Experiência com MLOps e modelos em produção, incluindo monitoramento, versionamento e ambientes de dados em escala (Spark/PySpark, Databricks ou cloud).Informações adicionaisComo Cuidamos de você:Benefícios:Seguro Saúde;Seguro Odontológico;Seguro Decesso;Vale TransporteVale Refeição;Vale Alimentação;13ª Cesta de Alimentação;Seguro de Vida em Grupo;Plano de Previdência Privada;Auxílio Creche e/ou Babá;Participação nos Lucros e Resultados (PLR);Gympass;Day off para comemorar seu aniversário;Programa Desenvolve com mais 500 cursos;Programa de Saúde Integrada: mental, social, financeira e física.Onde ficamos?Nossa sede fica localizada na zona sul de São Paulo, próximo a estação de trem Morumbi (linha 9 – Esmeralda), na região do bairro Chácara Santo Antônio.Show moreShow less",N/A,On-site/Hybrid,https://www.linkedin.com/jobs-guest/jobs/api/jobPosting/4446226244,2026-08-09
