title,company,location,posted,description,applicants,work_mode,link,data_coleta
Data Scientist II,Banco Bradesco,"Osasco, São Paulo, Brazil",2 weeks ago,"Sobre o BradescoA gente acredita no poder da confiança. Confiança que aproxima, orienta e transforma a vida das pessoas no dia a dia. Entrar no Bradesco é fazer parte de um momento real de transformação. Um ambiente que combina a solidez de uma história construída ao longo de décadas com a evolução constante de quem está sempre olhando para frente. Aqui, você encontra espaço para aprender, crescer e assumir protagonismo na sua trajetória, com apoio, estrutura e oportunidades que acompanham o seu desenvolvimento. Mais do que trabalhar em uma grande instituição, é sobre fazer parte de um time que impacta milhões de pessoas, contribui para o desenvolvimento do país e constrói, todos os dias, um futuro mais acessível e sustentável para a sociedade.Sobre a áreaCRM: Gerencia estratégias de relacionamento com clientes por meio do uso de dados e inteligência analítica. Atua na segmentação de públicos e na personalização de ofertas, comunicações e jornadas, maximizando relevância e engajamento. Contribui para aquisição, fidelização e crescimento, apoiando decisões comerciais e a evolução da experiência do cliente.Como será seu dia a dia?Como Data Scientist II, você atuará na área de Modelagem e suas principais atividades serão:Desenvolver modelos de Machine Learning e modelos estatísticos (propensão, classificação, regressão, segmentação e recomendação);Realizar análises exploratórias e diagnósticas para identificação de oportunidades de negócio;Construir e manter pipelines de dados e features reutilizáveis;Elaborar documentação técnica de modelos e apoiar processos de governança;Participar de revisões técnicas e da evolução contínua dos modelos existentes;Traduzir análises complexas em recomendações práticas para stakeholders;Contribuir para a evolução dos ativos analíticos da área.Modelo de trabalhoHíbrido - 1x PresencialUnidade: Osasco - SPPerfil que buscamosValorizamos quem entende o cliente em profundidade, trabalha em parceria e transforma conhecimento em entregas com impacto. Profissionais com senso de dono, consistência na execução e foco em resultado, que evoluem continuamente, compartilham aprendizados e usam tecnologia para transformar desafios em soluções relevantes para o negócio.RequisitosGraduação ou Pós-Graduação em Ciência de Dados, Estatística, Matemática, Economia, Engenharia, Computação, Sistemas de Informação ou áreas correlatas;Conhecimento em Python, SQL, Databricks, SAS, Power BI e Tableau;Vivência em desenvolvimento e validação de modelos analíticos;Vivência com visualização de dados e construção de painéis analíticos;Inglês técnico básico.Será um diferencial se você tiver:Conhecimentos em Spark, Hive e HBase;Experiência com Azure, AWS ou GCP;Certificações ou especializações na área de Data Science e Analytics.O que você encontra aquiCuidar de vocêPlano de saúde e odontológicoSeguro de vidaViva Bem: programa de saúde, bem-estar e qualidade de vidaTotalPassCrescer com vocêUniversidade corporativa Bradesco (Unibrad)Parcerias educacionaisSegurança para o seu futuroParticipação nos lucros ou Bônus (conforme a elegibilidade de cargo)Previdência privadaCondições especiais em produtos e serviçosIsenção de Tarifas: condições especiais em diversos produtos e serviçosApoio à sua vida e à sua famíliaVale alimentação e refeição13ª cesta alimentaçãoAuxílio creche ou babáLicença Maternidade de 180 dias, acompanhamento assistencial da gestação até o pós-partoLicença Paternidade estendida de 20 diasVale transporte opcionalTudo pensado para apoiar sua jornada de crescimento com equilíbrio, segurança e oportunidade.DiversidadeNo Bradesco, diversidade é valor e estratégia. Trabalhamos para construir um ambiente inclusivo e um quadro de colaboradores que reflita a diversidade da sociedade brasileira. Por isso, valorizamos pessoas com diferentes histórias e características, como gênero, raça, orientação sexual, deficiência, idade e outras dimensões da diversidade.Se você acredita na confiança como base para transformar, gosta de desafios e quer crescer em um ambiente que evolui junto com você, seu lugar pode ser aqui. Vem ser Bradesco!Vem ser Bradesco com #ConfiançaParaTransformar!Show moreShow less",N/A,On-site/Hybrid,https://www.linkedin.com/jobs-guest/jobs/api/jobPosting/4455524240,2026-09-01
Cientista de dados Pleno,Nio,"São Paulo, São Paulo, Brazil",17 hours ago,"Na Nio, acreditamos que a tecnologia conecta pessoas e transforma o futuro. Somos uma empresa inovadora e focada em excelência, operando com uma cultura dinâmica e colaborativa. Nosso time trabalha com autonomia, paixão e compromisso, sempre em busca dos melhores resultados.Estamos buscando um(a) Data Scientist para integrar nosso time de dados, com foco em transformar dados complexos em insights acionáveis que orientem decisões estratégicas do negócio.Responsabilidades e atribuiçõesDesenvolver e manter modelos analíticos e preditivos em Python, desde a exploração dos dados até o deploy em produção.Trabalhar próximo às áreas de negócio para entender problemas, formular hipóteses e comunicar descobertas de forma clara e objetiva.Garantir a qualidade, reprodutibilidade e escalabilidade das soluções entregues.Analisar e interpretar grandes volumes de dados para identificar padrões e tendências.Propor e implementar soluções inovadoras para desafios de negócio utilizando técnicas de ciência de dados.Requisitos e qualificaçõesFluência em Python para análise de dados e modelagem (pandas, scikit-learn, statsmodels ou similares).Sólida base em estatística — testes de hipótese, distribuições, regressão, inferência.Capacidade de estruturar problemas ambíguos e propor soluções com autonomia.Boa comunicação para traduzir resultados técnicos para públicos não técnicos.Diferenciais: Familiaridade com ambientes cloud (GCP, AWS ou Azure).Experiência com experimentos A/B e causalidade.Formação superior em Ciência da Computação, Engenharia, Estatística, Matemática ou áreas correlatas.Pós-graduação ou mestrado em Ciência de Dados ou áreas afins (desejável).Informações adicionaisBenefícios:Vale Alimentação e/ou RefeiçãoVale TransporteAssistência MédicaAssistência OdontológicaSeguro de VidaPrevidência PrivadaPrograma de participação nos resultados (PPR)Auxílio FarmáciaAuxílio crecheFlexibilidade de horárioClube de Vantagens V.talLicença maternidade estendida (6 meses)Licença paternidade estendida (20 dias)O FUTURO PASSA POR AQUI E É COM VOCÊ QUE IREMOS CONSTRUÍ-LONós somos a V.tal, uma empresa que nasceu com o propósito de viabilizar a conexão com o mundo digital transformando a vida das pessoas.Trabalhamos para ajudar a incluir o Brasil no topo da lista dos países mais digitalizados do mundo, promovendo a inclusão digital, impulsionando novos negócios e estimulando o desenvolvimento regional.E isso é possível porque já nascemos com a maior rede de fibra ótica do Brasil e com um time que faz acontecer. Somos uma rede neutra, compartilhada com operadoras, provedores e parceiros de todos os tamanhos e regiões. E isso nos enche de orgulho. Toda essa robustez nos permite oferecer abrangência e capilaridade para os nossos clientes irem mais longe, otimizando seus investimentos.NOSSO TIMESomos conectados, ágeis e direcionados pelo excelente resultado. Nosso ambiente de trabalho é leve porque é formado por pessoas que colaboram entre si, confiam umas nas outras e vibram por cada conquista. Aqui nós não damos desculpas, buscamos a solução. É com essa equipe de alta performance que trabalhamos diariamente para incluir o Brasil no topo da lista dos países mais digitalizados do mundo, promovendo a inclusão digital, o desenvolvimento econômico e social das pessoas.CONFIRA OS NOSSOS PRINCÍPIOSJogamos limpo, confiamos uns nos outros.Evolução e aprendizado constante é nosso mantra. Sem aprendizado, não há evolução.Somos obcecados pela excelência e alta performance. A busca pelo resultado acontece diariamente em cada decisão.Work hard, play hard! Somos focados e temos um ambiente saudável.SE IDENTIFICOU COM A NOSSA PROPOSTA? ENTÃO VEM CONSTRUIR O FUTURO COM A GENTE HOJE!Show moreShow less",N/A,On-site/Hybrid,https://www.linkedin.com/jobs-guest/jobs/api/jobPosting/4459251630,2026-09-01
Data Scientist II,Banco Bradesco,"Osasco, São Paulo, Brazil",1 week ago,"Sobre o BradescoA gente acredita no poder da confiança. Confiança que aproxima, orienta e transforma a vida das pessoas no dia a dia. Entrar no Bradesco é fazer parte de um momento real de transformação. Um ambiente que combina a solidez de uma história construída ao longo de décadas com a evolução constante de quem está sempre olhando para frente. Aqui, você encontra espaço para aprender, crescer e assumir protagonismo na sua trajetória, com apoio, estrutura e oportunidades que acompanham o seu desenvolvimento. Mais do que trabalhar em uma grande instituição, é sobre fazer parte de um time que impacta milhões de pessoas, contribui para o desenvolvimento do país e constrói, todos os dias, um futuro mais acessível e sustentável para a sociedade.Sobre a áreaCrédito: Responsável pela estruturação, gestão e evolução das soluções de crédito do banco, atendendo diferentes perfis de clientes e necessidades financeiras. Atua na definição de políticas, análise e concessão de crédito, equilibrando competitividade, rentabilidade e controle de riscos. Contribui para o crescimento sustentável do negócio e para a eficiência na alocação de capital.Como será seu dia a dia?Como Data Scientist II, você atuará na área de Crédito - Principal e Private e suas principais atividades serão:Desenvolver análises de clusterização para identificar perfis, padrões comportamentais e segmentos ideais para tomada de decisão;Construir, validar e recalibrar modelos de precificação na visão cliente, monitorando performance e realizando ajustes contínuos;Explorar grandes volumes de dados internos e externos para criação de features relevantes que aprimorem a qualidade dos modelos;Realizar análises de sensibilidade para avaliar impactos de mudanças nos parâmetros de precificação e nas condições de mercado sobre a demanda;Traduzir insights complexos em recomendações claras e acionáveis, garantindo entendimento dos stakeholders e contribuindo para estratégias de rentabilidade alinhadas à elasticidade da demanda.Modelo de trabalhoHíbrido - 3x PresencialUnidade: Osasco - SPPerfil que buscamosValorizamos quem entende o cliente em profundidade, trabalha em parceria e transforma conhecimento em entregas com impacto. Profissionais com senso de dono, consistência na execução e foco em resultado, que evoluem continuamente, compartilham aprendizados e usam tecnologia para transformar desafios em soluções relevantes para o negócio.RequisitosGraduação superior completa em áreas como Economia, Engenharia, Estatística, Matemática, Administração ou áreas correlatas;Conhecimento em conceitos, modelos de precificação e análise de rentabilidade;Vivência com Python, SQL e PySpark;Vivência com Databricks;Será um diferencial se você tiver:Conhecimento em SAS;Conhecimento em linguagem de programação R;Inglês nível intermediário;O que você encontra aquiCuidar de vocêPlano de saúde e odontológicoSeguro de vidaViva Bem: programa de saúde, bem-estar e qualidade de vidaTotalPassCrescer com vocêUniversidade corporativa Bradesco (Unibrad)Parcerias educacionaisSegurança para o seu futuroParticipação nos lucros ou Bônus (conforme a elegibilidade de cargo)Previdência privadaCondições especiais em produtos e serviçosIsenção de Tarifas: condições especiais em diversos produtos e serviçosApoio à sua vida e à sua famíliaVale alimentação e refeição13ª cesta alimentaçãoAuxílio creche ou babáLicença Maternidade de 180 dias, acompanhamento assistencial da gestação até o pós-partoLicença Paternidade estendida de 20 diasVale transporte opcionalTudo pensado para apoiar sua jornada de crescimento com equilíbrio, segurança e oportunidade.DiversidadeNo Bradesco, diversidade é valor e estratégia. Trabalhamos para construir um ambiente inclusivo e um quadro de colaboradores que reflita a diversidade da sociedade brasileira. Por isso, valorizamos pessoas com diferentes histórias e características, como gênero, raça, orientação sexual, deficiência, idade e outras dimensões da diversidade.Se você acredita na confiança como base para transformar, gosta de desafios e quer crescer em um ambiente que evolui junto com você, seu lugar pode ser aqui. Vem ser Bradesco!Show moreShow less",N/A,On-site/Hybrid,https://www.linkedin.com/jobs-guest/jobs/api/jobPosting/4448652176,2026-09-01
Cientista de Dados,Dell Technologies,"São Paulo, São Paulo, Brazil",4 days ago,"Cientista de DadosA área de AI Centric Engineering é dinâmica e empolgante, fazendo parte do Escritório do CTO (OCTO) da Dell. Conduzimos pesquisas e engenharia voltadas para o futuro da Dell Technologies em um ambiente de alta visibilidade e colaboração intensa. Nossa equipe é especializada no desenvolvimento de soluções avançadas de IA que capacitam empresas a inovar, se comunicar e otimizar operações de maneiras nunca antes possíveis. Somos compostos por pessoas apaixonadas e dedicadas a ultrapassar os limites da tecnologia de IA.Junte-se a nós para realizar o melhor trabalho da sua carreira e causar um impacto social profundo comoCientista de Dadosem nossa equipe deAI Centric EngineeringemEldorado ou São Paulo, Brasil .O que você conquistaráComoCientista de Dadosvocê será responsável por contribuir com a estratégia de negócios e influenciar a tomada de decisões com base em informações obtidas por meio de análises aprofundadas. Você produzirá recomendações acionáveis e envolventes ao interpretar insights de conjuntos de dados complexos. Também irá projetar processos para consolidar e examinar dados não estruturados, gerando insights relevantes. Além disso, colaborará com líderes de negócios, engenheiros e especialistas da indústria para construir modelos preditivos, algoritmos e motores de probabilidade.Você irá:Colaborar com equipes internas e externas para entender os requisitos dos clientes e desenvolver soluções personalizadas utilizando modelos de IA generativa;Desenvolver aplicações de IA utilizadas em diferentes áreas da Dell, com o objetivo de transformar e modernizar a empresa;Desenvolver e conduzir testes para avaliar a eficácia de algoritmos em diferentes casos analíticos;Manter-se atualizado com os avanços mais recentes em pesquisa de IA e aplicar técnicas de ponta para aprimorar o desempenho dos modelos;Realizar testes rigorosos, validação e avaliação de desempenho das soluções de IA.Dê o primeiro passo em direção à carreira dos seus sonhosCada membro da equipe da Dell Technologies traz algo único para a mesa. Aqui está o que estamos procurando, com esta função:Requisitos EssenciaisFormação acadêmica: Graduação completa em Ciência da Computação, Engenharia (Computação, Software, Elétrica, Controle e Automação), Estatística, Matemática, Física ou áreas correlatas. Pós-graduação stricto sensu (Mestrado ou Doutorado) em áreas relacionadas à Inteligência Artificial, Aprendizado de Máquina ou Ciência de Dados concluído ou em andamento;Domínio avançado do inglês, necessário para interação constante com times internacionais;Sólidas habilidades de programação em Python e ferramentas colaborativas de desenvolvimento (Github, Jira);Compreensão dos conceitos de Ciência de dados e IA Generativa experiência com modelos de linguagem de grande escala e familiaridade com técnicas e aplicações de processamento de linguagem natural (PLN).Conhecimento e familiaridade com os conceitos fundamentais de design e análise de algoritmos, além de forte conhecimento em matemática e estatística.Requisitos DesejáveisCompreensão sólida e proficiência em agentesShow moreShow less",N/A,On-site/Hybrid,https://www.linkedin.com/jobs-guest/jobs/api/jobPosting/4458948146,2026-09-01
Data Scientist II,Banco Bradesco,"Osasco, São Paulo, Brazil",1 week ago,"Sobre o BradescoA gente acredita no poder da confiança. Confiança que aproxima, orienta e transforma a vida das pessoas no dia a dia. Entrar no Bradesco é fazer parte de um momento real de transformação. Um ambiente que combina a solidez de uma história construída ao longo de décadas com a evolução constante de quem está sempre olhando para frente. Aqui, você encontra espaço para aprender, crescer e assumir protagonismo na sua trajetória, com apoio, estrutura e oportunidades que acompanham o seu desenvolvimento. Mais do que trabalhar em uma grande instituição, é sobre fazer parte de um time que impacta milhões de pessoas, contribui para o desenvolvimento do país e constrói, todos os dias, um futuro mais acessível e sustentável para a sociedade.Sobre a áreaCrédito: Responsável pela estruturação, gestão e evolução das soluções de crédito do banco, atendendo diferentes perfis de clientes e necessidades financeiras. Atua na definição de políticas, análise e concessão de crédito, equilibrando competitividade, rentabilidade e controle de riscos. Contribui para o crescimento sustentável do negócio e para a eficiência na alocação de capital.Como será seu dia a dia?Como Data Scientist II, você atuará na área de Crédito - Negócios e suas principais atividades serão:Desenvolver análises de clusterização para identificar perfis, padrões comportamentais e segmentos ideais para tomada de decisão;Construir, validar e recalibrar modelos de precificação na visão cliente, monitorando performance e realizando ajustes contínuos;Explorar grandes volumes de dados internos e externos para criação de features relevantes que aprimorem a qualidade dos modelos;Realizar análises de sensibilidade para avaliar impactos de mudanças nos parâmetros de precificação e nas condições de mercado sobre a demanda;Traduzir insights complexos em recomendações claras e acionáveis, garantindo entendimento dos stakeholders.Modelo de trabalhoHíbrido - 3x PresencialUnidade: Osasco - SPPerfil que buscamosValorizamos quem entende o cliente em profundidade, trabalha em parceria e transforma conhecimento em entregas com impacto. Profissionais com senso de dono, consistência na execução e foco em resultado, que evoluem continuamente, compartilham aprendizados e usam tecnologia para transformar desafios em soluções relevantes para o negócio.RequisitosGraduação superior completa em Economia, Estatística, Engenharia, Matemática, Administração ou áreas correlatas;Conhecimento em modelos de precificação e análise de rentabilidade;Vivência com Python e SQL;Vivência com Databricks;Será um diferencial se você tiver:Inglês nível intermediário.O que você encontra aquiCuidar de vocêPlano de saúde e odontológicoSeguro de vidaViva Bem: programa de saúde, bem-estar e qualidade de vidaTotalPassCrescer com vocêUniversidade corporativa Bradesco (Unibrad)Parcerias educacionaisSegurança para o seu futuroParticipação nos lucros ou Bônus (conforme a elegibilidade de cargo)Previdência privadaCondições especiais em produtos e serviçosIsenção de Tarifas: condições especiais em diversos produtos e serviçosApoio à sua vida e à sua famíliaVale alimentação e refeição13ª cesta alimentaçãoAuxílio creche ou babáLicença Maternidade de 180 dias, acompanhamento assistencial da gestação até o pós-partoLicença Paternidade estendida de 20 diasVale transporte opcionalTudo pensado para apoiar sua jornada de crescimento com equilíbrio, segurança e oportunidade.DiversidadeNo Bradesco, diversidade é valor e estratégia. Trabalhamos para construir um ambiente inclusivo e um quadro de colaboradores que reflita a diversidade da sociedade brasileira. Por isso, valorizamos pessoas com diferentes histórias e características, como gênero, raça, orientação sexual, deficiência, idade e outras dimensões da diversidade.Se você acredita na confiança como base para transformar, gosta de desafios e quer crescer em um ambiente que evolui junto com você, seu lugar pode ser aqui. Vem ser Bradesco!Show moreShow less",N/A,On-site/Hybrid,https://www.linkedin.com/jobs-guest/jobs/api/jobPosting/4448642350,2026-09-01
Cientista de Dados,Capgemini,"São Paulo, São Paulo, Brazil",1 week ago,"Nossa Oportunidade:Você é apaixonado(a) por tecnologia, inovação e quer fazer parte de um ambiente inclusivo, colaborativo e em constante evolução? Então essa oportunidade é para você!Na Capgemini, valorizamos o equilíbrio entre vida pessoal e profissional. Por isso, oferecemos modelos de trabalho flexível, híbrido, de acordo com as necessidades do projeto. Nosso objetivo é proporcionar a melhor experiência para você, respeitando seu estilo de vida e promovendo bem-estar.Estamos em busca de um(a)Cientista de Dados, para compor nosso time.Responsabilidades do cargo:Desenvolver e implementar modelos preditivos e soluções baseadas em machine learning e LLMs.Trabalhar com grandes volumes de dados utilizando PySpark e Databricks.Automatizar pipelines de dados e modelos com práticas de CI/CD e MLOps.Monitorar a performance de modelos em produção e implementar estratégias de re-treinamento.Colaborar com times de engenharia, produto e BI para transformar dados em insights acionáveis.Documentar processos, decisões técnicas e resultados de experimentos.Contribuir para a evolução da arquitetura de dados e boas práticas da equipe.RequisitosSólida experiência com Python para ciência de dados e machine learning.Experiência prática com PySpark e Databricks.Conhecimento avançado em CI/CD e MLOps (MLflow, DVC, Airflow, etc.).Experiência com modelos preditivos, regressão, classificação, séries temporais, etc.Familiaridade com LLMs e aplicações de NLP.Experiência com monitoramento de modelos (drift, performance, alertas).Conhecimento em ferramentas de BI (Power BI, Tableau).Experiência com versionamento de código (Git) e metodologias ágeis.Diversidade, Inclusão e Pertencimento:Na Capgemini, você pode ser quem você é. Valorizamos a diversidade em todas as suas formas e promovemos um ambiente inclusivo por meio de comitês como:Women@Capgemini – Empoderamento feminino e equidade de gênero.Capgemini Black – Representatividade e valorização da cultura negra.LGBTQIA+@Capgemini, Capgemini Accessibility, entre outros.Nosso compromisso é contínuo: somos reconhecidos pela GPTW, Bloomberg Gender Equality Index, EDGE e Ethisphere como uma das empresas mais éticas e inclusivas do mundo. Nossas vagas são para todas as pessoas, independentemente de cor, etnia, religião, idade, identidade de gênero, orientação sexual ou deficiência.Desenvolvimento e BenefíciosAqui, você é protagonista da sua carreira! Oferecemos:Plano de carreira estruturado e trilhas personalizadas de aprendizado.Universidade Corporativa, com acesso a Harvard, Pluralsight.Certificações oficiais com parceiros como SAP, AWS, Microsoft, Salesforce.Idiomas com EF Education First (Inglês, Espanhol, Francês e Alemão).Bem-estar completo:Assistência médica e odontológica.TotalPass e Equilibrium (saúde física e mental).Previdência privada e seguro de vida.Programa Family Care: licenças maternidade e paternidade estendidas, apoio à fertilidade, orientação personalizada em saúde e bem-estar.Vale-refeição, clube de benefícios e muito mais!Make It RealNa Capgemini, liberamos a energia humana por meio da tecnologia para construir um futuro mais inclusivo, sustentável e inovador. Se você compartilha desses valores, venha transformar o mundo com a gente!Show moreShow less",N/A,On-site/Hybrid,https://www.linkedin.com/jobs-guest/jobs/api/jobPosting/4454626540,2026-09-01
N/A,N/A,N/A,N/A,N/A,N/A,On-site/Hybrid,https://www.linkedin.com/jobs-guest/jobs/api/jobPosting/4459017086,2026-09-01
Data Scientist III,Banco Bradesco,"Osasco, São Paulo, Brazil",2 weeks ago,"Sobre o BradescoA gente acredita no poder da confiança. Confiança que aproxima, orienta e transforma a vida das pessoas no dia a dia. Entrar no Bradesco é fazer parte de um momento real de transformação. Um ambiente que combina a solidez de uma história construída ao longo de décadas com a evolução constante de quem está sempre olhando para frente. Aqui, você encontra espaço para aprender, crescer e assumir protagonismo na sua trajetória, com apoio, estrutura e oportunidades que acompanham o seu desenvolvimento. Mais do que trabalhar em uma grande instituição, é sobre fazer parte de um time que impacta milhões de pessoas, contribui para o desenvolvimento do país e constrói, todos os dias, um futuro mais acessível e sustentável para a sociedade.Sobre a áreaAvaliação Independente de Modelos (AVIM) : Em se tratando de simplificações da realidade, os modelos são sujeitos a riscos, que podem desencadear perdas relacionadas a decisões baseadas em estimativas incorretas ou obsoletas ou, ainda, uso inapropriado. Para identificar e mitigar esses riscos, nós da Área de Avaliação Independente de Modelos (AVIM) atuamos efetivamente no fortalecimento do uso de modelos, realizando ações de aculturamento e disseminando as boas práticas em modelagemComo será seu dia a dia?Como Data Scientist III, você atuará na área de Gestão Risco de Modelos e suas principais atividades serão:Projetar, desenvolver e evoluir pipelines e produtos de dados escaláveis para validação de soluções de IA Generativa em ambiente Databricks;Validar pipelines ETL/ELT em processamento batch e streaming, utilizando Python, SQL, PySpark e Spark;Avaliar pipelines de preparação de dados para aplicações de IA Generativa, incluindo chunking, geração de embeddings, indexação e atualização de bases vetoriais para soluções RAG;Analisar práticas de DataOps, MLOps e LLMOps, com automação, CI/CD, versionamento, testes e monitoramento em produção;Garantir qualidade, governança, segurança, observabilidade, rastreabilidade, performance, escalabilidade e confiabilidade dos dados utilizados por soluções de IA;Diagnosticar e solucionar incidentes críticos, identificar desvios operacionais e promover otimização de performance e custos.Modelo de trabalhoHíbrido - 2x PresencialUnidade: Osasco/SPPerfil que buscamosValorizamos quem entende o cliente em profundidade, trabalha em parceria e transforma conhecimento em entregas com impacto. Profissionais com senso de dono, consistência na execução e foco em resultado, que evoluem continuamente, compartilham aprendizados e usam tecnologia para transformar desafios em soluções relevantes para o negócio.RequisitosSuperior Completo;Experiência em aplicações de IA Tradicional e de IA Generativa, incluindo chunking, geração de embeddings, indexação e atualização de bases vetoriais para soluções RAG ;Experiência com ambientes analíticos e processamento de dados, como Databricks, utilizadas nos modelos e das respectivas integrações;Facilidade para trabalho em Projetos e equipes multidisciplinares;Conhecimento de SAS, Python/PySpark, R, Power BI, Office (nível avançado);Facilidade na construção de relações de colaboração para identificação dos modelos, respectivas variáveis utilizadas e dos processos e aplicações em que o modelo encontra-se inserido;Será um diferencial se você tiver:Conhecimento de produtos e serviços bancários;Inglês e Espanhol para conversação;Conhecimento sobre os propósitos dos modelos utilizados no mercado financeiro e das áreas envolvidas no desenvolvimento e implantação destes.O que você encontra aquiCuidar de vocêPlano de saúde e odontológicoSeguro de vidaViva Bem: programa de saúde, bem-estar e qualidade de vidaTotalPassCrescer com vocêUniversidade corporativa Bradesco (Unibrad)Parcerias educacionaisSegurança para o seu futuroParticipação nos lucros ou Bônus (conforme a elegibilidade de cargo)Previdência privadaCondições especiais em produtos e serviçosIsenção de Tarifas: condições especiais em diversos produtos e serviçosApoio à sua vida e à sua famíliaVale alimentação e refeição13ª cesta alimentaçãoAuxílio creche ou babáLicença Maternidade de 180 dias, acompanhamento assistencial da gestação até o pós-partoLicença Paternidade estendida de 20 diasVale transporte opcionalTudo pensado para apoiar sua jornada de crescimento com equilíbrio, segurança e oportunidade.DiversidadeNo Bradesco, diversidade é valor e estratégia. Trabalhamos para construir um ambiente inclusivo e um quadro de colaboradores que reflita a diversidade da sociedade brasileira. Por isso, valorizamos pessoas com diferentes histórias e características, como gênero, raça, orientação sexual, deficiência, idade e outras dimensões da diversidade.Se você acredita na confiança como base para transformar, gosta de desafios e quer crescer em um ambiente que evolui junto com você, seu lugar pode ser aqui. Vem ser Bradesco!Vem ser Bradesco com #ConfiançaParaTransformar!Show moreShow less",N/A,On-site/Hybrid,https://www.linkedin.com/jobs-guest/jobs/api/jobPosting/4455529232,2026-09-01
N/A,N/A,N/A,N/A,N/A,N/A,On-site/Hybrid,https://www.linkedin.com/jobs-guest/jobs/api/jobPosting/4455537174,2026-09-01
Data Scientist Specialist,Banco Bradesco,"Osasco, São Paulo, Brazil",5 days ago,"Sobre o BradescoA gente acredita no poder da confiança. Confiança que aproxima, orienta e transforma a vida das pessoas no dia a dia. Entrar no Bradesco é fazer parte de um momento real de transformação. Um ambiente que combina a solidez de uma história construída ao longo de décadas com a evolução constante de quem está sempre olhando para frente. Aqui, você encontra espaço para aprender, crescer e assumir protagonismo na sua trajetória, com apoio, estrutura e oportunidades que acompanham o seu desenvolvimento. Mais do que trabalhar em uma grande instituição, é sobre fazer parte de um time que impacta milhões de pessoas, contribui para o desenvolvimento do país e constrói, todos os dias, um futuro mais acessível e sustentável para a sociedade.Sobre a áreaSegurança Corporativa: Responsável pela proteção de pessoas, informações e ativos da instituição. Atua na prevenção, monitoramento e resposta a riscos e incidentes, garantindo a segurança física e corporativa. Contribui para a continuidade dos negócios e a integridade das operações, fortalecendo a resiliência e a proteção institucional.Como será seu dia a dia?Como Data Scientist Specialist, você atuará na área de Dados e Modelagem e suas principais atividades serão:Desenvolver, implementar e evoluir modelos de Machine Learning para prevenção à fraude, risco e tomada de decisão.Conduzir projetos analíticos de ponta a ponta, desde a identificação da oportunidade até a implantação em produção.Realizar preparação, exploração e análise de dados para geração de insights e desenvolvimento de modelos preditivos.Desenvolver soluções de Inteligência Artificial e IA Generativa aplicadas a desafios de negócio.Implementar processos de deploy, monitoramento, manutenção e acompanhamento de performance dos modelos.Trabalhar em parceria com áreas de Dados, Engenharia e Negócio para traduzir desafios de negócio em soluções analíticas.Atuar como referência técnica para o time em temas relacionados a Ciência de Dados, Machine Learning e IA.Acompanhar tendências de mercado, novas tecnologias e oportunidades de aplicação de Inteligência Artificial.Modelo de trabalhoHíbrido - 3x PresencialUnidade: Osasco - Matriz ou Curitiba - XaximPerfil que buscamosValorizamos quem entende o cliente em profundidade, trabalha em parceria e transforma conhecimento em entregas com impacto. Profissionais com senso de dono, consistência na execução e foco em resultado, que evoluem continuamente, compartilham aprendizados e usam tecnologia para transformar desafios em soluções relevantes para o negócio.RequisitosGraduação completa em Estatística, Matemática, Ciência da Computação, Engenharia, Sistemas de Informação ou áreas correlatas.Pós-graduação, MBA ou especialização em Data Science, Machine Learning, Inteligência Artificial ou áreas afins.Experiência prática em Machine Learning aplicado, especialmente em problemas de classificação, detecção de anomalias e modelagem preditiva.Vivência no desenvolvimento de modelos para ambientes de produção, incluindo monitoramento e acompanhamento de performance.Experiência com Databricks e processamento de grandes volumes de dados.Conhecimento em todo o ciclo de vida de modelos analíticos, desde a preparação dos dados até a operacionalização das soluções.Experiência em atuação conjunta com áreas multidisciplinares e stakeholders de diferentes níveis organizacionais.Domínio de Python e SQL.Será um diferencial se você tiver:Experiência em prevenção à fraude, PLDFT (Prevenção à Lavagem de Dinheiro e Financiamento do Terrorismo), análise de risco ou contextos similares.Vivência em problemas relacionados à detecção de anomalias e identificação de comportamentos suspeitos.Conhecimento e aplicação de IA Generativa, incluindo LLMs, RAG e agentes inteligentes.Experiência em integração de modelos e aplicações por meio de APIs.O que você encontra aquiCuidar de vocêPlano de saúde e odontológicoSeguro de vidaViva Bem: programa de saúde, bem-estar e qualidade de vidaTotalPassCrescer com vocêUniversidade corporativa Bradesco (Unibrad)Parcerias educacionaisSegurança para o seu futuroParticipação nos lucros ou Bônus (conforme a elegibilidade de cargo)Previdência privadaCondições especiais em produtos e serviçosIsenção de Tarifas: condições especiais em diversos produtos e serviçosApoio à sua vida e à sua famíliaVale alimentação e refeição13ª cesta alimentaçãoAuxílio creche ou babáLicença Maternidade de 180 dias, acompanhamento assistencial da gestação até o pós-partoLicença Paternidade estendida de 20 diasVale transporte opcionalTudo pensado para apoiar sua jornada de crescimento com equilíbrio, segurança e oportunidade.DiversidadeNo Bradesco, diversidade é valor e estratégia. Trabalhamos para construir um ambiente inclusivo e um quadro de colaboradores que reflita a diversidade da sociedade brasileira. Por isso, valorizamos pessoas com diferentes histórias e características, como gênero, raça, orientação sexual, deficiência, idade e outras dimensões da diversidade.Se você acredita na confiança como base para transformar, gosta de desafios e quer crescer em um ambiente que evolui junto com você, seu lugar pode ser aqui. Vem ser Bradesco!Show moreShow less",N/A,On-site/Hybrid,https://www.linkedin.com/jobs-guest/jobs/api/jobPosting/4459618082,2026-09-01
Cientista de Dados,XP Inc.,"São Paulo, São Paulo, Brazil",1 week ago,"Sobre nósA XP Inc. é uma das maiores instituições financeiras independente do Brasil, dona das marcas XP, Rico, Clear, XP Educação, InfoMoney, entre outras. Com mais de 4,6 milhões de clientes ativos e um valor superior a R$ 1,1 trilhão de ativos sob custódia, há 25 anos vem transformando o mercado financeiro para melhorar a vida das pessoas.Com uma cultura marcante guiada por quatro valores -Sonho Grande, Espírito Empreendedor, Foco no Cliente e Mente Aberta- a XP Inc. está sempre em busca dos melhores talentos que tem ambição de fazer o impossível.>> Sobre a vaga:Esta vaga é direcionada a profissionais detodos os níveis de experiência dentro da trilha de analistasque desejam atuar comocientistas de dadosna XP Inc., desde onível assistente até o sênior.Somos um lugar formado por pessoas que sonham grande, focamos em aprendizado constante em um ambiente com muita liberdade para que você possa criar e deixar a sua marca. Além disso, você trabalhará ao lado de pessoas diversas e talentosas que irão te ajudar a usar todo o seu potencial e gerar o maior impacto possível.Desafios Que Você Vai Encontrar Por AquiAmbiente dinâmico e aberto para novas ideias;Liberdade para trilhar uma carreira protagonista;Espaço para desenvolvimento e aprendizado constantes.O que buscamos e principais responsabilidadesComo cientista de dados, com apoio do centro de excelência de Data Science & Machine Learning, essa pessoa será responsável por construir produtos de dados para otimizar tomada de decisão na companhia, como modelos de classificação/regressão, otimização de heurísticas e análises estatísticas.Principais ResponsabilidadesRealizar estudos e análises com grande volume de dados para embasar decisões estratégicas;Desenvolver uma variedade de modelos de aprendizagem de máquina para resolver problemas específicos e otimizar processos;Participar e conduzir reuniões com stakeholders para alinhar expectativas e comunicar resultados;Trabalhar em conjunto com equipes de diferentes áreas (como engenharia, marketing e produto) para entender as necessidades do negócio e traduzir essas necessidades em soluções baseadas em dados.Realizar testes e validações rigorosas dos modelos e soluções implementadas, assegurando a qualidade e a confiabilidade dos resultados.Pré-requisitos Para CandidaturaTer a nossa culturaConhecimento prático em Python, com experiência na construção, treinamento e avaliação de modelos de machine learning.;Conhecimentos em estatística, probabilidade, técnicas de modelagem estatística, aprendizado de máquina, otimização e sistemas de recomendação;Capacidade de analisar problemas complexos e desenvolver soluções baseadas em dados, abordando questões de negócios com uma mentalidade analítica;Paixão por tecnologia e inovação, com interesse ativo em acompanhar tendências e as melhores práticas da área de ML;Habilidade de comunicação para interagir com diferentes áreas, stakeholders e cientistas de dados;Residir em São Paulo e possuir disponibilidade para atuar no modelo híbrido (3x na semana);DiferencialExperiência prática em DatabricksConhecimento e vivência na manipulação e análise de dados financeiros, com a capacidade de extrair insights relevantes para o setor;Conhecimento prático do framework Kedro, com experiência em sua aplicação para estruturar e gerenciar projetos de ciência de dados de forma eficiente;Experiência com modelos de otimização linearSe identificou com a XP Inc. e com a oportunidade?Inscreva-se e venha conquistar o impossível com a gente!Benefícios:Saúde e Bem-estarPlano de saúdePlano odontológicoWellhub (Gympass)ZenklubSeguro de VidaiFood Benefícios (VA e VR flexível)Vale TransporteNew Value (clube de benefícios)Licença parental: maternidade de 6 meses e paternidade de 20 dias.Auxílio CrecheVida FinanceiraFundos de Investimentos ExclusivosAssessoria de InvestimentosCartão XP Visa Infinite sem anuidadeCrédito (consignado, home equity, CCB Imobiliário, etc.)Modelo de Trabalho Presencial FlexívelO nosso modelo de trabalho varia de acordo com a função, podendo ser totalmente presencial para frentes de negócio e mais flexível para outras equipes.Seguimos um modelo com mais frequência presencial, mas sempre guiado por flexibilidade e autonomia com a responsabilidade da nossa cultura empreendedora.Aqui na XP Inc., valorizamos as interações pessoais e acreditamos no uso do escritório como uma ferramenta para potencializar nossas relações no trabalho.Ao seguir com a inscrição, você declara que leu, compreendeu e concorda com a Política de Privacidade do Grupo XP Inc. e de seus fornecedores e parceiros que apoiam com a realização do processo seletivo. O Grupo XP Inc. poderá utilizar de soluções de inteligência artificial para apoiar a equipe de recrutamento no decorrer do processo, o que poderá envolver o tratamento de seus dados pessoais para tal finalidade, conforme princípios da Lei Geral de Proteção de Dados e da Política de Privacidade do Grupo XP Inc.Show moreShow less",N/A,On-site/Hybrid,https://www.linkedin.com/jobs-guest/jobs/api/jobPosting/4198283063,2026-09-01
Especialista Cientista de Dados I,PagBank,"São Paulo, São Paulo, Brazil",1 week ago,"Descrição da vagaQuando você pensa em carreira, o que vem à sua mente? Propósito? Colaboração? Ser protagonista para fazer a diferença? No PagBank temos tudo isso e muito mais. 💛Estamos em busca de pessoas que vistam a camisa com orgulho. Gente com vontade de facilitar a vida financeira das pessoas e impulsionar negócios!Tá a fim de uma carreira que rende mais?Confira essa oportunidade e #VemProPags!Responsabilidades e atribuiçõesLiderar e evoluir soluções avançadas de Analytics e Machine Learning aplicadas a risco (crédito, fraude, PLD e cobrança), conectando dados e modelos à estratégia do negócio.Pesquisar e propor novas abordagens e metodologias analíticas.Atuar como referência técnica em modelagem preditiva e engenharia de dados.Liderar tecnicamente projetos estratégicos de modelagem e Advanced Analytics.Desenvolver variáveis e modelos preditivos avançados para crédito, fraude e cobrança.Construir frameworks e boas práticas para desenvolvimento e monitoramento de variáveis e modelos.Traduzir problemas de negócio em soluções analíticas, atuando próximo a stakeholders.Contribuir em estudos de negócio, testes de hipóteses e iniciativas de IA e Machine Learning.Requisitos e qualificaçõesSuperior completo em Estatística, Matemática, Ciências da Computação, Engenharia ou áreas correlatas.Experiência avançada com Python, SQL e Spark, incluindo arquitetura de código, paralelização, otimização de performance e automações.Experiência com arquitetura e esteira de Machine Learning em larga escala (MLOps, Engenharia de Dados aplicada a ML e Feature Store).Experiência avançada com criação de book de target e book de covariáveis no universo de riscos (Feature Engineering e Feature Store).Experiência avançada com Machine Learning aplicado a risco de crédito, fraude, PLD e cobrança.Experiência com técnicas avançadas de Deep Learning, Machine Learning e Inteligência Artificial.Experiência com estratégias de mitigação de risco e previsão de comportamento de clientes a longo prazo.Conhecimento em GitHub.Informações adicionaisDiferenciais:Experiência com riscos ou áreas correlatas.Olá, somos o PagBank!Talvez você nos conheça por maquininhas ou comerciais que ficam na memória, mas somos muito mais!Todos os dias desenvolvemos produtos e soluções inspiradas pelo nosso propósito: facilitar a vida financeira das pessoas e negócios.Trabalhamos para transformar a forma como as pessoas lidam com dinheiro abrindo novas possibilidades para alcançarem seus sonhos.Como fazemos tudo isso?💛Com genteSomos um time que joga junto! Aqui valorizamos todas as diversidades, seja de raça/etnia, gênero, idade, origem, pessoa com deficiência, orientação afetivo-sexual, constituição familiar e estética.💛Com tecnologiaO espírito disruptivo e inovador está no nosso DNA: somos parte do Grupo UOL, empresa 100% brasileira, foi pioneira na internet e transforma a vida das pessoas desde 1996.💛Com uma só culturaTemos uma cultura forte e única, capaz de nos levar além, para continuarmos crescendo e perpetuando o nosso negócio.Somos um dos maiores bancos digitais do país e uma das fintechs mais rentáveis do segmento e certificados como um Excelente Lugar para Trabalhar pela Great Place to Work.Para vivenciar tudo isso, você terá um pacote completo de benefícios que fazem toda a diferença:Vale-alimentação e/ou refeição.Plano de saúde e odontológico.Seguro de vida.Parceria com TotalPass e ZenKlub.Licença maternidade e paternidade estendidas.Auxílio-creche.Descontos de até 50% em pós-graduação e MBA de grandes instituições, como FIA, FAAP e PUCRS.E tem mais:No dress code: o importante é você usar o que te faz bem.#TáDeParabéns: Day off no aniversário.Baby Gift: presente para recém-nascidos.Tá a fim de uma carreira que rende mais?Vem pro nosso time imbatível!#VemProPags.Show moreShow less",N/A,On-site/Hybrid,https://www.linkedin.com/jobs-guest/jobs/api/jobPosting/4418200168,2026-09-01
Data Scientist Specialist,Banco Bradesco,"Osasco, São Paulo, Brazil",4 days ago,"Sobre o BradescoA gente acredita no poder da confiança. Confiança que aproxima, orienta e transforma a vida das pessoas no dia a dia. Entrar no Bradesco é fazer parte de um momento real de transformação. Um ambiente que combina a solidez de uma história construída ao longo de décadas com a evolução constante de quem está sempre olhando para frente. Aqui, você encontra espaço para aprender, crescer e assumir protagonismo na sua trajetória, com apoio, estrutura e oportunidades que acompanham o seu desenvolvimento. Mais do que trabalhar em uma grande instituição, é sobre fazer parte de um time que impacta milhões de pessoas, contribui para o desenvolvimento do país e constrói, todos os dias, um futuro mais acessível e sustentável para a sociedade.Sobre a áreaCrédito: Responsável pela estruturação, gestão e evolução das soluções de crédito do banco, atendendo diferentes perfis de clientes e necessidades financeiras. Atua na definição de políticas, análise e concessão de crédito, equilibrando competitividade, rentabilidade e controle de riscos. Contribui para o crescimento sustentável do negócio e para a eficiência na alocação de capital.Como será seu dia a dia?Como Data Scientist Specialist, você atuará na área de Modelagem de Pricing e suas principais atividades serão:Definir e evoluir as diretrizes de Governança de IA Generativa.Avaliar riscos associados à utilização de ferramentas e soluções de IA.Acompanhar tendências, regulamentações e legislações relacionadas à Inteligência Artificial.Realizar análises sobre impactos corporativos decorrentes da adoção de novas soluções de IA.Atuar em parceria com áreas de Segurança, Compliance, Jurídico, Tecnologia para discutir a estratégia de IA.Conduzir workshops, apresentações executivas e ações de conscientização sobre IA.Apoiar iniciativas de governança, inventário, monitoramento e controle de soluções em IA.Modelo de trabalhoHíbrido - 2x PresencialUnidade: Osasco - SPPerfil que buscamosValorizamos quem entende o cliente em profundidade, trabalha em parceria e transforma conhecimento em entregas com impacto. Profissionais com senso de dono, consistência na execução e foco em resultado, que evoluem continuamente, compartilham aprendizados e usam tecnologia para transformar desafios em soluções relevantes para o negócio.RequisitosFormação superior completa em áreas de Dados, Exatas ou quantitativas, como Estatística, Matemática, Economia, Engenharia, Física, Ciência da Computação ou correlatas.Conhecimento avançado em Python.Conhecimento avançado em SQL.Experiência com Databricks.Conhecimento em Estatística aplicada e Machine Learning.Experiência com modelagem preditiva e análise de grandes volumes de dados.Conhecimento em otimização matemática e modelagem quantitativa.Conhecimento de cálculo financeiro, precificação e cálculo de juros.Será um diferencial se você tiver:Experiência com Earnix.Experiência com FICO Xpress.Vivência em instituições financeiras, seguradoras ou empresas de crédito.Inglês intermediário ou avançado.O que você encontra aquiCuidar de vocêPlano de saúde e odontológicoSeguro de vidaViva Bem: programa de saúde, bem-estar e qualidade de vidaTotalPassCrescer com vocêUniversidade corporativa Bradesco (Unibrad)Parcerias educacionaisSegurança para o seu futuroParticipação nos lucros ou Bônus (conforme a elegibilidade de cargo)Previdência privadaCondições especiais em produtos e serviçosIsenção de Tarifas: condições especiais em diversos produtos e serviçosApoio à sua vida e à sua famíliaVale alimentação e refeição13ª cesta alimentaçãoAuxílio creche ou babáLicença Maternidade de 180 dias, acompanhamento assistencial da gestação até o pós-partoLicença Paternidade estendida de 20 diasVale transporte opcionalTudo pensado para apoiar sua jornada de crescimento com equilíbrio, segurança e oportunidade.DiversidadeNo Bradesco, diversidade é valor e estratégia. Trabalhamos para construir um ambiente inclusivo e um quadro de colaboradores que reflita a diversidade da sociedade brasileira. Por isso, valorizamos pessoas com diferentes histórias e características, como gênero, raça, orientação sexual, deficiência, idade e outras dimensões da diversidade.Se você acredita na confiança como base para transformar, gosta de desafios e quer crescer em um ambiente que evolui junto com você, seu lugar pode ser aqui. Vem ser Bradesco!Vem ser Bradesco com #ConfiançaParaTransformar!Show moreShow less",N/A,On-site/Hybrid,https://www.linkedin.com/jobs-guest/jobs/api/jobPosting/4459869771,2026-09-01
Consultor Cientista de Dados,Vivo (Telefônica Brasil),"São Paulo, São Paulo, Brazil",2 weeks ago,"Descrição da vagaSomos uma empresa do Grupo Telefônica, líder em telecomunicações no Brasil. Trabalhamos com o propósito deDigitalizar para Aproximarpessoas, negócios e toda sociedade, construindo uma nação mais conectada e transformando a vida dos brasileiros. Buscamos ampliar a autonomia, a personalização e as escolhas em tempo real dos nossos clientes, colocando-os no comando da sua vida digital, com segurança e confiabilidade – tudo isso com a qualidade que só a Vivo tem.Para que isso seja possível, lideramos um processo de transformação digital e estamos revolucionando nossa companhia de dentro para fora. Implementamos metodologias ágeis por toda a empresa, buscando nos conectar com as formas mais inovadoras e colaborativas de trabalho. Atuamos para fomentar um ambiente diverso e inclusivo, que estimula a criatividade, gerando inovação e aumentando o engajamento.Acreditamos que adiversidadede pessoas, vivências, culturas, comportamentos, habilidades e atitudes são um diferencial, que reflete a sociedade em que vivemos. Temos um sólido programa interno, pautados nos pilares de Gênero, LGBTI+, Raça, PcD e 50+ para assegurar uma cultura mais inclusiva e um ambiente mais diverso e representativo. Somos uma empresa detecnologia,inspirada na diversidade e nainovação,que oferece espaço para todos, apoia e acolhe as diferenças.Acreditamos que o caminho para oferecer a melhor experiência ao nosso cliente começa pela boa experiência do nosso colaborador.Vice-Presidência: B2BDiretoria: Produtos B2BGerência Sênior: Produtos A2P, Open Gateway & CPaaSLocal de Trabalho: São Paulo (Ecoberrini)#VemPraVivoResponsabilidades e atribuiçõesResponsabilidades e atribuiçõesDesenvolver e manter soluções de automação e aplicações backend voltadas para os produtos da área.Projetar, desenvolver e otimizar consultas SQL, procedures e processos automatizados de carga de dados em diferentes bancos de dados.Administrar e garantir a disponibilidade dos ambientes de servidores, realizando monitoramento, manutenção e gestão de rotinas automatizadas.Manipular grandes volumetrias de dados para geração de indicadores, análises operacionais e acompanhamento de métricas dos produtos de mensageria (SMS/RCS) e Open Gateway (APIs de prevenção à fraude/crédito e risco).Desenvolver e manter dashboards e relatórios gerenciais em Power BI para acompanhamento de indicadores de negócio e operação.Prestar suporte técnico às integrações de APIs REST, apoiando clientes e parceiros na identificação e resolução de problemas.Atuar na investigação e tratamento de incidentes relacionados a bases de dados, cargas automatizadas, servidores e integrações.Apoiar os processos analíticos de faturamento, garantindo consistência das informações e conformidade dos registros.Documentar processos, rotinas, procedimentos técnicos e soluções desenvolvidas.Realizar estudos analíticos e backtesting de modelos de crédito, fraude e scoring.Experiência desejávelExperiência com desenvolvimento backend e automações.Experiência em manipulação de grandes bases de dados (Big Data).Experiência com modelagem e tratamento de dados.Experiência em construção de pipelines ETL/ELT.Experiência com integrações automatizadas via SFTP para ingestão e processamento de arquivos.Experiência em backtesting de modelos estatísticos, crédito ou prevenção à fraude.Vivência na análise de métricas de modelos de score (KS, Gini, ROC/AUC, Lift, PSI, entre outras) será considerada diferencial.Experiência com APIs REST e suporte técnico a integrações.Experiência com Power BI.Desejável experiência em administração de servidores Windows, SQL Server e IIS.Requisitos e qualificaçõesRequisitos e qualificaçõesFormaçãoEnsino Superior Ciência da Computação, Engenharia da Computação, Sistemas de Informação, Estatística, Matemática, Ciência de Dados ou áreas correlatas.Conhecimentos técnicosSQL avançado (queries, procedures, tuning e modelagem).SQL Server.Hive.MySQL.Teradata.Modelagem de dados relacional e dimensional.ETL/ELT.SQL Server Agent (Jobs).Administração de servidores Windows.IIS (Internet Information Services).APIs REST.Power BI.SFTP.Postman (desejável).Git (desejável).Python para análise de dados e automações (desejável).Conhecimentos analíticosBacktesting de modelos de crédito, fraude ou scoring.Tratamento e preparação de bases de dados.Avaliação de performance de modelos.Conhecimento de métricas como ROC/AUC, KS e matriz de confusão serão serão considerados diferenciais.Conhecimentos em análise exploratória de dados e modelos de Machine Learning serão considerados diferenciais.HabilidadesForte capacidade analítica.Facilidade para trabalhar com grandes volumes de dados.Perfil investigativo e orientado à resolução de problemas.Organização e atenção aos detalhes.Boa comunicação para interação com áreas de negócio e equipes técnicas.Proatividade e foco em automação e melhoria contínua.Informações adicionaisVeja o que ofereceremos para você: Na Vivo não medimos esforços em apoiar e valorizar nossos colaboradores. Não são apenas excelentes benefícios, mas também flexíveis.Escolher o benefício ideal para você e seus dependentes, numa plataforma digital com diversas categorias de Academia, VR, VA, Auxílio Farmácia, Assistência Médica, Odontológica e Seguro de Vida;Celular corporativo. Sim, um smartphone novinho para você!Plano de voz e Dados ilimitado! Sim ilimitado! Com a melhor rede móvel, ainda mais rápida com o 5G da Vivo!Uma oferta exclusiva da Vivo, com desconto especial em linha fixa, banda larga, TV e apps;Terá direito a receber Bônus ou PPR anual;Planejará seu futuro através do plano de Previdência Privada;Tem filhos? Terá direito a um subsídio para ajudar nas despesas com escola, creche ou babá;Viver em um ambiente que respeitará sua personalidade, seu estilo de se vestir, seu jeito de ser e poderá ser autêntico. #VemdeVocêTrabalhar remotamente até 2 vezes por semana. #MobilityTer flexibilidade de horário;Aproveitar um dia de folga (Day off) para comemorar seu aniversário;Participar de um dos maiores programas de voluntariado corporativo para você transformar o mundo;Usufruir do nosso Programa de Desenvolvimento Educacional que oferece parcerias em instituições de ensino com desconto; certificações e cursos online.Potencializar sua carreira por meio do nosso Programa de Recrutamento Interno, no Brasil ou fora, afinal estamos presentes em mais de 17 países! #VivoMinhaCarreiraContar com uma série de iniciativas para melhorar a sua saúde física, emocional e social! Por aqui, temos o #VivoBemEstar, que estimula o nosso time a ter hábitos saudáveis e mais qualidade de vida! Disponibilizados aos nossos colaboradores consultas com nutricionista, psicólogos, serviço social, telemedicina, e muito mais!Todas as nossas vagas são elegíveis a pessoas com deficiência e/ou reabilitados. Temos uma cultura que valoriza a diversidade, as diferenças e o potencial das pessoas! #VivoDiversidade #VemPraVivoImportante: A única forma de participar de processos seletivos da Vivo é por meio das páginas da empresa na plataforma Gupy https://vivo.gupy.io e não há pagamento de taxa de participação ou contratação.Sobre a VivoSomos uma empresa do Grupo Telefônica, líder em telecomunicações no Brasil. Trabalhamos com o propósito deDigitalizar para Aproximarpessoas, negócios e toda sociedade, construindo uma nação mais conectada e transformando a vida dos brasileiros. Buscamos ampliar a autonomia, a personalização e as escolhas em tempo real dos nossos clientes, colocando-os no comando da sua vida digital, com segurança e confiabilidade – tudo isso com a qualidade que só a Vivo tem.Para que isso seja possível, lideramos um processo de transformação digital e estamos revolucionando nossa companhia de dentro para fora. Implementamos metodologias ágeis por toda a empresa, buscando nos conectar com as formas mais inovadoras e colaborativas de trabalho. Atuamos para fomentar um ambiente diverso e inclusivo, que estimula a criatividade, gerando inovação e aumentando o engajamento.Na Vivo, a cultura é a força que transforma estratégia em atitude. Somos movidos pelaPaixão Púrpura— nossa capacidade única de visionar, executar e superar barreiras com coragem empreendedora, antecipando tendências e construindo um futuro que dá orgulho. Essa energia conecta diversidade, inovação e sustentabilidade, transformando propósito em impacto por meio da tecnologia e suas infinitas possibilidades.Para Viver Essa Essência, Buscamos Pessoas Que Tenham Nossas 5 Paixões — Comportamentos Que Traduzem Quem Somos e Como Fazemos a Diferença""O tempo do cliente é agora"": resolve logo o que faz a diferença para o cliente.""Gente é a nossa melhor tecnologia"": tem postura construtiva, colabora e confia nas conexões.""Ser curioso pega bem"": age com coragem, testa novas ideias e aprende com cada descoberta.""Dá para ser mais simples"": vai direto ao ponto, resolve com quem importa e simplifica o caminho.""Resultado é comigo"": assume a responsabilidade por suas ações e resultados, reconhecendo que omissões também geram impacto.Acreditamos que adiversidadede pessoas, vivência, culturas, comportamentos, habilidades e atitudes é um diferencial, que reflete a sociedade em que vivemos. Temos um sólido programa interno, pautados nos pilares de Gênero, LGBTI+, Raça, PcD e 50+ para assegurar uma cultura mais inclusiva e um ambiente mais diverso e representativo. Somos uma empresa detecnologia,inspirada na diversidade e nainovação,que oferece espaço para todos, apoia e acolhe as diferenças.Acreditamos que o caminho para oferecer a melhor experiência ao nosso cliente começa pela boa experiência do nosso colaborador.#VemPraVivoShow moreShow less",N/A,On-site/Hybrid,https://www.linkedin.com/jobs-guest/jobs/api/jobPosting/4449147854,2026-09-01
Data Scientist III,Banco Bradesco,"Osasco, São Paulo, Brazil",22 hours ago,"Sobre o BradescoA gente acredita no poder da confiança. Confiança que aproxima, orienta e transforma a vida das pessoas no dia a dia. Entrar no Bradesco é fazer parte de um momento real de transformação. Um ambiente que combina a solidez de uma história construída ao longo de décadas com a evolução constante de quem está sempre olhando para frente. Aqui, você encontra espaço para aprender, crescer e assumir protagonismo na sua trajetória, com apoio, estrutura e oportunidades que acompanham o seu desenvolvimento. Mais do que trabalhar em uma grande instituição, é sobre fazer parte de um time que impacta milhões de pessoas, contribui para o desenvolvimento do país e constrói, todos os dias, um futuro mais acessível e sustentável para a sociedade.Sobre a áreaCrédito: Responsável pela estruturação, gestão e evolução das soluções de crédito do banco, atendendo diferentes perfis de clientes e necessidades financeiras. Atua na definição de políticas, análise e concessão de crédito, equilibrando competitividade, rentabilidade e controle de riscos. Contribui para o crescimento sustentável do negócio e para a eficiência na alocação de capital.Como será seu dia a dia?Como Data Scientist III, você atuará na área de Modelagem e suas principais atividades serão:Desenvolver, monitorar e aprimorar modelos e metodologias de Capital Econômico.Analisar o comportamento dos parâmetros de risco (PD, LGD, EAD/CCF) e seus impactos no consumo de capital.Realizar estudos para avaliação, comparação e evolução de modelos quantitativos.Executar testes de estresse e análises de sensibilidade para mensuração de risco.Elaborar análises e apresentações executivas para apoio à tomada de decisão.Apoiar atividades relacionadas ao ICAAP, RAROC e gestão integrada de capital.Produzir documentação técnica e metodológica dos modelos sob sua responsabilidade.Interagir com áreas de Risco, Governança, Compliance, Auditoria e Negócios para alinhamento e sustentação das metodologias.Modelo de trabalhoHíbrido - 3x PresencialUnidade: Osasco - SPPerfil que buscamosValorizamos quem entende o cliente em profundidade, trabalha em parceria e transforma conhecimento em entregas com impacto. Profissionais com senso de dono, consistência na execução e foco em resultado, que evoluem continuamente, compartilham aprendizados e usam tecnologia para transformar desafios em soluções relevantes para o negócio.RequisitosFormação superior completa em Estatística, Matemática, Engenharias, Economia, Ciência de Dados ou áreas quantitativas correlatas.Experiência em Modelagem de Risco de Crédito ou Capital Econômico.Conhecimento em modelos regulatórios como PD, LGD, EAD/CCF ou IFRS 9.Conhecimento em Capital Econômico e métricas de risco.Experiência com Python para análise e modelagem de dados.Experiência com Databricks.Forte capacidade analítica e raciocínio quantitativo.Conhecimento sobre regulamentações e conceitos de gestão de risco de crédito.Será um diferencial se você tiver:Conhecimento ou experiência com SAS.Vivência em estudos de RAROC, ICAAP e gestão integrada de capital.Experiência em instituições financeiras de grande porte.Experiência na comparação, validação ou desenvolvimento de metodologias de Capital Econômico.O que você encontra aquiCuidar de vocêPlano de saúde e odontológicoSeguro de vidaViva Bem: programa de saúde, bem-estar e qualidade de vidaTotalPassCrescer com vocêUniversidade corporativa Bradesco (Unibrad)Parcerias educacionaisSegurança para o seu futuroParticipação nos lucros ou Bônus (conforme a elegibilidade de cargo)Previdência privadaCondições especiais em produtos e serviçosIsenção de Tarifas: condições especiais em diversos produtos e serviçosApoio à sua vida e à sua famíliaVale alimentação e refeição13ª cesta alimentaçãoAuxílio creche ou babáLicença Maternidade de 180 dias, acompanhamento assistencial da gestação até o pós-partoLicença Paternidade estendida de 20 diasVale transporte opcionalTudo pensado para apoiar sua jornada de crescimento com equilíbrio, segurança e oportunidade.DiversidadeNo Bradesco, diversidade é valor e estratégia. Trabalhamos para construir um ambiente inclusivo e um quadro de colaboradores que reflita a diversidade da sociedade brasileira. Por isso, valorizamos pessoas com diferentes histórias e características, como gênero, raça, orientação sexual, deficiência, idade e outras dimensões da diversidade.Se você acredita na confiança como base para transformar, gosta de desafios e quer crescer em um ambiente que evolui junto com você, seu lugar pode ser aqui. Vem ser Bradesco!Vem ser Bradesco com #ConfiançaParaTransformar!Show moreShow less",N/A,On-site/Hybrid,https://www.linkedin.com/jobs-guest/jobs/api/jobPosting/4461238355,2026-09-01
Cientista de Dados | TRACK&FIELD | São Paulo,Auth21,"São Paulo, São Paulo, Brazil",5 days ago,"Error copying linkPublished on AUGUST 20, 2026Applications open until NOVEMBER 22, 2026Link copiedWorkplace: São Paulo - SPSão Paulo - SPJob type: Full-time employeeFull-time employeeWork model: HybridHybridAlso for PwDAlso for PwDSkip to applyJob DescriptionMissão da Área🤩Transformar o dado da Track&Field em decisão de negócio. A área de BI & Analytics é responsável por unificar, governar e disponibilizar a informação de cliente, produto e operação entre todas as unidades de negócio, e por construir os produtos analíticos e de inteligência artificial que sustentam as decisões de varejo, marketing, atendimento e comercial.Sua missão 🥇Desenvolver e colocar em produção os modelos de inteligência que atuam sobre a base unificada de clientes da Track&Field — propensão de compra, risco de perda de cliente, margem e efeito incremental — e a lógica de decisão que define a melhor ação para cada cliente. A posição também é responsável por evoluir e sustentar o agente de inteligência artificial de atendimento. O resultado esperado é impacto comercial mensurável em teste controlado, e não estudos ou provas de conceito.Responsibilities and assignmentsQuais serão suas responsabilidades?🎯Desenvolver, validar e colocar em produção modelos de propensão de compra, risco de perda de cliente (churn), margem e efeito incremental (uplift) sobre a base unificada de clientes.Construir e manter a camada de variáveis analíticas a partir de dados transacionais, de catálogo de produtos, de atendimento e de engajamento.Desenvolver a lógica de decisão que define qual oferta apresentar, para qual cliente, em qual momento e por qual canal.Desenhar e interpretar testes A/B para comprovar o ganho incremental de cada modelo antes da adoção em escala.Monitorar os modelos em produção: desvio de dados, degradação de performance e ciclo de retreinamento.Evoluir e sustentar o agente de inteligência artificial de atendimento — qualidade das respostas, cobertura de temas, integração às fontes de dados e mecanismos de proteção.Definir métricas e conjunto de avaliação do agente de IA: taxa de resolução, erro de resposta, escalonamento para atendimento humano e custo por atendimento.Alinhar objetivo, escopo e critério de aceite com as áreas de negócio antes do desenvolvimento, e documentar as decisões técnicas adotadas.Apresentar resultados e recomendações às áreas de negócio, traduzindo o resultado técnico em decisão prática.Garantir a conformidade com a LGPD em todo o ciclo de uso do dado pessoal de clientes.Requirements And QualificationsPerfil que buscamos 🔎Buscamos um profissional com atitude e forte protagonismo, capaz de tomar decisões técnicas alinhadas à visão de negócio. É importante que seja pró-ativo, antecipe problemas e proponha soluções de forma assertiva. Valorizamos alguém com excelente comunicação, disposto a mentorar e apoiar o time, mantendo sempre uma postura colaborativa e orientada ao trabalho em equipe. Além disso, esperamos adaptabilidade para atuar em um ambiente dinâmico e desafiador, contribuindo para a evolução contínua das entregas e processos.Requisitos TécnicosPython avançado, especialmente com Pandas e Scikit-learn, com capacidade de desenvolver códigos modulares, organizados e testáveis.SQL avançado, incluindo CTEs, funções de janela e otimização de consultas em grandes volumes de dados.Experiência comSpark/PySpark e Databricks, incluindo Delta Lake, arquitetura em camadas (Bronze/Silver/Gold), Jobs e Workflows.Conhecimento emmodelagem estatística supervisionadaaplicada a dados transacionais, incluindo construção de janelas de observação e performance, validação temporal (out-of-time), prevenção de vazamento de informação e calibração de probabilidades.Experiência naavaliação de modelospor métricas estatísticas e de negócio, como lift, ganho acumulado, precision@k e receita incremental.Conhecimento emtestes A/B, desde formulação de hipóteses e dimensionamento de amostra até análise de significância estatística e identificação de vieses.Experiência comprodutização de modelos, incluindo scoring em lote, versionamento de modelos e dados e monitoramento em produção.Conhecimento emLLMs aplicados a dados/negócios, incluindo engenharia de prompts, RAG, chamada de ferramentas e avaliação estruturada de agentes.Experiência comGite familiaridade com processos deCI/CD, especialmente em ambientes Azure DevOps.Conhecimento prático deLGPD aplicada ao uso de dados pessoais de clientes.O Que Você Precisa TerGraduação em Ciência da Computação, Engenharia de Software ou áreas correlatas. (Experiência prática comprovada)(Atuação Hibrida)Process stagesStep 1: Registration1RegistrationStep 2: Mapeamento 2MapeamentoStep 3: Bate-Papo 3Bate-PapoStep 4: Entrevista com Gestor 4Entrevista com GestorStep 5: Hiring5HiringSobre a Track&FieldHá mais de 30 anos a Track&Field conecta pessoas a um estilo de vida ativo e saudável, através de produtos e experiências. Isso é possível porque contamos com um time apaixonado pelo que faz, com pessoas engajadas, cuidando da nossa marca e de cada etapa do nosso processo – do desenvolvimento criativo ao atendimento ao nosso Cliente em nossas lojas, eventos e plataformas.Aqui na T&F você pode ser você mesmo! Orespeitoàs diferenças faz parte do nosso ecossistema - representado por colaboradores, clientes e fornecedores. Você encontrará pessoas que focam em uma jornada decolaboração, pensando nocuidado com o negócioe nosucesso do cliente.Integridadetraduz a nossa cultura, dentro de um ambiente aberto à diversidade e equidade de gênero, raça, cor, religião, deficiências, orientação sexual ou idade.﻿Conheça Mais Sobre Nós💬 Nossa história: https://www.tfco.com.br/ri/nossa-historia/🏠 Nossas lojas: https://www.tf.com.br/nossas-lojas🛍️ Nossos produtos: https://www.tf.com.br/📱 Conheça o App TFSports: https://www.tfsports.com.br/☕ Conheça o TFC food & market: https://www.instagram.com/tfc.coffee/Link copiedApplyError copying linkApplyShow moreShow less",N/A,On-site/Hybrid,https://www.linkedin.com/jobs-guest/jobs/api/jobPosting/4459675130,2026-09-01
DATA SCIENTIST,Zurich Insurance,"São Paulo, São Paulo, Brazil",1 week ago,"About UsZurich Insurance Company is a leading provider of insurance products and services, committed to delivering innovative solutions and exceptional customer service. Our ZCAM (Zurich Customer Active Management) team turns customer data into practical business solutions to drive the implementation of our ambitious customer strategy. If you are a talented and experienced Data Scientist, passionate about transforming complex data into actionable insights and have a strong background in machine learning, agentic AI, and developing innovative solutions, we would love to hear from you.So make a difference. Be challenged. Be inspired. Be supported, Love what you do. Work for us.The opportunity: DATA SCIENTISTJob DescriptionThe Data Scientist will be responsible for designing, developing, and deploying advanced analytics solutions that power data-driven decisions across the Zurich organization. You will work with large-scale datasets, implement machine learning models in production environments, and leverage emerging AI technologies including LLMs to solve complex business problems. By combining technical excellence with business acumen, you'll help create a robust data foundation that drives innovation and growth.ResponsibilitiesDesign, develop, and deploy machine learning models, AI agents, LLM-based solutions, and analytics solutionsSource, collect and analyse new data sourcesWork closely with development teams to implement features into productionWork closely with business stakeholders to translate complex technical concepts into actionable business insightsResearch, prototype, and implement emerging AI/ML technologies, particularly in generative AI and modern data science toolsContribute to the development of data science roadmaps and architectural decisions for scalable analytics solutionsRequirementsUniversity degree in physics, math, computer science or a related fieldProfessional experience in related role and/or demonstrated competency (projects) utilizing relevant technologiesProficient in Python with experience building production systems.Strong foundation in unstructured data modeling, combining techniques such as OCR, LLM-based extraction, data format consistency, and regular expressions, along with software engineering best practices including version control, testing frameworks, and code documentation.Experience with machine learning tools in big data environmentsPractical experience with LLM APIs (OpenAI, Anthropic, etc.), prompt engineering, and response optimizationExperience with SQL/NoSQL databasesStrong problem-solving skills, analytical mind and attention to detailExcellent verbal and written communication skills including the ability to explain technical issues to a non-technical audiencePrior experience in financial institutions, consulting firms, or other similar industries is a plusAbility to quickly build Proofs of Concept (POCs), MVPs, and tests to demonstrate value and validate innovative solutions in an agile manner.Experience with dashboard and data visualization tools such as Power BI, Streamlit, or similar is a plus.Strong proficiency in both English and Portuguese is required, Spanish language skills are a plusAdditional InformationWe look forward to receiving your online application.Zurich wants to attract the best talent and we acknowledge that talents might not always be available full-time. At Zurich we will consider requests for flexible working. Many of our employees work flexibly in a variety of ways. Please talk to us during the interview about the flexibility you may need.EM SUA JORNADA A GENTE TE APOIA COM:Ambiente de trabalho acolhedor;Jornada de 7h30/dia.UniZurich (nossa Universidade Corporativa);Day Off de Aniversário;Equilíbrio Z (nosso programa de promoção da Saúde e Bem-estar);Convênios/Parcerias com Universidades, Instituições;Gympass;Assistência Médica Bradesco (extensivo a cônjuge e filhos);Assistência Odontológica Bradesco (extensivo a cônjuge e filhos);Auxílio Creche/Babá (R$ 460,00 – para filhos até 5 anos e 11 meses);Diferenciais nos produtos da Zurich (seguro de carro, seguro de vida etc.)Licença Parental (independente de estado civil, gênero ou orientação sexual, para filhos biológicos e/ou adotivos de qualquer idade);Seguro de Vida;PLR;Auxílio Home Office;Vale transporte ou reembolso Fretado;Previdência Privada (contribua com até 6% de seu salário que a Zurich aportará a mesma porcentagem);Vale Alimentação – R$ 805,83 ao mês;13º Vale Alimentação (dezembro);Vale Refeição – R$ 1.042,58 ao mês.Assistência Viagem Familiar (24 horas)Assistência funeral para grupo familiar (cônjuge, filhos, pais e sogros);Cesta Natalidade: valor de R$ 702,82 para despesas vinculadas ao nascimento.PreviJúnior, um plano de previdência complementar com um aporte único no valor de R$ 1.000,00.Assistência Pet (cães e gatos): Consultas, cirurgias, exames, assistência funeral e muito mais!Location: Brazil - São Paulo/SPShow moreShow less",N/A,On-site/Hybrid,https://www.linkedin.com/jobs-guest/jobs/api/jobPosting/4445784016,2026-09-01
Cientista de Dados,Biolab & Co,"São Paulo, São Paulo, Brazil",5 days ago,"DescriçãoExplorar, analisar e modelar dados por meio de Python, SQL e técnicas de Machine Learning, com foco na geração de insights, previsões e soluções analíticas que apoiem a tomada de decisão e a geração de valor para o negócio. Atuar na identificação de oportunidades e no desenvolvimento de modelos analíticos para resolver problemas complexos e otimizar resultados.Que Esperamos De VocêGraduação completa em Ciência da Computação, Estatística, Engenharia de Dados, Análise de Sistemas ou áreas correlatas;Experiência sólida com Python aplicado à análise de dados e modelos de Machine Learning;Forte base em Estatística Aplicada, com capacidade analítica e visão crítica;Domínio em SQL / T-SQL para manipulação e extração de dados;Vivência com Análise Exploratória de Dados (EDA), identificando padrões e oportunidades;Experiência com bibliotecas de Data Science, como Pandas e Scikit-Learn;Conhecimento em visualização de dados para comunicação clara de insights;Atuação com experimentação e testes estatísticos;Prática em Feature Engineering para melhoria de modelos;Experiência com versionamento de código (Git);Conhecimento em governança de dados e ética em IA.Atuação presencial em Pinheiros, São Paulo.Diferenciais: Vivência com metodologias ágeis (Scrum, Kanban, etcExperiência com Power BI ou outras ferramentas de BIConfira Abaixo As Principais Atividades Desta PosiçãoAtuar como referência técnica em análises avançadas e machine learning, utilizando Python, Spark e plataformas como Databricks, a fim de estabelecer padrões e direcionamentos analíticos;Liderar iniciativas analíticas complexas, definindo abordagens com uso de cloud computing como Azure e Databricks, visando a atingir objetivos estratégicos do negócio;Documentar modelos, premissas e resultados, com objetivo de manter rastreabilidade e transparência das análises;Traduzir desafios estratégicos em soluções orientadas a dados, utilizando técnicas avançadas de modelagem e experimentação, para promover decisões baseadas em evidências;Avaliar impactos e riscos de modelos analíticos, utilizando ferramentas de monitoramento e governança de modelos, visando a mitigar riscos e otimizar resultados;Trabalhar em parceria com liderança e áreas de negócio, utilizando ferramentas de priorização como DevOps Boards, para priorizar iniciativas analíticas de alto impacto;Apoiar a evolução da maturidade analítica, disseminando conhecimento por meio de treinamentos, com objetivo de promover cultura orientada a dados;Trabalhar em conjunto com times de engenharia e analytics, utilizando Git, Databricks, para implementar e operacionalizar soluções analíticas.Para saber mais sobre nós, acesse www.biolabfarma.com.br e siga nossas redes sociais.Show moreShow less",N/A,On-site/Hybrid,https://www.linkedin.com/jobs-guest/jobs/api/jobPosting/4457989979,2026-09-01
Data Scientist – Business Analytics & AI,Motorola Solutions,"São Paulo, São Paulo, Brazil",3 days ago,"Company OverviewAt Motorola Solutions, we believe that everything starts with our people. We’re a global close-knit community, united by the relentless pursuit to help keep people safer everywhere. We build and connect technologies to help protect people, property and places. Our solutions foster the collaboration that’s critical for safer communities, safer schools, safer hospitals, safer businesses, and ultimately, safer nations. Connect with a career that matters, and help us build a safer future.Department OverviewMotorola Solutions Video Security & Access Control (VS&A) provides trusted security technologies to organizations worldwide. Through brands including Avigilon, Pelco, IndigoVision, and Alta, we develop industry-leading video security, analytics, access control, and cloud-based solutions that protect people, property, and places. Safety and security are at the heart of everything we do as we advance our mission of ""Solving for safer"". As part of our commitment to continuous innovation, we are investing heavily in data, analytics, and artificial intelligence to build a more intelligent, responsive, and customer-centric organization.Job DescriptionWe are seeking aData Scientist – Business Analytics & AIto help shape the future of data-driven decision-making within our VS&A business unit. In this role, you will combine advanced analytics, AI technologies, and strong business acumen to translate complex customer, subscription, ERP, CRM, and financial datasets into actionable outcomes. You will work across enterprise platforms to build predictive models, leverage Large Language Models (LLMs), and implement solutions powered by Priority Intelligence™ and Assist to empower sales leaders and business partners.At Motorola Solutions, everything starts with our people. We foster an inclusive, people-first culture where curious minds are empowered to challenge assumptions, validate source logic, and explore the ""why"" behind the data. A successful candidate will thrive in navigating ambiguity, connecting technical workflows to operational outcomes, and delivering the Assisted Experience—augmenting human decision-making with intelligent insights. A Bachelor's degree or equivalent practical experience is valued across our team.Key ResponsibilitiesAdvanced Analytics & AI InnovationDesign and develop advanced analytical solutions and machine learning models that drive sales effectiveness, customer retention, and revenue growthEvaluate and implement Large Language Model (LLM) workflows and AI tools using Priority Intelligence™ frameworks to augment business decision-makingAnalyze customer lifecycle data, subscriptions, entitlements, assets, orders, and usage trends to uncover actionable insightsEnterprise Data Architecture & API IntegrationDevelop scalable data products and analytical frameworks across enterprise platforms including Salesforce, SAP, NetSuite, and OracleBuild REST APIs and data integrations that enable automated analytics workflows and seamless data accessPartner with Data Engineering teams to observe ETL pipelines, data lineage, and downstream impacts of transformationsBusiness Decision Support & ValidationValidate source system data and business logic to help to ensure analytical outputs accurately reflect operational realityInvestigate data anomalies, reconcile system discrepancies, and maintain data trustworthiness across business domainsCommunicate technical concepts, financial implications, and predictive insights to technical and non-technical stakeholdersBasic RequirementsBasic RequirementsBachelor's degree in Data Science, Computer Science, Statistics, Mathematics, Engineering, Economics, Finance, Accounting, or a quantitative field2+ years of experience in Data Science, Advanced Analytics, or Business IntelligenceJob RequirementsTechnical ExpertiseSQL & Relational Databases to write complex queries, aggregate enterprise datasets, and analyze database structuresPython Development to build analytics pipelines, machine learning models, automation scripts, and REST APIsREST API Integration to connect external data sources and automate analytical workflowsPredictive & ML Modeling to design statistical models, forecast trends, and analyze customer behaviorsEnglish Communication to articulate technical findings, explain business implications, and collaborate with global stakeholders in written and spoken EnglishProfessional ExperienceCross-System Analytics to analyze, evaluate, and synthesize complex datasets across enterprise ecosystemsProblem Solving to independently investigate ambiguous business challenges from concept through executionStakeholder Influence to translate analytical findings into clear business choices for leadership teamsPreferred Qualifications (Optional)Experience working with Large Language Models (LLMs), Generative AI, Retrieval Augmented Generation (RAG), vector databases, or AI-enabled analytics solutionsExperience working with Salesforce, SAP, NetSuite, Oracle, or similar enterprise platformsExperience with Tableau or enterprise visualization platformsUnderstanding of ETL pipelines, data architecture, and data modeling conceptsExperience supporting sales, finance, revenue operations, customer success, or go-to-market organizationsUnderstanding of revenue, bookings, subscriptions, renewals, customer hierarchies, and financial reportingExperience reconciling data across systems to identify root causes of data quality issuesExperience building and deploying production-grade analytical or machine learning solutionsTravel RequirementsNoneRelocation ProvidedNonePosition TypeExperiencedReferral Payment PlanYesEEO StatementMotorola Solutions is an Equal Opportunity Employer. All qualified applicants will receive consideration for employment without regard to race, color, religion or belief, sex, sexual orientation, gender identity, national origin, disability, veteran status or any other legally-protected characteristic.We are proud of our people-first and community-focused culture, empowering every Motorolan to be their most authentic self and to do their best work to deliver on the promise of a safer world. If you’d like to join our team but feel that you don’t quite meet all of the preferred skills, we’d still love to hear why you think you’d be a great addition to our team.Show moreShow less",N/A,On-site/Hybrid,https://www.linkedin.com/jobs-guest/jobs/api/jobPosting/4447255147,2026-09-01
Cientista de dados,WPP Media,"São Paulo, São Paulo, Brazil",2 weeks ago,"AWPP Mediaestá em busca de uma pessoaCientista de Dadospara atuar na criação de modelos, algoritmos e estudos analíticos para um grande cliente na área de Marketing e Mídias Digitais.Buscamos alguém com sólida base emEstatística e Machine Learning, experiência prática em desenvolvimento e avaliação de modelos e capacidade de conduzir o ciclo completo de modelagem, desde a definição do problema e exploração dos dados até o treinamento, avaliação e evolução das soluções.Também é importante ter boa capacidade de comunicação e interação com áreas de negócio, traduzindo necessidades e desafios de business em problemas analíticos bem estruturados e, ao mesmo tempo, apresentando resultados e limitações dos modelos de forma clara para públicos não técnicos.A pessoa terá um papel importante na aproximação entredados, modelagem e negócio, garantindo que as soluções desenvolvidas sejam relevantes, aplicáveis e capazes de gerar valor para o cliente.About WPP MediaWPP is the trusted growth partner for the world’s leading brands. With exceptional talent, trusted data and intelligence, and world-class partnerships – all united by our pioneering agentic marketing platform, WPP Open – we help clients navigate change, capture opportunity, and deliver transformational growth.WPP Media is WPP's AI-driven media operating unit, bringing together media, data, and partnerships to deliver creative personalisation at scale. Connected through WPP Open and powered by Open Intelligence, clients see exactly where, how, and why their media investment is working.For more information, visit wppmedia.com.Responsabilidades e atribuiçõesComo será o seu dia a dia:Criar, desenvolver, testar e evoluir modelos estatísticos e de Machine Learning;Conduzir estudos e análises para responder a problemas de negócio relacionados a Marketing e Mídias Digitais;Participar de todo o ciclo de modelagem, desde a definição do problema, exploração e preparação dos dados até o treinamento, avaliação e acompanhamento dos modelos;Aplicar técnicas estatísticas e de Machine Learning para geração de insights e suporte à tomada de decisão;Avaliar a performance, limitações e aplicabilidade dos modelos desenvolvidos;Trabalhar em parceria com áreas de negócio e demais stakeholders, entendendo necessidades e traduzindo desafios de business em problemas analíticos;Comunicar resultados, análises e recomendações de forma clara para públicos técnicos e não técnicos;Contribuir para a evolução das soluções analíticas, buscando novas abordagens, metodologias e oportunidades de aplicação de dados;Atuar de forma próxima ao negócio, garantindo que os modelos e estudos desenvolvidos sejam relevantes e aplicáveis à realidade do cliente.Requisitos e qualificaçõesO perfil que buscamos:Experiência sólida comoCientista de Dados;Domínio dePython;Sólida base emEstatística;Experiência prática comMachine Learning;Vivência com desenvolvimento, treinamento e avaliação de modelos;Experiência na condução de projetos analíticos de ponta a ponta;Capacidade de transformar problemas de negócio em problemas analíticos estruturados;Boa comunicação e capacidade de interação com stakeholders de diferentes áreas e níveis de conhecimento técnico;Perfil analítico, curioso e orientado à resolução de problemas.Será considerado um diferencial:Experiência com ambientes deCloud, preferencialmenteGCP;Inglês;Experiência com projetos relacionados aMarketing, Mídia ou Digital.Informações adicionaisAhhh, sobre os nossos diferenciais! 🤗Benefícios:Plano Médico e Odontológico SulAmerica;Vale Refeição ou Vale Alimentação;Seguro de Vida;TotalPass;Day Off de aniversário;Auxílio Home Office;Licenças maternidade e paternidade estendidas;Auxílio creche (para filhos com até 6 anos);Desconto em farmácias;EAP (Programa de Assistência ao Empregado);Clima leve e ambiente de trabalho descontraído!Pessoas criativas e divertidas!E a chance de crescimento aqui dentro é imensa!Mais detalhes:Modelo de contrataçãoCLT;Modelo de trabalhohíbrido;Escritório localizado na região daVila Leopoldina.Show moreShow less",N/A,On-site/Hybrid,https://www.linkedin.com/jobs-guest/jobs/api/jobPosting/4450187716,2026-09-01
Cientista de Dados / IA Generativa - 135535,GFT Technologies,Greater São Paulo Area,1 week ago,"O que buscamos:Procuramos um profissional que atue comoCientista de Dados com experiência em IA Generativa.Contratação CLT Full e atuação remota.Responsabilidades:Tratar, transformar e organizar dados (estruturados, semi-estruturados ou não-estruturados), com uso de habilidades em matemática, estatística, programação, machine learning e outros, aplicando suas capacidades analíticas para identificar soluções para os problemas de negócios e contribuir na tomada de decisões e estratégias da sociedade;Explorar e analisar dados para determinar tendências e ou oportunidades para gerar valor ao negócio;Desenvolver novos algoritmos e/ou adaptar algoritmos do estado da arte para resolver problemas e criar ferramentas e soluções;Conectar soluções internas para produtos de uso externo;Comunicar de maneira clara previsões e resultados para as áreas demandantes, através de visualizações de dados eficazes e storytelling, adotando gráficos, tabelas, relatórios e, principalmente, narrativas para apresentar conclusões de um projeto de análise de dados para um público não técnico;Utilizar os dados de forma ética e de acordo com as políticas de segurança da informação da instituição e da lei geral de proteção de dados;Atuar como referência técnica de seu grupo de trabalho.Requisitos Obrigatórios:Experiência em projetos utilizando Machine Learning e Deep learning;Experiência em tópicos de Engenharia de prompt, LLM Agents, RAG, LangChain e AWS Bedrock;Experiências com projetos de IA e protótipos orientado a produtos;Conhecimento de conceitos de gestão de projetos (metodologia ágil, scrum, PMBOK, entre outros).Requisitos Desejáveis:Conhecimento em MLOpsConhecimento em Cloud (AWS e ou Databrics);Experiência em gestão de produtos digitais.Descrição comportamental:Procuramos uma pessoa que:Goste de trabalhar em equipe e sejacolaborativaem suas atribuições;Tenhacoragempara se desafiar e ir além, abraçando novas oportunidades de crescimento;Transforme ideias emsoluções criativase busque qualidade em toda sua rotina;Tenha habilidades deresolução de problemas;Possua habilidade e se sinta confortável para trabalhar de forma independente egerenciar o próprio tempo;Tenha interesse em lidar com situações adversas einovadorasno âmbito tecnológico.Big enough to deliver – small enough to care.#VempraGFT#VamosVoarJuntos#ProudToBeGFTShow moreShow less",N/A,On-site/Hybrid,https://www.linkedin.com/jobs-guest/jobs/api/jobPosting/4456930403,2026-09-01
"Data Scientist I, Amazon 1P Credito, Payments",Amazon,Greater São Paulo Area,6 days ago,"DescriptionDo you feel the challenge and the adrenaline kick when a huge data-set stares you in the face and you know that somewhere inside are hidden very important business insights that can fundamentally alter the way top business leaders think and act? Do you enjoy presenting strong data backed insights to business leaders; insights that can topple their long held beliefs and compel them to change their direction completely? If yes, then you are the one we are looking for.We are looking to invite passionate leaders, with expertise in generate power business insights from very large datasets, on a journey where the primary aim would be to enable needle moving business impacts through statistical analysis. We are looking for leaders who can envision the design and development of analytical infrastructure which can support strategic and tactical decision-making. Those who join this high visibility team would have to navigate through significant ambiguity in defining business problems and converting them to analytical problems.This role requires additional exposure and experience to Machine Learning.Key job responsibilitiesUse machine learning and analytical techniques to create scalable solutions for business problemsAnalyze and extract relevant information from large amounts of Amazon’s historical business data to help automate and optimize key processesDesign, development, evaluate and deploy innovative and highly scalable models for predictive learningResearch and implement novel machine learning and statistical approachesWork closely with software engineering teams to drive real-time model implementations and new feature creationsWork closely with business owners and operations staff to optimize various business operationsEstablish scalable, efficient, automated processes for large scale data analyses, model development, model validation and model implementationMentor other scientists and engineers in the use of ML techniquesInnovate with the latest GenAI technology to build highly automated solutions for efficient customer promotionsDesign, develop and deploy end-to-end machine learning solutions in the Amazon production environment to delight Amazon customersCollaborate with cross-functional teams to develop comprehensive ML/statistical models that can scale to millions of customers to multiple countriesAbout The TeamBrazil Payments is part of the International Emerging Stores Payments team and focuses on supporting the launch of new payment and financial products to our customers in Brazil.Basic QualificationsExperience with data scripting languages (e.g. SQL, Python, R etc.) or statistical/mathematical software (e.g. R, SAS, or Matlab)Experience as a data/research scientist, statistician or quantitative analyst in an internet-based company with complex and big data sourcesExperience applying quantitative analysis to solve business problems and making data-driven business decisionsBachelor's degree or above in Math, Statistics, Computer Science, or related Science fieldPreferred QualificationsMaster's degree in Science, Technology, Engineering, or Mathematics (STEM)Experience working effectively with science, data processing, and software engineering teamsOur inclusive culture empowers Amazonians to deliver the best results for our customers. If you have a disability and need a workplace accommodation or adjustment during the application and hiring process, including support for the interview or onboarding process, please visit https://amazon.jobs/content/en/how-we-hire/accommodations for more information. If the country/region you’re applying in isn’t listed, please contact your Recruiting Partner.Company- Amazon Servicos de Varejo do Brasil Ltda.Job ID: A10513220Show moreShow less",N/A,On-site/Hybrid,https://www.linkedin.com/jobs-guest/jobs/api/jobPosting/4458735708,2026-09-01
Data Scientist,Wildlife Studios,"São Paulo, São Paulo, Brazil",2 weeks ago,"We're looking for a talented and passionate Data Scientist to join Wildlife's Insights team.Wildlife is one of the largest gaming companies in the world. As a Data Scientist on our Insights team, you will turn petabytes of player data into actionable decisions to make our games better. Working embedded with product teams, you will tackle complex quests, like optimizing matchmaking, scaling game economies, customizing content, and designing smart experiments to help us build games we are truly proud of.We know that the work we do has a high impact on our company's success and culture. The right person for this position is naturally curious, comfortable in a ""take the initiative"" environment, loves solving problems, and can thrive in a fast and growing business.What You'll DoApply experimentation, advanced statistics, and the scientific method to continuously test hypotheses and iterate on the game.Make sense of large and complex player datasets to directly impact product strategy, player retention, and long-term monetization.Partner directly with Product Managers and Engineers to solve open-ended business questions quickly, leveraging existing tools or building new automations.Expand game potential by delivering non-trivial solutions to core product challenges, such as optimizing game economy, matchmaking, and live content customization.Disrupt the status quo by incorporating agentic AI and modern tools into your daily workflow, continuously raising the technical and analytical bar of the team.Support game team decision-making by fostering analytical rigor and building high-quality data products, frameworks, and tools.What You'll NeedApplied Statistics & Machine Learning: Solid understanding and practical experience applying statistical techniques to product problems, including experimentation design, A/B testing, and predictive modeling.Product Analytics Mindset: Proven ability to analyze player behavior, formulate hypotheses, and translate data into actionable insights for Product Managers and Engineers.Core Data Skills: Strong proficiency in SQL and Python (or R) to query, clean, and analyze large datasets independently.AI Tooling & Efficiency: Comfort and interest in using AI tools (such as LLMs or coding assistants) to speed up execution, automate routine tasks, and multiply your daily output.Clear Communication: Ability to structure complex findings clearly and communicate effectively with cross-functional partners in written English.More About YouBusiness-driven and pragmatic: You are motivated by generating real value for games and players, choosing the right tool for the job rather than overengineering solutions.Creative problem solver: You love tackling open-ended business problems and uncovering non-obvious solutions through data.Autonomous with high ownership: You take initiative in leading execution, proactively keeping stakeholders aligned while knowing when to ask for help when blocked.AI enthusiast: You are eager to test new tools, push technical boundaries, and use AI to multiply your personal output.Structured communicator: You communicate complex analytical ideas clearly and logically, both in speaking and writing, including in English.Great teammate: You enjoy learning about adjacent disciplines, working closely with product partners, and raising the bar for those around you.About WildlifeWildlife is one of the world's leading mobile game developers and publishers. We have released more than 60 titles, reaching billions of people around the globe. Here, we create games that will excite, intrigue, and engage our players for years to come!Equal OpportunityWildlife is proud to be an Equal Opportunity and Affirmative Action employer. We do not discriminate based on race, color, national origin, gender, gender identity, sexual orientation, protected veteran status, disability, age, or other applicable legally protected characteristics. We also consider qualified applicants with criminal histories, consistent with applicable federal, state, and local law.Show moreShow less",N/A,On-site/Hybrid,https://www.linkedin.com/jobs-guest/jobs/api/jobPosting/4447428345,2026-09-01
Data Science Analyst (Foco em Real Estate & Research),CBRE Brasil,"São Paulo, São Paulo, Brazil",1 week ago,"Sobre a PosiçãoBuscamos um(a) Data Science Engineer para atuar na intersecção entre Engenharia de Dados, Machine Learning e Analytics. Você será peça-chave na nossa área de Research, responsável por construir pipelines escaláveis, desenvolver modelos preditivos para o mercado imobiliário e garantir a produtização (MLOps) dessas soluções. Seu trabalho transformará dados complexos em insights estratégicos para executivos e investidores.O Que Você Fará (Principais Desafios)Engenharia e Governança: Projetar e manter pipelines de dados escaláveis em arquitetura Lakehouse (Databricks/Delta Lake), garantindo a qualidade, linhagem e governança dos dados consumidos pela área de Research.Modelagem e Advanced Analytics: Desenvolver modelos estatísticos e de machine learning (séries temporais, regressões, segmentações) para prever dinâmicas do mercado imobiliário (vacância, preços, oferta).MLOps e Produtização: Gerenciar o ciclo de vida completo dos modelos (deploy, monitoramento de drift, CI/CD) utilizando ferramentas como MLflow.novação com IA: Implementar soluções de GenAI e fluxos RAG para extrair valor de dados não estruturados (relatórios, notícias do setor).Data Storytelling: Traduzir resultados técnicos complexos em narrativas claras e acionáveis (dashboards em Power BI, apresentações) para stakeholders de negócio e investidores.RequisitosO que buscamos (Requisitos Essenciais):Sólida experiência em Python e SQL, com vivência em processamento distribuído (Spark/PySpark).Experiência prática com arquitetura Lakehouse (preferencialmente Databricks) e construção de pipelines de dados.Domínio de fundamentos de Machine Learning e estatística aplicada.Experiência comprovada em MLOps (versionamento, deploy e monitoramento de modelos).Habilidade de comunicação e ""Data Storytelling"", conseguindo conectar análises técnicas a decisões de negócio.Será Um Diferencial Se Você TiverConhecimento do mercado imobiliário, finanças ou indicadores macroeconômicos.Experiência com dados geoespaciais (GIS/GeoPandas).Vivência prática com NLP, LLMs e bancos vetoriais.Inglês avançado.Show moreShow less",N/A,On-site/Hybrid,https://www.linkedin.com/jobs-guest/jobs/api/jobPosting/4454947093,2026-09-01
o9 Global Data Science,Mondelēz International,"São Paulo, São Paulo, Brazil",3 weeks ago,"Job DescriptionAre You Ready to Make It Happen at Mondelēz International?Join our Mission to Lead the Future of Snacking. Make It With Pride.You will be crucial in supporting our business by creating valuable, actionable insights about the data, and communicating your findings to the business. You will work with various stakeholders to determine how to use business data for business solutions/insights.How You Will ContributeYou will:Analyze and derive value from data through the application methods such as mathematics, statistics, computer science, machine learning and data visualization. In this role you will also formulate hypotheses and test them using math, statistics, visualization and predictive modelingUnderstand business challenges, create valuable actionable insights about the data, and communicate your findings to the business. After that you will work with stakeholders to determine how to use business data for business solutions/insightsEnable data-driven decision making by creating custom models or prototypes from trends or patterns discerned and by underscoring implications. Coordinate with other technical/functional teams to implement models and monitor resultsApply mathematical, statistical, predictive modelling or machine-learning techniques and with sensitivity to the limitations of the techniques. Select, acquire and integrate data for analysis. Develop data hypotheses and methods, train and evaluate analytics models, share insights and findings and continues to iterate with additional dataDevelop processes, techniques, and tools to analyze and monitor model performance while ensuring data accuracyEvaluate the need for analytics, assess the problems to be solved and what internal or external data sources to use or acquire. Specify and apply appropriate mathematical, statistical, predictive modelling or machine-learning techniques to analyze data, generate insights, create value and support decision makingContribute to exploration and experimentation in data visualization and you will manage reviews of the benefits and value of analytics techniques and tools and recommend improvementsWhat You Will BringA desire to drive your future and accelerate your career and the following experience and knowledge:Strong quantitative skillset with experience in statistics and linear algebra.A natural inclination toward solving complex problemsKnowledge/experience with statistical programming languages including R, Python, SQL, etc., to process data and gain insights from itKnowledge of machine learning techniques including decision-tree learning, clustering, artificial neural networks, etc., and their pros and consKnowledge and experience in advanced statistical techniques and concepts including, regression, distribution properties, statistical testing, etc.Good communication skills to promote cross-team collaborationMultilingual coding knowledge/experience: Java, JavaScript, C, C++, etc.Experience/knowledge in statistics and data mining techniques including random forest, GLM/regression, social network analysis, text mining, etc. Ability to use data visualization tools to showcase data for stakeholdersMore About This RoleYou will be a member of the Mondelēz Global o9 Data Science Team which is a global supply chain analytics organization and is responsible for all advanced statistical forecasting needs globally.The main objective of the role is to improve Sales Forecast Accuracy, its explainability and drive adoption of holistic forecasting.Job DescriptionYou will:You will work closely with Regional Data Science Teams located in US, LA and India, IT Team to set standards for tools, platforms and infrastructure for demand forecastingContribute to the creation and review of a cross-functional, enterprise-wide approach and culture for analytics and contribute to the development of analytics policy, standards and guidelinesBuild relationships with external experts and other advanced IT organizations to maintain knowledge of technological advancements and trendsManage the introduction and use of analytics to meet business requirements, ensuring consistency across all user groups. Also, you will establish and manage functional analytics methods, techniques and capabilities to enable the function to analyze data, generate insights, create value and drive decision making while you measure the progress of initiatives and market successes to the organizationAssess the business problems to be solved and what internal or external data sources to use or acquireIdentify and establish the veracity of the external sources of information that are relevant to the operational needs of the enterpriseDefine business-oriented goals for initiative(s) and explain the initiative(s) to business managersContribute to exploration and experimentation in data visualization and you will manage reviews of the benefits and value of analytics techniques and tools and recommend improvementsWhat You Will BringA desire to drive your future and accelerate your career. You will bring experience and knowledge in:Experience in working on Demand Planning related projects and programsUnderstanding of processes within Demand Planning that link to forecast generation and its consumptionStrong experience in relevant areas including Data Science, Data Analytics, Big Data, Cloud Computing, Machine Learning (time can include relevant degree studies)At least 5 years of experience creating statistical/ML models on sales data including simulation and/or forecasting, deep understanding of strategic decisions needed to be taken to create a good demand forecast and provide consistent explanation (XAI)Strong quantitative background in statistics and linear algebra as well as programming knowledge (Python)Hold a MSc/PhD in a Data Science field such as Mathematics, Economics, Business or a related field. Strong experience in forecasting, segmentation and optimization algorithmsUnderstanding of XAI methods and their application in real-life scenariosFamiliarity generating dashboards and manipulating data visualization software KPIs/dimensionsExperience in solving Supply Chain business problems through Data Science – with focus on Demand PlanningVery good experience in forecasting for large FMCG companies with deployment to production using advanced and scalable architecturesWorking knowledge of o9 is a big plusNo Relocation support availableBusiness Unit SummaryAt Mondelēz International, our purpose is to empower people to snack right by offering the right snack, for the right moment, made the right way. That means delivering a broad range of delicious, high-quality snacks that nourish life's moments, made with sustainable ingredients and packaging that consumers can feel good about.We have a rich portfolio of strong brands globally and locally including many household names such asOreo,belVitaandLUbiscuits;Cadbury Dairy Milk,MilkaandTobleronechocolate;Sour Patch Kidscandy andTridentgum. We are proud to hold the top position globally in biscuits, chocolate and candy and the second top position in gum.Our 80,000 makers and bakers are located in more than 80 countries and we sell our products in over 150 countries around the world. Our people are energized for growth and critical to us living our purpose and values. We are a diverse community that can make things happen—and happen fast.Mondelēz International is an equal opportunity employer and all qualified applicants will receive consideration for employment without regard to race, color, religion, gender, sexual orientation or preference, gender identity, national origin, disability status, protected veteran status, or any other characteristic protected by law.Job TypeRegularData ScienceAnalytics & Data ScienceShow moreShow less",N/A,On-site/Hybrid,https://www.linkedin.com/jobs-guest/jobs/api/jobPosting/4434776462,2026-09-01
Data Scientist III - Portfólio de Veículos,Banco Bradesco,"Osasco, São Paulo, Brazil",1 week ago,"Sobre o BradescoA gente acredita no poder da confiança. Confiança que aproxima, orienta e transforma a vida das pessoas no dia a dia. Entrar no Bradesco é fazer parte de um momento real de transformação. Um ambiente que combina a solidez de uma história construída ao longo de décadas com a evolução constante de quem está sempre olhando para frente. Aqui, você encontra espaço para aprender, crescer e assumir protagonismo na sua trajetória, com apoio, estrutura e oportunidades que acompanham o seu desenvolvimento. Mais do que trabalhar em uma grande instituição, é sobre fazer parte de um time que impacta milhões de pessoas, contribui para o desenvolvimento do país e constrói, todos os dias, um futuro mais acessível e sustentável para a sociedade.Sobre a áreaCobrança e Recuperação de Créditos (DRC): Temos como missão garantir a aplicação da Política de Cobrança e Recuperação de Créditos, estabelecendo um processo estruturado para cobrança dos vencidos, gestão de alçadas, regras e limites de descontos nas regularizações de dívidas, atribuição de responsabilidade e de delegação de autoridade, segregando funções e assegurando a existência de controles efetivos que permitam o cumprimento das diretrizes da Organização.Como será seu dia a dia?Como Data Scientist III , você atuará na área de Veículos e suas principais atividades serão:Manipular e tratar grandes volumes de dados em ambiente Databricks;Realizar análises de dados para geração de insights acionáveis e suporte à tomada de decisão;Atuar na gestão e no acompanhamento do portfólio de crédito de veículos;Elaborar relatórios gerenciais e análises de performance;Propor estratégias e melhorias nas políticas de cobrança com base em dados e indicadores;Desenvolver apresentações executivas (PowerPoint) com análises, recomendações e planos de ação estratégicos.Modelo de trabalhoHíbrido - 2x PresencialUnidade: Osasco/SPPerfil que buscamosValorizamos quem entende o cliente em profundidade, trabalha em parceria e transforma conhecimento em entregas com impacto. Profissionais com senso de dono, consistência na execução e foco em resultado, que evoluem continuamente, compartilham aprendizados e usam tecnologia para transformar desafios em soluções relevantes para o negócio.RequisitosSuperior Completo em áreas de exatas, tecnologia ou similares;Conhecimento em SQL, SAS e Databricks para manipulação, tratamento e análise de grandes bases de dados;Conhecimento em gestão de portfólio, definição de estratégias de cobrança e desenvolvimento de modelos avançados (score e IA), com forte conexão com áreas de negócio, tecnologia e parceiros operacionais;Vivência em estratégia de recuperação de crédito para a carteira de veículos, com foco em maximizar resultados financeiros;Conhecimento em Power BI ou similares;Vivência em estratégia de cobrança e monitoramento de crédito.Será um diferencial se você tiver:Conhecimento em gestão de Portfólio;Atuação em áreas de crédito, cobrança ou recuperação.O que você encontra aquiCuidar de vocêPlano de saúde e odontológicoSeguro de vidaViva Bem: programa de saúde, bem-estar e qualidade de vidaTotalPassCrescer com vocêUniversidade corporativa Bradesco (Unibrad)Parcerias educacionaisSegurança para o seu futuroParticipação nos lucros ou Bônus (conforme a elegibilidade de cargo)Previdência privadaCondições especiais em produtos e serviçosIsenção de Tarifas: condições especiais em diversos produtos e serviçosApoio à sua vida e à sua famíliaVale alimentação e refeição13ª cesta alimentaçãoAuxílio creche ou babáLicença Maternidade de 180 dias, acompanhamento assistencial da gestação até o pós-partoLicença Paternidade estendida de 20 diasVale transporte opcionalTudo pensado para apoiar sua jornada de crescimento com equilíbrio, segurança e oportunidade.DiversidadeNo Bradesco, diversidade é valor e estratégia. Trabalhamos para construir um ambiente inclusivo e um quadro de colaboradores que reflita a diversidade da sociedade brasileira. Por isso, valorizamos pessoas com diferentes histórias e características, como gênero, raça, orientação sexual, deficiência, idade e outras dimensões da diversidade.Se você acredita na confiança como base para transformar, gosta de desafios e quer crescer em um ambiente que evolui junto com você, seu lugar pode ser aqui. Vem ser Bradesco!Vem ser Bradesco com #ConfiançaParaTransformar!Show moreShow less",N/A,On-site/Hybrid,https://www.linkedin.com/jobs-guest/jobs/api/jobPosting/4457540156,2026-09-01
N/A,N/A,N/A,N/A,N/A,N/A,On-site/Hybrid,https://www.linkedin.com/jobs-guest/jobs/api/jobPosting/4452526107,2026-09-01
Data Science Analyst (Foco em Real Estate & Research),CBRE Brasil,"São Paulo, São Paulo, Brazil",2 weeks ago,"obre a PosiçãoBuscamos um(a)Data Science Analystpara atuar na intersecção entre Engenharia de Dados, Machine Learning e Analytics. Você será peça-chave na nossa área de Research, responsável por construir pipelines escaláveis, desenvolver modelos preditivos para o mercado imobiliário e garantir a produtização (MLOps) dessas soluções. Seu trabalho transformará dados complexos em insights estratégicos para executivos e investidores.O que você fará (Principais Desafios):Engenharia e Governança: Projetar e manter pipelines de dados escaláveis em arquitetura Lakehouse (Databricks/Delta Lake), garantindo a qualidade, linhagem e governança dos dados consumidos pela área de Research.Modelagem e Advanced Analytics: Desenvolver modelos estatísticos e de machine learning (séries temporais, regressões, segmentações) para prever dinâmicas do mercado imobiliário (vacância, preços, oferta).MLOps e Produtização: Gerenciar o ciclo de vida completo dos modelos (deploy, monitoramento de drift, CI/CD) utilizando ferramentas como MLflow.Inovação com IA: Implementar soluções de GenAI e fluxos RAG para extrair valor de dados não estruturados (relatórios, notícias do setor).Data Storytelling: Traduzir resultados técnicos complexos em narrativas claras e acionáveis (dashboards em Power BI, apresentações) para stakeholders de negócio e investidores.O que buscamos (Requisitos Essenciais):RequisitosSólida experiência em Python e SQL, com vivência em processamento distribuído (Spark/PySpark).Experiência prática com arquitetura Lakehouse (preferencialmente Databricks) e construção de pipelines de dados.Domínio de fundamentos de Machine Learning e estatística aplicada.Experiência comprovada em MLOps (versionamento, deploy e monitoramento de modelos).Habilidade de comunicação e ""Data Storytelling"", conseguindo conectar análises técnicas a decisões de negócio.Será um diferencial se você tiver:Conhecimento do mercado imobiliário, finanças ou indicadores macroeconômicos.Experiência com dados geoespaciais (GIS/GeoPandas).Vivência prática com NLP, LLMs e bancos vetoriais.Inglês avançado.Show moreShow less",N/A,On-site/Hybrid,https://www.linkedin.com/jobs-guest/jobs/api/jobPosting/4452820089,2026-09-01
"Data Scientist I, Amazon 1P Credito, Payments",Amazon Science,Greater São Paulo Area,4 days ago,"DescriptionDo you feel the challenge and the adrenaline kick when a huge data-set stares you in the face and you know that somewhere inside are hidden very important business insights that can fundamentally alter the way top business leaders think and act? Do you enjoy presenting strong data backed insights to business leaders; insights that can topple their long held beliefs and compel them to change their direction completely? If yes, then you are the one we are looking for.We are looking to invite passionate leaders, with expertise in generate power business insights from very large datasets, on a journey where the primary aim would be to enable needle moving business impacts through statistical analysis. We are looking for leaders who can envision the design and development of analytical infrastructure which can support strategic and tactical decision-making. Those who join this high visibility team would have to navigate through significant ambiguity in defining business problems and converting them to analytical problems.This role requires additional exposure and experience to Machine Learning.Key job responsibilitiesUse machine learning and analytical techniques to create scalable solutions for business problemsAnalyze and extract relevant information from large amounts of Amazon’s historical business data to help automate and optimize key processesDesign, development, evaluate and deploy innovative and highly scalable models for predictive learningResearch and implement novel machine learning and statistical approachesWork closely with software engineering teams to drive real-time model implementations and new feature creationsWork closely with business owners and operations staff to optimize various business operationsEstablish scalable, efficient, automated processes for large scale data analyses, model development, model validation and model implementationMentor other scientists and engineers in the use of ML techniquesInnovate with the latest GenAI technology to build highly automated solutions for efficient customer promotionsDesign, develop and deploy end-to-end machine learning solutions in the Amazon production environment to delight Amazon customersCollaborate with cross-functional teams to develop comprehensive ML/statistical models that can scale to millions of customers to multiple countriesAbout The TeamBrazil Payments is part of the International Emerging Stores Payments team and focuses on supporting the launch of new payment and financial products to our customers in Brazil.Basic QualificationsExperience with data scripting languages (e.g. SQL, Python, R etc.) or statistical/mathematical software (e.g. R, SAS, or Matlab)Experience as a data/research scientist, statistician or quantitative analyst in an internet-based company with complex and big data sourcesExperience applying quantitative analysis to solve business problems and making data-driven business decisionsBachelor's degree or above in Math, Statistics, Computer Science, or related Science fieldPreferred QualificationsMaster's degree in Science, Technology, Engineering, or Mathematics (STEM)Experience working effectively with science, data processing, and software engineering teamsOur inclusive culture empowers Amazonians to deliver the best results for our customers. If you have a disability and need a workplace accommodation or adjustment during the application and hiring process, including support for the interview or onboarding process, please visit https://amazon.jobs/content/en/how-we-hire/accommodations for more information. If the country/region you’re applying in isn’t listed, please contact your Recruiting Partner.Show moreShow less",N/A,On-site/Hybrid,https://www.linkedin.com/jobs-guest/jobs/api/jobPosting/4458065998,2026-09-01
Data Scientist III - Modelagem de Risco de Crédito,Banco Bradesco,"Osasco, São Paulo, Brazil",2 weeks ago,"Sobre o BradescoA gente acredita no poder da confiança. Confiança que aproxima, orienta e transforma a vida das pessoas no dia a dia. Entrar no Bradesco é fazer parte de um momento real de transformação. Um ambiente que combina a solidez de uma história construída ao longo de décadas com a evolução constante de quem está sempre olhando para frente. Aqui, você encontra espaço para aprender, crescer e assumir protagonismo na sua trajetória, com apoio, estrutura e oportunidades que acompanham o seu desenvolvimento. Mais do que trabalhar em uma grande instituição, é sobre fazer parte de um time que impacta milhões de pessoas, contribui para o desenvolvimento do país e constrói, todos os dias, um futuro mais acessível e sustentável para a sociedade.Sobre a áreaSomos responsáveis pela avaliação independente das estratégias que compõem todo o ciclo de crédito, contribuindo para decisões alinhadas ao apetite de risco, à rentabilidade e à sustentabilidade dos negócios.Atuamos como parceiros estratégicos, avaliando políticas, modelos e estratégias para Pessoa Física e Pessoa Jurídica, além de monitorar indicadores de risco, inadimplência, perdas e rentabilidade. Com uma visão transversal da organização, interagimos com diversas áreas do banco e participamos de discussões que apoiam a tomada de decisão e a evolução contínua das estratégias de crédito.Nossa atuação combina estratégia, analytics, risco de crédito e visão de negócio, oferecendo aos profissionais uma oportunidade única de gerar impacto e influenciar decisões relevantes para a instituição.Como será seu dia a dia?Como Data Scientist III - Modelagem de Risco de Crédito, você atuará na área de Análise de Risco de Crédito e suas principais atividades serão:Desenvolver e aprimorar modelos de Perda Esperada (PD, LGD e FCC) para diferentes produtos de crédito dos segmentos Pessoa Física e Pessoa Jurídica.Desenvolver modelos econométricos para cálculo dos fatores prospectivos (Forward Looking) aplicados aos parâmetros de PD e LGD.Monitorar a performance dos modelos, garantindo sua robustez estatística, estabilidade e aderência ao longo do tempo.Atuar em todo o ciclo de vida dos modelos, incluindo desenvolvimento, implementação, monitoramento e suporte aos usuários.Realizar estudos analíticos para apoiar a tomada de decisão e a evolução das metodologias de risco.Identificar oportunidades de melhoria e propor soluções para desafios relacionados à modelagem e gestão de risco de crédito.Apoiar discussões técnicas e contribuir para a evolução contínua das práticas e metodologias da área.Modelo de trabalhoHíbrido - 3x PresencialUnidade: Osasco/SPPerfil que buscamosValorizamos quem entende o cliente em profundidade, trabalha em parceria e transforma conhecimento em entregas com impacto. Profissionais com senso de dono, consistência na execução e foco em resultado, que evoluem continuamente, compartilham aprendizados e usam tecnologia para transformar desafios em soluções relevantes para o negócio.RequisitosEnsino superior completo em Estatística, Matemática, Física, Ciências Atuariais, Engenharia, Ciência de Dados, Economia ou áreas correlatas.Experiência sólida em modelagem de risco de crédito, especialmente nos parâmetros PD (Probability of Default) e LGD (Loss Given Default).Vivência em modelos aderentes ao IFRS 9 e/ou à Resolução CMN nº 4.966.Conhecimentos em modelagem estatística, econometria e análise quantitativa.Proficiência em Python, SQL, SAS e Databricks.Experiência com manipulação e análise de grandes volumes de dados.Conhecimento de métricas e técnicas de monitoramento de modelos.Será um diferencial se você tiver:Experiência em modelagem de PDD e provisão de crédito em instituições financeiras.Conhecimento em metodologias de validação e governança de modelos.Experiência em ambientes regulatórios e contábeis relacionados à gestão de risco de crédito.O que você encontra aquiCuidar de vocêPlano de saúde e odontológicoSeguro de vidaViva Bem: programa de saúde, bem-estar e qualidade de vidaTotalPassCrescer com vocêUniversidade corporativa Bradesco (Unibrad)Parcerias educacionaisSegurança para o seu futuroParticipação nos lucros ou Bônus (conforme a elegibilidade de cargo)Previdência privadaCondições especiais em produtos e serviçosIsenção de Tarifas: condições especiais em diversos produtos e serviçosApoio à sua vida e à sua famíliaVale alimentação e refeição13ª cesta alimentaçãoAuxílio creche ou babáLicença Maternidade de 180 dias, acompanhamento assistencial da gestação até o pós-partoLicença Paternidade estendida de 20 diasVale transporte opcionalTudo pensado para apoiar sua jornada de crescimento com equilíbrio, segurança e oportunidade.DiversidadeNo Bradesco, diversidade é valor e estratégia. Trabalhamos para construir um ambiente inclusivo e um quadro de colaboradores que reflita a diversidade da sociedade brasileira. Por isso, valorizamos pessoas com diferentes histórias e características, como gênero, raça, orientação sexual, deficiência, idade e outras dimensões da diversidade.Se você acredita na confiança como base para transformar, gosta de desafios e quer crescer em um ambiente que evolui junto com você, seu lugar pode ser aqui. Vem ser Bradesco!Vem ser Bradesco com #ConfiançaParaTransformar!Show moreShow less",N/A,On-site/Hybrid,https://www.linkedin.com/jobs-guest/jobs/api/jobPosting/4454569325,2026-09-01
"Data Scientist II, Amazon 1P Credito, Payments",Amazon,Greater São Paulo Area,6 days ago,"DescriptionDo you feel the challenge and the adrenaline kick when a huge data-set stares you in the face and you know that somewhere inside are hidden very important business insights that can fundamentally alter the way top business leaders think and act? Do you enjoy presenting strong data backed insights to business leaders; insights that can topple their long held beliefs and compel them to change their direction completely? If yes, then you are the one we are looking for.We are looking to invite passionate leaders, with expertise in generate power business insights from very large datasets, on a journey where the primary aim would be to enable needle moving business impacts through statistical analysis. We are looking for leaders who can envision the design and development of analytical infrastructure which can support strategic and tactical decision-making. Those who join this high visibility team would have to navigate through significant ambiguity in defining business problems and converting them to analytical problems.This role requires additional exposure and experience to Machine Learning.Key job responsibilitiesUse machine learning and analytical techniques to create scalable solutions for business problemsAnalyze and extract relevant information from large amounts of Amazon’s historical business data to help automate and optimize key processesDesign, development, evaluate and deploy innovative and highly scalable models for predictive learningResearch and implement novel machine learning and statistical approachesWork closely with software engineering teams to drive real-time model implementations and new feature creationsWork closely with business owners and operations staff to optimize various business operationsEstablish scalable, efficient, automated processes for large scale data analyses, model development, model validation and model implementationMentor other scientists and engineers in the use of ML techniquesInnovate with the latest GenAI technology to build highly automated solutions for efficient customer promotionsDesign, develop and deploy end-to-end machine learning solutions in the Amazon production environment to delight Amazon customersCollaborate with cross-functional teams to develop comprehensive ML/statistical models that can scale to millions of customers to multiple countriesAbout The TeamBrazil Payments is part of the International Emerging Stores Payments team and focuses on supporting the launch of new payment and financial products to our customers in Brazil.Basic Qualifications2+ years of data scientist experience3+ years of data querying languages (e.g. SQL), scripting languages (e.g. Python) or statistical/mathematical software (e.g. R, SAS, Matlab, etc.) experience3+ years of machine learning/statistical modeling data analysis tools and techniques, and parameters that affect their performance experience1+ years of guiding and coaching a group of researchers experience1+ years of working with or evaluating AI systems experience1+ years of creating or contributing to mathematical textbooks, research papers, or educational content experienceMaster's degree in Science, Technology, Engineering, or Mathematics (STEM), or experience working in Science, Technology, Engineering, or Mathematics (STEM)Experience applying theoretical models in an applied environmentPreferred QualificationsPh.D. in Science, Technology, Engineering, or Mathematics (STEM)Knowledge of machine learning concepts and their application to reasoning and problem-solvingExperience in Python, Perl, or another scripting languageExperience in a ML or data scientist role with a large technology companyExperience in defining and creating benchmarks for assessing GenAI model performanceExperience working on multi-team, cross-disciplinary projectsExperience applying quantitative analysis to solve business problems and making data-driven business decisionsExperience effectively communicating complex concepts through written and verbal communicationOur inclusive culture empowers Amazonians to deliver the best results for our customers. If you have a disability and need a workplace accommodation or adjustment during the application and hiring process, including support for the interview or onboarding process, please visit https://amazon.jobs/content/en/how-we-hire/accommodations for more information. If the country/region you’re applying in isn’t listed, please contact your Recruiting Partner.Company- Amazon Servicos de Varejo do Brasil Ltda.Job ID: A10513218Show moreShow less",N/A,On-site/Hybrid,https://www.linkedin.com/jobs-guest/jobs/api/jobPosting/4458736723,2026-09-01
Data Scientist - Model Validation - Indaiatuba/SP,John Deere,"Indaiatuba, São Paulo, Brazil",6 hours ago,"Trabalhamos para que a vida possa avançar e estamos sempre à procura de pessoas inovadoras que possam contribuir com a nossa missão. Que tal fazer parte do nosso time?Local Principal:Brasil (BR) - São Paulo - IndaiatubaFunção:Data and Analytics (CA)Título:Data Scientist - Model Validation - Indaiatuba/SP - 122077As a Data Scientist with John Deere Financial in Indaiatuba, Brazil, you will be responsible for validating predictive models as a member of JDF's global Model Risk Management team. Working closely with colleagues across Brazil, India, and the United States, you will apply analytical rigor, critical thinking, and effective challenge to assess model performance, identify risks, and strengthen model governance. Join a team that is passionate about ensuring models and data are used responsibly to support sound business decisions and effective risk management practices.Main ResponsibilitiesENGLISH IS REQUIRED FOR ALL COMMUNICATIONS AND DOCUMENTS (Resume).Perform validation activities for models covering areas including Credit Risk, Treasury, Accounting, Sales and Marketing;Contribute to various projects relating to risk identification and model validation processes;Perform validation of traditional statistical models as well as machine learning and GenAI-based analytical solutions;Evaluate compliance of models with internal Model Risk Management policies and regulatory expectations;Assess model limitations, risks, controls, and business usage to ensure appropriate governance and risk mitigation.Skills You NeedBachelor’s, Degree in Economics, Computer Science, Data Analytics, Data Science, Engineering, Math, Statistics, or a related quantitative field;Advanced English (broad vocabulary, strong grammar, able to lead meetings, debate, negotiate and conduct training sessions);Experience in model building and data science;Experience with statistical modelling and data management tools such as Python, R, Databricks and SAS;Demonstrated experience with statistical and machine learning methodologies, including time series analysis, regression techniques, classification models, and credit scoring frameworks;Commitment to team success and a proactive, collaborative approach to problem solving and different cultures and time zones;Good communication and teamwork skills;Availability for on-site work at the headquarters in Indaiatuba, SP.What Makes You Stand OutMaster's, PhD or specialization in Data Science, Economics, Statistics, Mathematics, Computer Science, Financial Engineering, or a related quantitative field.Experience performing independent model reviews, conceptual soundness assessments, and outcome analysis;Understanding of SR 11-7 ,SR 26-2, CECL requirement and model validation practices;Understanding of model lifecycle management, model risk governance, and validation frameworks;Experience applying statistical analysis and analytical methodologies in analytics projects;Working knowledge of emerging AI and generative AI technologies, with a desire to learn how these tools are evaluated, monitored, and governed in a model risk management framework;Knowledge of finance and accounting concepts;Understanding of the lending/banking industry;Ability to work on multiple projects simultaneously.Nossos principais benefíciosRemuneração variável;Plano de Saúde;Plano Odontológico;Seguro de Vida;Previdência Privada;Benefício Ótica;Reembolso vacina;Universidade Corporativa;TotalPass;Dependendo da unidade, você terá restaurante no local, vale refeição ou alimentação;Auxílio farmácia;Entre outrosNosso Processo SeletivoA seleção começa com a sua inscrição, para algumas vagas, existem alguns testes adicionais. Você terá a possibilidade de conhecer pessoas do time nas entrevistas! Nosso processo seletivo é flexível em termos de tempo, então não se preocupe! Nossa equipe de Talent Acquisition está comprometida em proporcionar a melhor experiência para você. Analisamos todas as candidaturas cuidadosamente e fornecemos feedback em todas as etapas do processo. Além disso, todas as orientações serão enviadas por e-mail!Sobre a John DeereA John Deere é líder global no fornecimento de produtos, tecnologia e serviços avançados para clientes que desempenham um papel essencial na agricultura, construção, florestal entre outros setores. Nosso objetivo é atender à crescente necessidade mundial de alimentos, combustível, abrigo e infraestrutura, enquanto promove a sustentabilidade e a preservação do planeta que chamamos de lar.Inovamos para impulsionar a produtividade e proteger nosso planeta e convidamos você a fazer parte dessa história. Trabalharemos juntos para criar, testar, superar para que para que a vida possa avançar. 💚🚜Show moreShow less",N/A,On-site/Hybrid,https://www.linkedin.com/jobs-guest/jobs/api/jobPosting/4442083981,2026-09-01
Especialista em Ciência de Dados - Home,Serasa Experian,"São Paulo, São Paulo, Brazil",2 weeks ago,"Company DescriptionA Experian é uma empresa global de dados e tecnologia que impulsiona oportunidades para pessoas e empresas ao redor do mundo. Atuamos em diversos mercados, como serviços financeiros, saúde, automotivo, agronegócio, seguros, entre outros. A Experian investe em pessoas e em novas tecnologias avançadas para liberar o poder dos dados. Contamos com uma equipe incrível de 25.200 colaboradores em 32 países.Nossa singularidade é valorizar a sua. A cultura da Experian, centrada nas pessoas, inclusiva e orientada por propósito, é reconhecida por diversos prêmios — incluindo World’s Best Workplaces™ 2025 (Top 25 global da Fortune) e Great Place To Work™ em 26 países, entre outros. Confira o Experian Life nas redes sociais ou explore nosso site de carreiras para entender o porquê. A Experian também se orgulha de ser uma empregadora que promove igualdade de oportunidades e ação afirmativa.Job DescriptionDescrição do trabalhoEstamos Com Uma Oportunidade Em Analytics No Time De Data Intelligence, Sendo Esta Área Responsável Pela Análise e Estruturação De Dados e Desenvolvimento De Novas Features. Se Você Gosta De Estudar e Está Sempre Disposto a Buscar Novos Conhecimentos Aqui Pode Ser Seu Lugar. Trabalhamos Com Diferentes Tipos De Informação e Estamos Sempre Em Busca De Novas Fontes De Dados. Por Se Tratar De Uma Área Focada Em Desenvolvimento, é Extremamente Importante Que Você Seja Capaz De Inovar e Propor Novas Soluções. Para Isto, Ter Conhecimento Na Área Crédito, Cobrança Ou Seguros é Um Grande Diferencial. Dentre Suas Principais Atividades Do Dia a Dia, Podemos DestacarEstudo de novas fontes de dados;Estruturação de bases;Construção de variáveis baseadas em Feature Learning;Avaliação de performance e aderência de features em modelos de score;Criação de novas soluções para todos os segmentos de mercado a partir de técnicas estatísticas;Buscamos um profissional que possua conhecimento em manipulação de dados, modelagem estatística e Big Data. É necessário possuir ensino superior completo na área de exatas e ter conhecimento de programação em Python.Como perfil pessoal é importante que seja analítico, tenha capacidade para adaptar-se, seja proativo, tenha iniciativa e adore novos desafios.É importante para esta posição que o(a) candidato(a) possua conhecimento do ecossistema de crédito para Pessoa Jurídica (PJ), compreendendo as principais modalidades de crédito, como capital de giro, antecipação de recebíveis, desconto de duplicatas, financiamento e demais produtos financeiros voltados a empresas. Também é desejável ter familiaridade com conceitos relacionados à estrutura societária, regimes tributários e indicadores financeiros de empresas, pois esse conhecimento será essencial para o desenvolvimento de soluções analíticas e novas features voltadas ao mercado PJ.QualificationsQualificaçõesPythonModelagem EstatísticaManipulação de DadosPysparkFeature LearningBig DataAdditional InformationA Serasa Experian é muito mais do que você imagina. Com o propósito de criar um futuro melhor, ampliando oportunidades para pessoas e empresas, no Brasil somos mais de 4 mil pessoas que atuam em diversos times e especialidades. Aqui, cada conhecimento e diversidade se complementa e você pode trabalhar no que mais ama, estamos comprometidos a construir uma cultura inclusiva e um ambiente no qual pessoas possam equilibrar a carreira com seus compromissos e interesses pessoais, prezando pelo bem-estar.A gente se dedica muito em ser uma das melhores e mais inovadoras empresas para se trabalhar do país, possibilitando experiências e carreiras incríveis para nossas pessoas. Nossa forte abordagem de pessoas em primeiro lugar é reconhecida externamente por meio de diversas certificações de mercado: fomos premiados pelo Great Place To Work™ em 24 países e pela certificação internacional Top Employers, além de sermos reconhecidos como uma das melhores empresas para jovens profissionais e contarmos com uma avaliação de 4,6 no Glassdoor. Cada reconhecimento nos indica que estamos no caminho certo, proporcionando um ambiente de trabalho cada vez melhor para nossos talentos.Experian Careers - Creating a better tomorrow togetherFind out what its like to work for Experian by clicking hereShow moreShow less",N/A,On-site/Hybrid,https://www.linkedin.com/jobs-guest/jobs/api/jobPosting/4446105916,2026-09-01
Junior Data Scientist - QuantumBlack Studio,"QuantumBlack, AI by McKinsey","São Paulo, São Paulo, Brazil",1 week ago,"Who You'll Work WithDriving lasting impact and building long-term capabilities with our clients is not easy work. You are the kind of person who thrives in a high performance/high reward culture - doing hard things, picking yourself up when you stumble, and having the resilience to try another way forward.In return for your drive, determination, and curiosity, we'll provide the resources, mentorship, and opportunities you need to become a stronger leader faster than you ever thought possible. Your colleagues—at all levels—will invest deeply in your development, just as much as they invest in delivering exceptional results for clients. Every day, you'll receive apprenticeship, coaching, and exposure that will accelerate your growth in ways you won’t find anywhere else.When you join us, you will have:Continuous learning: Our learning and apprenticeship culture, backed by structured programs, is all about helping you grow while creating an environment where feedback is clear, actionable, and focused on your development. The real magic happens when you take the input from others to heart and embrace the fast-paced learning experience, owning your journey.A voice that matters: From day one, we value your ideas and contributions. You’ll make a tangible impact by offering innovative ideas and practical solutions, all while upholding our unwavering commitment to ethics and integrity. We not only encourage diverse perspectives, but they are critical in driving us toward the best possible outcomes.Global community: With colleagues across 65+ countries and over 100 different nationalities, our firm’s diversity fuels creativity and helps us come up with the best solutions for our clients. Plus, you’ll have the opportunity to learn from exceptional colleagues with diverse backgrounds and experiences.World-class benefits: On top of a competitive salary (based on your location, experience, and skills), we provide a comprehensive benefits package to enable holistic well-being for you and your family.Your ImpactYou’ll be part of a multi-disciplinary team using data to drive real-world impact for leading organizations across the globe.You’ll help solve high-impact business problems by analyzing complex and varied datasets from some of the world’s most influential companies.Working closely with more experienced data scientists, engineers, and designers, you’ll contribute to the development of scalable data science products and solutions—building models, writing efficient code, and translating insights into actions.You’ll grow your skills by:Participating in cross-functional problem-solving sessionsContributing to the development of our internal Data Science ToolboxCollaborating with experts in machine learning, engineering, and designPresenting your work to colleagues and clients, with opportunities to write papers and attend conferences if you wishEvery project is an opportunity to learn, apply your academic knowledge in a practical setting, and make a tangible difference.You will work in our São Paulo office as part of our QuantumBlack Studio team and work with global colleagues from diverse backgrounds and disciplines.From day one, you’ll be paired with a mentor and supported by a collaborative team of data scientists, engineers, designers, and project managers.You will gain hands-on experience across different industries and data challenges, learning how to:Apply mathematics, statistics, and machine learning to real-world dataContribute to large-scale digital and analytics transformationsDevelop solutions that support personalization, marketing, operations, and moreOur culture values curiosity, experimentation, and continuous learning. You will have space to try new approaches, ask questions, and develop both technical and consulting skills. We also place strong emphasis on mentorship, community, and inclusion - ensuring you feel supported and empowered to thrive.Your Qualifications and SkillsBachelor's degree in computer science, statistics, mathematics, physics, engineering, or related fields (graduation between December 2024 and December 2026)Practical coding and modeling experience with a strong foundation in data science conceptsExperience with at least two of the following languages: Python, R, Scala, SQLStrong analytical thinking and problem-solving skills, with the ability to develop efficient and creative solutionsAbility to collaborate in a team and communicate clearly with colleagues and stakeholdersAbility to communicate ideas most effectively - both verbally and in writing - in English and Portuguese. Please submit your CV in English.Show moreShow less",N/A,On-site/Hybrid,https://www.linkedin.com/jobs-guest/jobs/api/jobPosting/4400577343,2026-09-01
N/A,N/A,N/A,N/A,N/A,N/A,On-site/Hybrid,https://www.linkedin.com/jobs-guest/jobs/api/jobPosting/4436792474,2026-09-01
"Data Scientist II, Amazon 1P Credito, Payments",Amazon,Greater São Paulo Area,6 days ago,"DescriptionDo you feel the challenge and the adrenaline kick when a huge data-set stares you in the face and you know that somewhere inside are hidden very important business insights that can fundamentally alter the way top business leaders think and act? Do you enjoy presenting strong data backed insights to business leaders; insights that can topple their long held beliefs and compel them to change their direction completely? If yes, then you are the one we are looking for.We are looking to invite passionate leaders, with expertise in generate power business insights from very large datasets, on a journey where the primary aim would be to enable needle moving business impacts through statistical analysis. We are looking for leaders who can envision the design and development of analytical infrastructure which can support strategic and tactical decision-making. Those who join this high visibility team would have to navigate through significant ambiguity in defining business problems and converting them to analytical problems.This role requires additional exposure and experience to Machine Learning.Key job responsibilitiesUse machine learning and analytical techniques to create scalable solutions for business problemsAnalyze and extract relevant information from large amounts of Amazon’s historical business data to help automate and optimize key processesDesign, development, evaluate and deploy innovative and highly scalable models for predictive learningResearch and implement novel machine learning and statistical approachesWork closely with software engineering teams to drive real-time model implementations and new feature creationsWork closely with business owners and operations staff to optimize various business operationsEstablish scalable, efficient, automated processes for large scale data analyses, model development, model validation and model implementationMentor other scientists and engineers in the use of ML techniquesInnovate with the latest GenAI technology to build highly automated solutions for efficient customer promotionsDesign, develop and deploy end-to-end machine learning solutions in the Amazon production environment to delight Amazon customersCollaborate with cross-functional teams to develop comprehensive ML/statistical models that can scale to millions of customers to multiple countriesAbout The TeamBrazil Payments is part of the International Emerging Stores Payments team and focuses on supporting the launch of new payment and financial products to our customers in Brazil.Basic QualificationsExperience working as a Data ScientistExperience with data scripting languages (e.g. SQL, Python, R etc.) or statistical/mathematical software (e.g. R, SAS, or Matlab)Experience with machine learning/statistical modeling data analysis tools and techniques, and parameters that affect their performanceMaster's degree in computer science, engineering, mathematics or equivalent, or experience in a ML or data scientist role with a large technology companyPreferred QualificationsExperience with AI/ML technologiesPhD in Computer Science, Computer Engineering, or related fieldsExperience with clustered data processing (e.g., Hadoop, Spark, Map-reduce, and Hive)Experience in defining and creating benchmarks for assessing GenAI model performanceExperience working on multi-team, cross-disciplinary projectsExperience applying quantitative analysis to solve business problems and making data-driven business decisionsOur inclusive culture empowers Amazonians to deliver the best results for our customers. If you have a disability and need a workplace accommodation or adjustment during the application and hiring process, including support for the interview or onboarding process, please visit https://amazon.jobs/content/en/how-we-hire/accommodations for more information. If the country/region you’re applying in isn’t listed, please contact your Recruiting Partner.Company- Amazon Servicos de Varejo do Brasil Ltda.Job ID: A10513227Show moreShow less",N/A,On-site/Hybrid,https://www.linkedin.com/jobs-guest/jobs/api/jobPosting/4458739730,2026-09-01
CIENTISTA DE DADOS SR,Suzano,"São Paulo, São Paulo, Brazil",1 week ago,"QUEM SOMOS?Somos uma empresa multinacional brasileira, referência global no desenvolvimento de soluções sustentáveis e inovadoras, de origem renovável. Cultivamos árvores e, por meio de tecnologia, transformamos o que vem da natureza em produtos que fazem parte do dia a dia de milhões de pessoas.As árvores estão no centro do nosso propósito:renovar a vida a partir da árvoree construir um futuro cada vez mais sustentável para o planeta e para as pessoas.Temos mais de 100 anos de história, e hoje, somos amaior fabricante de celulose do mundo, uma das maiores produtoras de papéis da América Latina e líder no segmento de papel higiênico no Brasil. Nossos produtos estão no dia a dia de mais de 2 bilhões de pessoas, em mais de 100 países.Estamos presentes em diferentes momentos com produtos como papel higiênico, guardanapos, papéis para imprimir e escrever, papéis para embalagens, copos e canudos, feitos a partir de matéria-prima de fonte renovável.Você pode nos reconhecer por marcas comoNeve®, Pólen®, Suzano Report® e Mimmo®, entre outras. Quanto às unidades, estamos no Brasil e também em países como Argentina, Áustria, China, Coreia do Sul, Equador, Estados Unidos, Holanda, Israel e Singapura, com unidades administrativas e operacionais.E, tudo isso só é possível por causa das pessoas da Suzano: somos cerca de56 mil colaboradores(as) próprios(as) e terceiros(as), além de profissionais em nossos escritórios internacionais.Juntos, trabalhamos diariamente para plantar um futuro melhor para o planeta e para as pessoas. Fazemos isso criando produtos sustentáveis a partir do cultivo do eucalipto, que é plantado e colhido por nós.#VemSerSuzano.DADOS:Local: Faria Lima - São Paulo, SPNOSSO JEITO DE TRANSFORMARAqui, conectamos pessoas, estratégia e tecnologia para transformar o negócio.Trabalhar nesse contexto é atuar próximo das decisões, impulsionando resultados e soluções globais de forma cada vez mais sustentável.Mais do que apoiar processos, você constrói soluções, influencia caminhos e promove a evolução da companhia, atuando junto e pelo todo.SEU DIA A DIA COMO CIENTISTA DE DADOS EM REVENUEConduzir análises exploratórias, diagnósticas e preditivas, integrando dados internos e externos para gerar insights para o negócio.Desenvolver e evoluir modelos analíticos e preditivos, com foco em mercado, demanda, preços e suporte à tomada de decisão.Identificar oportunidades de aplicação de dados, analytics e inteligência artificial que gerem valor para a organização.Interpretar resultados e comunicar insights de forma clara e objetiva, transformando dados em recomendações e planos de ação.Desenvolver relatórios, dashboards e produtos analíticos para acompanhamento de indicadores, tendências e previsões.Liderar projetos estratégicos junto às áreas de negócio e à alta liderança, evidenciando impacto e geração de valor.Definir e disseminar metodologias, processos e boas práticas analíticas, garantindo governança, rastreabilidade e reprodutibilidade.Atuar em parceria com equipes de Dados e Tecnologia para garantir qualidade, disponibilidade e confiabilidade dos dados e soluções.Contribuir para a evolução do ecossistema de dados e analytics, promovendo automação, escalabilidade e robustez das soluções.Comunicar benefícios, limitações e oportunidades dos produtos analíticos e digitais para diferentes públicos e níveis de senioridade.O QUE ESPERAMOS PARA ESSA JORNADA?Formação Superior Completa;Sólida Experiência profissional emCiência de Dados, com foco em: Modelagem estatística e Machine Learning, Análise exploratória de dados e Gestão de modelos de IA GenerativaDomínio emPython(bibliotecas para análise, modelagem e automação);Domínio em boas práticas de programação, arquitetura de dados e governança;Vivência emBig Data e Cloud(Google BigQuery e Azure DevOps);Inglês em nível avançado será um diferencial;Boa comunicação para traduzir análises técnicas em insights claros para diferentes públicos;Desejavel experiencia com Chatbot e Agentic AI;Desejavel experiencia com modelos de otimização.Informações adicionais🩺BEM-ESTAR FÍSICO:Plano médico e odontológico | Campanhas de vacinação | Ginástica laboral e grupos de corrida | Plataformas de bem-estar (academias, apps e aulas online) | Programa de nutrição | Vale-alimentação + VA extra de fim de ano* | Vale-refeição ou refeitório* | Vale-transporte ou fretado*💰BEM-ESTAR FINANCEIRO:Empréstimo consignado e social | Previdência privada | Seguro de vida | PPR (Participação nos Resultados)💚BEM-ESTAR EMOCIONAL:Auxílio-creche (mães, pais com guarda e casais homoafetivos) | Apoio para filhos com necessidades especiais | Licenças: maternidade (180 dias) e paternidade (20 dias) | Programa bebê saudável | Programa Estudar é Crescer | Programa Respirar Faz Bem (mindfulness) | Tele Faz Bem (apoio psicológico, social, jurídico e financeiro) | Terapia online subsidiada | Vale Presente e Kit Escolar🤝BEM-ESTAR SOCIAL:Clube de descontos | Programa Valeu (reconhecimento) | Reconhecimento por tempo de casa | UniverSuzano(cursos e treinamentos)#VemSerSuzano #NósPlantamosOFuturoShow moreShow less",N/A,On-site/Hybrid,https://www.linkedin.com/jobs-guest/jobs/api/jobPosting/4455928609,2026-09-01
Data Scientist III - Estratégia e Gestão de Crédito,Banco Bradesco,"Osasco, São Paulo, Brazil",2 weeks ago,"Sobre o BradescoA gente acredita no poder da confiança. Confiança que aproxima, orienta e transforma a vida das pessoas no dia a dia. Entrar no Bradesco é fazer parte de um momento real de transformação. Um ambiente que combina a solidez de uma história construída ao longo de décadas com a evolução constante de quem está sempre olhando para frente. Aqui, você encontra espaço para aprender, crescer e assumir protagonismo na sua trajetória, com apoio, estrutura e oportunidades que acompanham o seu desenvolvimento. Mais do que trabalhar em uma grande instituição, é sobre fazer parte de um time que impacta milhões de pessoas, contribui para o desenvolvimento do país e constrói, todos os dias, um futuro mais acessível e sustentável para a sociedade.Sobre a áreaSomos responsáveis pela avaliação independente das estratégias que compõem todo o ciclo de crédito, contribuindo para decisões alinhadas ao apetite de risco, à rentabilidade e à sustentabilidade dos negócios.Atuamos como parceiros estratégicos, avaliando políticas, modelos e estratégias para Pessoa Física e Pessoa Jurídica, além de monitorar indicadores de risco, inadimplência, perdas e rentabilidade. Com uma visão transversal da organização, interagimos com diversas áreas do banco e participamos de discussões que apoiam a tomada de decisão e a evolução contínua das estratégias de crédito.Nossa atuação combina estratégia, analytics, risco de crédito e visão de negócio, oferecendo aos profissionais uma oportunidade única de gerar impacto e influenciar decisões relevantes para a instituição.Como será seu dia a dia?Como Data Scientist III - Estratégia e Gestão de Crédito, você atuará na área de Gestão de Portifólio PJ e suas principais atividades serão:Analisar indicadores de risco, inadimplência, aprovação, perdas, rentabilidade e performance das carteiras de crédito.Desenvolver estudos e análises para avaliar os impactos de mudanças econômicas, regulatórias e de mercado sobre os portfólios de crédito.Identificar oportunidades de aprimoramento das estratégias e políticas de crédito com foco em resultados sustentáveis.Elaborar análises e recomendações para suportar a tomada de decisão baseada em dados.Atuar em parceria com as áreas de Negócios, Políticas de Crédito, Modelagem, Cobrança, Precificação, Financeiro, Riscos e Auditoria.Construir e acompanhar indicadores de desempenho, identificando tendências, riscos e oportunidades.Participar da definição e monitoramento de iniciativas estratégicas relacionadas ao ciclo de crédito.Contribuir para a evolução dos processos, ferramentas e metodologias de gestão de portfólio.Modelo de trabalhoHíbrido - 3x PresencialUnidade: Osasco/SPPerfil que buscamosValorizamos quem entende o cliente em profundidade, trabalha em parceria e transforma conhecimento em entregas com impacto. Profissionais com senso de dono, consistência na execução e foco em resultado, que evoluem continuamente, compartilham aprendizados e usam tecnologia para transformar desafios em soluções relevantes para o negócio.RequisitosEnsino superior completo em Estatística, Matemática, Ciência de Dados, Engenharia, Economia ou áreas correlatas.Experiência em análise de dados aplicada ao mercado financeiro.Vivência com análise de rentabilidade de produtos financeiros.Domínio do ciclo de crédito e dos principais produtos bancários.Proficiência em SQL e Python/PySpark.Experiência com ambientes analíticos e processamento de dados, como Databricks.Inglês intermediário para leitura e escrita.Será um diferencial se você tiver:Experiência em estratégias de crédito, portfólio ou rentabilidade em instituições financeiras.Conhecimento em analytics avançado aplicado à gestão de crédito e risco.Experiência com grandes volumes de dados e ambientes de processamento distribuído.O que você encontra aquiCuidar de vocêPlano de saúde e odontológicoSeguro de vidaViva Bem: programa de saúde, bem-estar e qualidade de vidaTotalPassCrescer com vocêUniversidade corporativa Bradesco (Unibrad)Parcerias educacionaisSegurança para o seu futuroParticipação nos lucros ou Bônus (conforme a elegibilidade de cargo)Previdência privadaCondições especiais em produtos e serviçosIsenção de Tarifas: condições especiais em diversos produtos e serviçosApoio à sua vida e à sua famíliaVale alimentação e refeição13ª cesta alimentaçãoAuxílio creche ou babáLicença Maternidade de 180 dias, acompanhamento assistencial da gestação até o pós-partoLicença Paternidade estendida de 20 diasVale transporte opcionalTudo pensado para apoiar sua jornada de crescimento com equilíbrio, segurança e oportunidade.DiversidadeNo Bradesco, diversidade é valor e estratégia. Trabalhamos para construir um ambiente inclusivo e um quadro de colaboradores que reflita a diversidade da sociedade brasileira. Por isso, valorizamos pessoas com diferentes histórias e características, como gênero, raça, orientação sexual, deficiência, idade e outras dimensões da diversidade.Se você acredita na confiança como base para transformar, gosta de desafios e quer crescer em um ambiente que evolui junto com você, seu lugar pode ser aqui. Vem ser Bradesco!Vem ser Bradesco com #ConfiançaParaTransformar!Show moreShow less",N/A,On-site/Hybrid,https://www.linkedin.com/jobs-guest/jobs/api/jobPosting/4454067364,2026-09-01
Data Scientist - Fluent English,Artefact,Greater São Paulo Area,2 weeks ago,"The current vacancy is for the Brazilian office and we work in a Free Office model.Who We AreAt Artefact LatAm, we believe in and live a culture based on empathy!A healthy work environment is a place where all voices are heard, respected, and valued.Our commitment is to build a more diverse and inclusive environment, because empathy is for everyone, regardless of ethnicity, color, gender, sexual orientation, gender identity, disability, or religious belief.We want incredible minds and hearts to join us! Come be Artefact!What You Will Be DoingYou will join our Data and Consulting team, which helps clients transform and improve their data strategy by applying advanced analytics to generate insights that create business value from big data and artificial intelligence.Innovate. You will work with your team, consisting of consultants, data scientists, and engineers, to identify client needs and define innovative solutions.Learn and Share. You will work in a collaborative team that promotes knowledge sharing. You will learn from others, share knowledge, and stay up to date with industry news/updatesDevelop. You will be involved in the solution from start to finish. With the help of senior scientists, you will manage the design and implementation, as well as optimize performance and scalability.Work across the entire project value chain (data collection and processing, exploratory data analysis, application of machine learning models, model production)Demystify technical terms or solutions for more business-oriented profiles, can work in a team with very diverse profilesPrioritize your tasks, respect deadlines, and raise your hand in case of risks or problemsWhat We Are Looking ForHaving completed an undergraduate course in data science, machine learning, mathematics, computer science, statistics, engineering, economics, or a related field.Desirable a first knowledge in statistics and programming (Python/R).Curiosity: you are always looking for innovative solutions for your clients. You are involved in the entire value chain.Collaboration: knowledge sharing is essential for you and you actively participate in the dissemination of information within Artefact.Entrepreneurship: you bring solutions, new ideas, innovations.Fluent English: You are comfortable communicating in English, as it is essential for working in our international environmentWhat We OfferMeal/Transportation Allowance (VR/VT)Free Office (work from home or anywhere you want!)GympassInsurance: Life, Health, and DentalBi-monthly Meetings (our “Get Together” where we meet to be together, with workshops, lectures, training, and a happy hour!)Woba (you can book coworking spaces anywhere you want!)Semi-annual evaluations (with opportunities for promotion)Why you should join usArtefact is the place to be: come and build the future of marketingProgress: every day offers new challenges and new opportunities to learnCulture: join the best team you could ever imagineEntrepreneurship: you will be joining a team of driven entrepreneurs. We won’t give up until we make a huge dent in this industry!Come join us!Show moreShow less",N/A,On-site/Hybrid,https://www.linkedin.com/jobs-guest/jobs/api/jobPosting/4436792473,2026-09-01
ESPECIALISTA EM IA | DADOS & INOVACAO,Vero,"São Paulo, São Paulo, Brazil",1 month ago,"Trabalhamos incansavelmente para conectar pessoas. Portanto, trabalhar na VERO é a oportunidade ideal para você que gosta de desafios. Mais do que isso, é a oportunidade para agregar conhecimento e se desenvolver em uma empresa que olha para o futuro. Nosso time está crescendo, veja abaixo mais informações sobre a vaga.Transformar dados em informações relevantes e acionáveis, apoiando a tomada de decisão estratégica da organização por meio da coleta, modelagem, análise e visualização de dados.Responsável por construir soluções de inteligência artificial e analytics avançado na nuvem Microsoft, aplicando técnicas de ciência de dados e engenharia de machine learning para transformar dados em valor para o negócio.Responsabilidades e atribuiçõesDesenvolver modelos preditivos e de machine learning aplicados em áreas jurídicas e de assuntos corporativos, por meio da utilização de frameworks e serviços do Azure Machine Learning, assegurando insights estratégicos e suporte às decisões corporativas.Assegurar a qualidade e governança dos dados utilizados em modelos, através da implementação de pipelines de ingestão, transformação e catalogação em Azure Data Factory, Data Lake e Purview.Implantar e automatizar o ciclo de vida dos modelos de machine learning, por meio do uso de MLOps, ML Pipelines e versionamento em ambientes como AKS e Azure Container Instances, garantindo escalabilidade e disponibilidade.Disponibilizar previsões e resultados analíticos às áreas de assuntos corporativos, através da integração com Power BI, Synapse e APIs REST, assegurando clareza e aplicabilidade dos insights gerados.Monitorar performance, acurácia e custos das soluções analíticas em produção, por meio de Azure Monitor, Application Insights e práticas de otimização de recursos, garantindo eficiência operacional.Garantir conformidade regulatória e segurança dos dados tratados, através da aplicação de RBAC, Data Masking, Key Vault e políticas de proteção à privacidade alinhadas à LGPD/GDPR.Requisitos e qualificaçõesVivência em projetos de ciência de dados e machine learning voltados à legal e assuntos corporativos.Desenvolvimento comprovado de soluções de ML e DL na esfera corporativa e legal.Vivência em projetos de ciência de dados e machine learning, atuando na construção e deploy de modelos preditivos, implementação de pipelines de dados em nuvem, práticas de MLOps e integração de soluções analíticas ao negócio em ambientes Azure.Ensino Superior completo em Sistemas de Informação, Ciência da Computação, Engenharia, Estatística ou áreas correlatas.Pós-graduação em Ciência de Dados, BI ou Analytics.Modelagem preditiva e machine learning em Azure (especialista)Programação em Python e bibliotecas de ciência de dados (avançado)MLOps e deploy de modelos em produção (avançado)Arquitetura de dados em nuvem Azure (avançado)Governança e segurança de dados (avançado)Análise crítica e resolução de problemas complexos (intermediário)Comunicação clara e tradução de modelos em insights de negócio (intermediário)Colaboração multidisciplinar e influência em stakeholders (básico)Desejável:Experiência com frameworks avançados de deep learning (TensorFlow, PyTorch) (avançado)Conhecimento em séries temporais e modelos de recomendação (avançado)Automação de pipelines com Azure DevOps e GitHub Actions (intermediário)Gestão de custos em ambientes de machine learning em cloud (intermediário)Informações adicionaisOferecemos:Programa de Participação por Resultados - PPR;Assistência Médica e Odontológica;Vale Refeição/ Alimentação;Seguro de Vida;PAS (Programa de Atendimento Social Vero);Um dia de folga no mês do seu aniversário;Universidade Corporativa;Totalpass (Descontos em Academias/Esportes);Auxílio Creche;Auxílio filho PCD;Internet.Esta vaga está aberta para receber candidaturas de PCDs. Aqui na Vero valorizamos a Diversidade pois acreditamos que é muito importante compartilhar ideias e diferentes pontos de vista para trazer a representatividade que os nossos clientes precisam!A VERO valoriza a Privacidade e a Proteção de Dados Pessoais. Os dados pessoais do(a) candidato, (a) serão tratados conforme a nossa Política de Privacidade no nosso site https://verointernet.com.br/politica-de-privacidade/, na seção exclusiva “QUANDO VOCÊ SE CANDIDATA A UMA DE NOSSAS VAGAS DE EMPREGO”.Show moreShow less",N/A,On-site/Hybrid,https://www.linkedin.com/jobs-guest/jobs/api/jobPosting/4437287824,2026-09-01
