title,company,location,posted,description,applicants,work_mode,link,data_coleta
Data Scientist II,Banco Bradesco,"Osasco, São Paulo, Brazil",20 hours ago,"Sobre o BradescoA gente acredita no poder da confiança. Confiança que aproxima, orienta e transforma a vida das pessoas no dia a dia. Entrar no Bradesco é fazer parte de um momento real de transformação. Um ambiente que combina a solidez de uma história construída ao longo de décadas com a evolução constante de quem está sempre olhando para frente. Aqui, você encontra espaço para aprender, crescer e assumir protagonismo na sua trajetória, com apoio, estrutura e oportunidades que acompanham o seu desenvolvimento. Mais do que trabalhar em uma grande instituição, é sobre fazer parte de um time que impacta milhões de pessoas, contribui para o desenvolvimento do país e constrói, todos os dias, um futuro mais acessível e sustentável para a sociedade.Sobre a áreaCRM: Gerencia estratégias de relacionamento com clientes por meio do uso de dados e inteligência analítica. Atua na segmentação de públicos e na personalização de ofertas, comunicações e jornadas, maximizando relevância e engajamento. Contribui para aquisição, fidelização e crescimento, apoiando decisões comerciais e a evolução da experiência do cliente.Como será seu dia a dia?Como Data Scientist II, você atuará na área de Cluster de Modelos e suas principais atividades serão:Desenvolver modelos de Machine Learning.Desenvolver modelos estatísticos.Construir modelos de propensão.Construir modelos de classificação.Desenvolver modelos de segmentação.Desenvolver modelos de recomendação.Realizar análises exploratórias (EDA).Desenvolver pipelines de dados.Modelo de trabalhoHíbrido - 1x PresencialUnidade: Osasco - SPPerfil que buscamosValorizamos quem entende o cliente em profundidade, trabalha em parceria e transforma conhecimento em entregas com impacto. Profissionais com senso de dono, consistência na execução e foco em resultado, que evoluem continuamente, compartilham aprendizados e usam tecnologia para transformar desafios em soluções relevantes para o negócio.RequisitosGraduação completa em Ciências de Dados, Ciências Contábeis, Matemática, Estatística, Economia, Engenharia, Computação, Sistemas de Informação ou áreas correlatas.Python.SQL.SAS.Databricks.Conhecimento em Machine Learning.Experiência com desenvolvimento de modelos analíticos.Boa base em algoritmos.Será um diferencial se você tiver:Pós-graduação ou MBA em áreas correlatas.Inteligência Artificial Generativa.Ferramentas de BI (Power BI ou Tableau).Arquitetura Databricks.O que você encontra aquiCuidar de vocêPlano de saúde e odontológicoSeguro de vidaViva Bem: programa de saúde, bem-estar e qualidade de vidaTotalPassCrescer com vocêUniversidade corporativa Bradesco (Unibrad)Parcerias educacionaisSegurança para o seu futuroParticipação nos lucros ou Bônus (conforme a elegibilidade de cargo)Previdência privadaCondições especiais em produtos e serviçosIsenção de Tarifas: condições especiais em diversos produtos e serviçosApoio à sua vida e à sua famíliaVale alimentação e refeição13ª cesta alimentaçãoAuxílio creche ou babáLicença Maternidade de 180 dias, acompanhamento assistencial da gestação até o pós-partoLicença Paternidade estendida de 20 diasVale transporte opcionalTudo pensado para apoiar sua jornada de crescimento com equilíbrio, segurança e oportunidade.DiversidadeNo Bradesco, diversidade é valor e estratégia. Trabalhamos para construir um ambiente inclusivo e um quadro de colaboradores que reflita a diversidade da sociedade brasileira. Por isso, valorizamos pessoas com diferentes histórias e características, como gênero, raça, orientação sexual, deficiência, idade e outras dimensões da diversidade.Se você acredita na confiança como base para transformar, gosta de desafios e quer crescer em um ambiente que evolui junto com você, seu lugar pode ser aqui. Vem ser Bradesco!Show moreShow less",N/A,On-site/Hybrid,https://www.linkedin.com/jobs-guest/jobs/api/jobPosting/4448363073,2026-08-04
Data Scientist,General Motors South America,"São Caetano do Sul, São Paulo, Brazil",4 days ago,"Job DescriptionKey ResponsibilitiesAnalyze and model data to structure and organize information effectively, ensuring it can be consumed in web/portal interfaces.Develop and automate data pipelines, reports, dashboards, and tools using Power BI, Python, Knime, Excel, Access, and other relevant platforms, exposing insights through web-based/portal solutions.Integrate data from multiple sources, such as Oracle, Databricks, and Hive/Hue, to generate actionable insights and feed backend services/APIs that support the portal.Design, build, and maintain web portals and internal applications using HTML, CSS, JavaScript (and, ideally, a modern framework such as React, Angular, or Vue), integrated with Purchasing data and tools.Design robust backend systems and intuitive, functional and responsive user interfaces.Ensure performance, reliability, and security of developed solutions, including portal pages and underlying services.Maintain and enhance existing tools and reporting systems, migrating or integrating them into a unified portal experience where applicable.Apply artificial intelligence techniques to automate repetitive tasks and optimize processes, embedding AI-assisted features in the portal when relevant.Collaborate with cross-functional teams to understand requirements and deliver effective solutions, translating user journeys into portal features and interfaces.Document processes and maintain up-to-date internal systems and tools, including technical and user documentation for the portal.Play a key role in the digital transformation journey of the Purchasing team, owning and evolving the Purchasing digital portal as a central entry point for data, tools, and processes.Preferred QualificationsExperience in Supply Chain and S&OP processes.Practical experience with web development (HTML, CSS, JavaScript) and building internal portals or web applications.Familiarity with integrating front-end applications with backend services/APIs (REST), including authentication and authorization for internal users.Familiarity with agile methodologies, including Scrum and Agile.Ability to translate user needs into digitalization workstreams, from requirements into concrete portal modules, pages, and components.What Makes This Position DifferentThis role combines Purchasing knowledge with data analytics, process automation, and artificial intelligence, anchored in an internal web portal that centralizes tools and information.It offers the opportunity to build practical digital solutions that directly support business decisions and team efficiency, through a portal that becomes the “single front door” for the Purchasing team’s digital products.The position plays a central role in the Purchasing team’s digital transformation journey, with strong visibility across cross-functional stakeholders who will rely on the portal as their main interface to data and processes.About GMOur vision is a world with Zero Crashes, Zero Emissions and Zero Congestion and we embrace the responsibility to lead the change that will make our world better, safer and more equitable for all.Why Join UsWe believe we all must make a choice every day – individually and collectively – to drive meaningful change through our words, our deeds and our culture. Every day, we want every employee to feel they belong to one General Motors team.Non-Discrimination and Equal Employment OpportunitiesGeneral Motors is committed to being a workplace that is not only free of unlawful discrimination, but one that genuinely fosters inclusion and belonging. We strongly believe that providing an inclusive workplace creates an environment in which our employees can thrive and develop better products for our customers.We encourage interested candidates to review the key responsibilities and qualifications for each role and apply for any positions that match their skills and capabilities. Applicants in the recruitment process may be required, where applicable, to successfully complete a role-related assessment(s) and/or a pre-employment screening prior to beginning employment. To learn more, visitHow we Hire.AccommodationsGeneral Motors offers opportunities to all job seekers including individuals with disabilities. If you need a reasonable accommodation to assist with your job search or application for employment,emailus or call us at 1-800-865-7580. In your email, please include a description of the specific accommodation you are requesting as well as the job title and requisition number of the position for which you are applying.Show moreShow less",N/A,On-site/Hybrid,https://www.linkedin.com/jobs-guest/jobs/api/jobPosting/4447202664,2026-08-04
Data Scientist II,Banco Bradesco,"Barueri, São Paulo, Brazil",1 week ago,"Sobre o BradescoA gente acredita no poder da confiança. Confiança que aproxima, orienta e transforma a vida das pessoas no dia a dia. Entrar no Bradesco é fazer parte de um momento real de transformação. Um ambiente que combina a solidez de uma história construída ao longo de décadas com a evolução constante de quem está sempre olhando para frente. Aqui, você encontra espaço para aprender, crescer e assumir protagonismo na sua trajetória, com apoio, estrutura e oportunidades que acompanham o seu desenvolvimento. Mais do que trabalhar em uma grande instituição, é sobre fazer parte de um time que impacta milhões de pessoas, contribui para o desenvolvimento do país e constrói, todos os dias, um futuro mais acessível e sustentável para a sociedade.Sobre a áreaCompras: Gerencia os processos de aquisição de bens e serviços, atuando no relacionamento com fornecedores e na negociação e gestão de contratos. Contribui para a eficiência e competitividade do banco por meio da otimização de custos, da governança e da sustentabilidade nas contratações. Apoia as áreas do negócio garantindo qualidade, conformidade e continuidade dos serviços.Como será seu dia a dia?Como Data Scientist II, você atuará na área de Inteligência e Compras e suas principais atividades serão:Desenvolver e manter modelos preditivos para apoiar análises e previsões relacionadas às compras e cadeia de suprimentos.Extrair, tratar, limpar e estruturar grandes volumes de dados, garantindo qualidade e confiabilidade das informações.Realizar análises estatísticas e estudos avançados para identificar oportunidades, tendências e solucionar problemas do negócio.Transformar dados em insights estratégicos e recomendações acionáveis, apoiando a tomada de decisão de compradores e gestores.Criar apresentações, relatórios e storytelling de dados, traduzindo informações técnicas em linguagem clara para o negócio.Atuar como parceiro das áreas de BI e Engenharia de Dados, contribuindo para a evolução dos processos analíticos e da governança de dadosIdentificar oportunidades de otimização de processos, redução de custos e melhoria da performance das negociações.Apoiar a construção de inteligência de compras, antecipando riscos, tendências de mercado e oportunidades estratégicas.Modelo de trabalhoHíbrido - 3x PresencialUnidade: Alphaville - SPPerfil que buscamosValorizamos quem entende o cliente em profundidade, trabalha em parceria e transforma conhecimento em entregas com impacto. Profissionais com senso de dono, consistência na execução e foco em resultado, que evoluem continuamente, compartilham aprendizados e usam tecnologia para transformar desafios em soluções relevantes para o negócio.RequisitosEnsino superior completo em Ciência da Computação, Engenharia, Sistemas de Informação ou áreas correlatas.Conhecimento em Python ou R.Experiência com Banco de Dados e SQLConhecimentos em Estatística e Machine LearningExperiência com versionamento de código utilizando GitSerá um diferencial se você tiver:Experiência em projetos de análise de dados aplicados às áreas de Compras, Suprimentos ou Operações.Vivência com análise e manipulação de dados provenientes de ERPs e plataformas corporativas, como SAP Ariba e ServiceNow.O que você encontra aquiCuidar de vocêPlano de saúde e odontológicoSeguro de vidaViva Bem: programa de saúde, bem-estar e qualidade de vidaTotalPassCrescer com vocêUniversidade corporativa Bradesco (Unibrad)Parcerias educacionaisSegurança para o seu futuroParticipação nos lucros ou Bônus (conforme a elegibilidade de cargo)Previdência privadaCondições especiais em produtos e serviçosIsenção de Tarifas: condições especiais em diversos produtos e serviçosApoio à sua vida e à sua famíliaVale alimentação e refeição13ª cesta alimentaçãoAuxílio creche ou babáLicença Maternidade de 180 dias, acompanhamento assistencial da gestação até o pós-partoLicença Paternidade estendida de 20 diasVale transporte opcionalTudo pensado para apoiar sua jornada de crescimento com equilíbrio, segurança e oportunidade.DiversidadeNo Bradesco, diversidade é valor e estratégia. Trabalhamos para construir um ambiente inclusivo e um quadro de colaboradores que reflita a diversidade da sociedade brasileira. Por isso, valorizamos pessoas com diferentes histórias e características, como gênero, raça, orientação sexual, deficiência, idade e outras dimensões da diversidade.Se você acredita na confiança como base para transformar, gosta de desafios e quer crescer em um ambiente que evolui junto com você, seu lugar pode ser aqui. Vem ser Bradesco!Show moreShow less",N/A,On-site/Hybrid,https://www.linkedin.com/jobs-guest/jobs/api/jobPosting/4443533144,2026-08-04
Data Scientist II,Banco Bradesco,"Osasco, São Paulo, Brazil",14 hours ago,"Sobre o BradescoA gente acredita no poder da confiança. Confiança que aproxima, orienta e transforma a vida das pessoas no dia a dia. Entrar no Bradesco é fazer parte de um momento real de transformação. Um ambiente que combina a solidez de uma história construída ao longo de décadas com a evolução constante de quem está sempre olhando para frente. Aqui, você encontra espaço para aprender, crescer e assumir protagonismo na sua trajetória, com apoio, estrutura e oportunidades que acompanham o seu desenvolvimento. Mais do que trabalhar em uma grande instituição, é sobre fazer parte de um time que impacta milhões de pessoas, contribui para o desenvolvimento do país e constrói, todos os dias, um futuro mais acessível e sustentável para a sociedade.Sobre a áreaCrédito: Responsável pela estruturação, gestão e evolução das soluções de crédito do banco, atendendo diferentes perfis de clientes e necessidades financeiras. Atua na definição de políticas, análise e concessão de crédito, equilibrando competitividade, rentabilidade e controle de riscos. Contribui para o crescimento sustentável do negócio e para a eficiência na alocação de capital.Como será seu dia a dia?Como Data Scientist II, você atuará na área de Crédito - Principal e Private e suas principais atividades serão:Desenvolver análises de clusterização para identificar perfis, padrões comportamentais e segmentos ideais para tomada de decisão;Construir, validar e recalibrar modelos de precificação na visão cliente, monitorando performance e realizando ajustes contínuos;Explorar grandes volumes de dados internos e externos para criação de features relevantes que aprimorem a qualidade dos modelos;Realizar análises de sensibilidade para avaliar impactos de mudanças nos parâmetros de precificação e nas condições de mercado sobre a demanda;Traduzir insights complexos em recomendações claras e acionáveis, garantindo entendimento dos stakeholders e contribuindo para estratégias de rentabilidade alinhadas à elasticidade da demanda.Modelo de trabalhoHíbrido - 3x PresencialUnidade: Osasco - SPPerfil que buscamosValorizamos quem entende o cliente em profundidade, trabalha em parceria e transforma conhecimento em entregas com impacto. Profissionais com senso de dono, consistência na execução e foco em resultado, que evoluem continuamente, compartilham aprendizados e usam tecnologia para transformar desafios em soluções relevantes para o negócio.RequisitosGraduação superior completa em áreas como Economia, Engenharia, Estatística, Matemática, Administração ou áreas correlatas;Conhecimento em conceitos, modelos de precificação e análise de rentabilidade;Vivência com Python, SQL e PySpark;Vivência com Databricks;Será um diferencial se você tiver:Conhecimento em SAS;Conhecimento em linguagem de programação R;Inglês nível intermediário;O que você encontra aquiCuidar de vocêPlano de saúde e odontológicoSeguro de vidaViva Bem: programa de saúde, bem-estar e qualidade de vidaTotalPassCrescer com vocêUniversidade corporativa Bradesco (Unibrad)Parcerias educacionaisSegurança para o seu futuroParticipação nos lucros ou Bônus (conforme a elegibilidade de cargo)Previdência privadaCondições especiais em produtos e serviçosIsenção de Tarifas: condições especiais em diversos produtos e serviçosApoio à sua vida e à sua famíliaVale alimentação e refeição13ª cesta alimentaçãoAuxílio creche ou babáLicença Maternidade de 180 dias, acompanhamento assistencial da gestação até o pós-partoLicença Paternidade estendida de 20 diasVale transporte opcionalTudo pensado para apoiar sua jornada de crescimento com equilíbrio, segurança e oportunidade.DiversidadeNo Bradesco, diversidade é valor e estratégia. Trabalhamos para construir um ambiente inclusivo e um quadro de colaboradores que reflita a diversidade da sociedade brasileira. Por isso, valorizamos pessoas com diferentes histórias e características, como gênero, raça, orientação sexual, deficiência, idade e outras dimensões da diversidade.Se você acredita na confiança como base para transformar, gosta de desafios e quer crescer em um ambiente que evolui junto com você, seu lugar pode ser aqui. Vem ser Bradesco!Show moreShow less",N/A,On-site/Hybrid,https://www.linkedin.com/jobs-guest/jobs/api/jobPosting/4448652176,2026-08-04
Cientista de Dados Pleno (Afirmativa para Mulheres),Itaú Unibanco,"São Paulo, São Paulo, Brazil",3 weeks ago,"O Itaú é a marca mais valiosa do Brasil, a melhor empresa para trabalhar segundo o Great Place to Work e o maior banco da América Latina. Nós impactamos diariamente mais de 98 milhões de clientes em 18 países.Somos feitos de pessoas e acreditamos que ter um time com pluralidade de origens, culturas, crenças, experiências, raças, deficiências, gêneros, orientações afetivo-sexuais e gerações ampliam as perspectivas e contribuem para um clima de respeito e valorização das diferenças.Responsabilidades e atribuiçõesBuscamos uma pessoaCientista de Dados Plenopara atuar na Comunidade de Inteligência Artificial (CIA), desenvolvendo soluções de Machine Learning tradicional e IA Generativa com foco em impacto real de negócio. Atuamos com problemas complexos, em escala, onde dados e IA são meios para gerar eficiência, apoiar decisões e entregar resultados mensuráveis. Procuramos alguém com atitude de dono, autonomia técnica e foco em entrega.Nessa função você vai:Desenvolver e evoluir modelos de Machine Learning tradicional e soluções de IA GenerativaProjetar e implementar aplicações com RAG, agentes e context engineering.Utilizar plataformas de GenAI e MLOps no ciclo de vida das soluções, de dev até prod.Realizar deploy e operação de modelos em prod, considerando escalabilidade, custo e confiabilidade.Trabalhar em parceria com engenharia e produto para garantir adoção e impacto das soluções.Contribuir tecnicamente com o time, apoiando decisões de arquitetura e boas práticas de IANo que você precisa mandar bem?Conhecimentos sólidos de PythonDomínio do uso de SQLConhecimento de serviços da AWS (Glue, Athena, Sagemaker, S3, ECS, Bedrock)Noções e/ou conhecimentos de Agentic AIBons conhecimentos de fundamentos de Machine Learning tradicionalAo se tornar um ituber você tem_Vale-TransporteVale-Refeição (Restaurantes) / Vale-Alimentação (Supermercados)Plano médico (Fundação Saúde ItaúouCentral Nacional Unimed)Plano odontológico (OdontoprevouInterodonto)Seguro de VidaPLR – Participação nos Lucros e Resultados (Mediante resultados do banco)Previdência privadaDescontos exclusivos em nossos produtos financeirosLicença maternidade e paternidade estendidaAuxílio Creche / Babá (para papais e mamães)Incentivo a estudosWellhub ou TotalPassAcesso aos Clubes de Lazer Itaú (Guarapiranga / Itanhaém e São Sebastião)+ Algumas vantagens que você pode conhecer durante o processo 😊Conheça mais sobre nossa cultura: https://www.itau.com.br/relacoes-com-investidores/noticias/cultura-itubers-e-nosso-novo-conjunto-de-valores/*Estimulamos candidaturas de pessoas com deficiência em todas as nossas posições, sendo assim, sinta-se à vontade para se candidatar em vagas sinalizadas como exclusivas ou não para pessoas com deficiência. Somos comprometidos com a inclusão e valorizamos a diversidade.#VemProItaú #VemSerItuberShow moreShow less",N/A,On-site/Hybrid,https://www.linkedin.com/jobs-guest/jobs/api/jobPosting/4434587282,2026-08-04
Cientista de Dados,LUZA Group,"São Paulo, São Paulo, Brazil",1 week ago,"Venha fazer parte de um ecossistema vivo onde o futuro dos negócios é criado e vivido todos os dias. Faça parte desta transformação!Na LUZA Group, a paixão, a perseverança e a vontade de superar limites definem o nosso caminho para o sucesso.Fundada em 2006, somos uma multinacional portuguesa com mais de 1.200 profissionais talentosos e um volume de negócios. Com presença em mercados estratégicos como Portugal, Espanha, Marrocos, Brasil, México, Estados Unidos e China, oferecemos soluções inovadoras em engenharia, TI, design, consultoria, Indústria 4.0, treinamento e recrutamento. Tudo o que fazemos é movido pelo talento de nosso povo.Este é um momento de crescimento e oportunidade. O futuro pertence a mentes visionárias. Junte-se a nós!Cientista de DadosObjetivo da posiçãoO(a) Cientista de Dados atuará no desenvolvimento de análises, modelosestatísticos e soluções de machine learning para apoiar a tomada de decisão,geração de valor para o negócio e evolução da Plataforma Auren de Dados & IA.A posição exige capacidade de transformar problemas de negócio em hipótesesanalíticas, experimentos, modelos e recomendações acionáveis, trabalhando deforma integrada com times de dados, tecnologia, negócio e governança. Espera-seatuação prática em todo o ciclo da solução, desde a definição do problema até avalidação, documentação e eventual industrialização em ambiente produtivo.ResponsabilidadesTraduzir necessidades de negócio em problemas analíticos e hipótesestestáveis.Conduzir análises exploratórias, estatísticas e preditivas para identificarpadrões, oportunidades, riscos e alavancas de valor.Desenvolver modelos de machine learning, incluindo classificação, regressão,clusterização, séries temporais, previsão e detecção de anomalias, quandoaplicável.Realizar preparação, limpeza, transformação e enriquecimento de dados paraanálises e modelagem.Selecionar, testar e comparar abordagens analíticas considerando acurácia,interpretabilidade, custo, escalabilidade e aplicabilidade ao contexto donegócio.Avaliar resultados de modelos e experimentos, propondo melhorias e ajustescom base em métricas técnicas e de negócio.Apoiar a definição de variáveis, features e datasets confiáveis para casos deuso analíticos e de IA.Trabalhar em conjunto com arquitetos de dados, engenheiros de dados,engenheiros de IA e áreas usuárias para viabilizar soluções de ponta a ponta.Documentar hipóteses, premissas, metodologias, resultados e limitações dasanálises e modelos desenvolvidos.Apoiar a transição de protótipos para soluções escaláveis e sustentáveis emambiente corporativo.Utilizar ferramentas de IA generativa e automação, quando apropriado, paraacelerar exploração, prototipação, geração de código e documentação,sempre com validação técnica.Requisitos técnicosExperiência com Python para análise de dados e desenvolvimento demodelos.Sólido conhecimento de SQL e manipulação de dados em bases estruturadas.Vivência com bibliotecas e frameworks como pandas, numpy, scikit-learn,matplotlib, seaborn ou equivalentes.Conhecimento de estatística aplicada, probabilidade, inferência estatística edesenho de experimentos.Experiência com técnicas de machine learning supervisionado e nãosupervisionado.Capacidade de interpretar métricas de desempenho de modelos e de traduzirresultados técnicos em linguagem de negócio.Conhecimento de boas práticas de organização de código, versionamento edocumentação.Familiaridade com ambientes de dados e plataformas analíticas corporativas.Capacidade de trabalhar com dados de múltiplas fontes, com atenção àqualidade, consistência e rastreabilidade.DiferenciaisExperiência com séries temporais, previsão de demanda, otimização,detecção de anomalias ou problemas de manutenção preditiva.Experiência com projetos em setores regulados, industriais ou deinfraestrutura crítica.Conhecimento de ferramentas de cloud e plataformas de dados modernas.Experiência com MLOps, versionamento de modelos e implantação emprodução.Vivência com IA generativa, embeddings, LLMs ou uso de ferramentas decopiloto para acelerar trabalho analítico.Experiência com visualização de dados e ferramentas de BI, como Power BI ousimilares.Conhecimento de técnicas de explicabilidade, interpretabilidade e AIreponsável.Perfil esperadoBuscamos um(a) profissional com raciocínio analítico forte, curiosidade intelectuale disciplina metodológica. A pessoa deve ter autonomia para investigar problemas,estruturar análises e sustentar conclusões com base em evidências.Espera-se capacidade de colaboração com perfis técnicos e de negócio, boacomunicação, organização e postura orientada a resultado. Também é importanteter maturidade para lidar com ambiguidade, priorizar o que gera valor e evoluirsoluções de forma incremental, sem perder rigor técnico.O que oferecemosWellhub;OnHappy;Sesc;Horário Flexível.Show moreShow less",N/A,On-site/Hybrid,https://www.linkedin.com/jobs-guest/jobs/api/jobPosting/4444791057,2026-08-04
Data Scientist II,Banco Bradesco,"Osasco, São Paulo, Brazil",14 hours ago,"Sobre o BradescoA gente acredita no poder da confiança. Confiança que aproxima, orienta e transforma a vida das pessoas no dia a dia. Entrar no Bradesco é fazer parte de um momento real de transformação. Um ambiente que combina a solidez de uma história construída ao longo de décadas com a evolução constante de quem está sempre olhando para frente. Aqui, você encontra espaço para aprender, crescer e assumir protagonismo na sua trajetória, com apoio, estrutura e oportunidades que acompanham o seu desenvolvimento. Mais do que trabalhar em uma grande instituição, é sobre fazer parte de um time que impacta milhões de pessoas, contribui para o desenvolvimento do país e constrói, todos os dias, um futuro mais acessível e sustentável para a sociedade.Sobre a áreaCrédito: Responsável pela estruturação, gestão e evolução das soluções de crédito do banco, atendendo diferentes perfis de clientes e necessidades financeiras. Atua na definição de políticas, análise e concessão de crédito, equilibrando competitividade, rentabilidade e controle de riscos. Contribui para o crescimento sustentável do negócio e para a eficiência na alocação de capital.Como será seu dia a dia?Como Data Scientist II, você atuará na área de Crédito - Negócios e suas principais atividades serão:Desenvolver análises de clusterização para identificar perfis, padrões comportamentais e segmentos ideais para tomada de decisão;Construir, validar e recalibrar modelos de precificação na visão cliente, monitorando performance e realizando ajustes contínuos;Explorar grandes volumes de dados internos e externos para criação de features relevantes que aprimorem a qualidade dos modelos;Realizar análises de sensibilidade para avaliar impactos de mudanças nos parâmetros de precificação e nas condições de mercado sobre a demanda;Traduzir insights complexos em recomendações claras e acionáveis, garantindo entendimento dos stakeholders.Modelo de trabalhoHíbrido - 3x PresencialUnidade: Osasco - SPPerfil que buscamosValorizamos quem entende o cliente em profundidade, trabalha em parceria e transforma conhecimento em entregas com impacto. Profissionais com senso de dono, consistência na execução e foco em resultado, que evoluem continuamente, compartilham aprendizados e usam tecnologia para transformar desafios em soluções relevantes para o negócio.RequisitosGraduação superior completa em Economia, Estatística, Engenharia, Matemática, Administração ou áreas correlatas;Conhecimento em modelos de precificação e análise de rentabilidade;Vivência com Python e SQL;Vivência com Databricks;Será um diferencial se você tiver:Inglês nível intermediário.O que você encontra aquiCuidar de vocêPlano de saúde e odontológicoSeguro de vidaViva Bem: programa de saúde, bem-estar e qualidade de vidaTotalPassCrescer com vocêUniversidade corporativa Bradesco (Unibrad)Parcerias educacionaisSegurança para o seu futuroParticipação nos lucros ou Bônus (conforme a elegibilidade de cargo)Previdência privadaCondições especiais em produtos e serviçosIsenção de Tarifas: condições especiais em diversos produtos e serviçosApoio à sua vida e à sua famíliaVale alimentação e refeição13ª cesta alimentaçãoAuxílio creche ou babáLicença Maternidade de 180 dias, acompanhamento assistencial da gestação até o pós-partoLicença Paternidade estendida de 20 diasVale transporte opcionalTudo pensado para apoiar sua jornada de crescimento com equilíbrio, segurança e oportunidade.DiversidadeNo Bradesco, diversidade é valor e estratégia. Trabalhamos para construir um ambiente inclusivo e um quadro de colaboradores que reflita a diversidade da sociedade brasileira. Por isso, valorizamos pessoas com diferentes histórias e características, como gênero, raça, orientação sexual, deficiência, idade e outras dimensões da diversidade.Se você acredita na confiança como base para transformar, gosta de desafios e quer crescer em um ambiente que evolui junto com você, seu lugar pode ser aqui. Vem ser Bradesco!Show moreShow less",N/A,On-site/Hybrid,https://www.linkedin.com/jobs-guest/jobs/api/jobPosting/4448642350,2026-08-04
Data Scientist III,Banco Bradesco,"Osasco, São Paulo, Brazil",20 hours ago,"Sobre o BradescoA gente acredita no poder da confiança. Confiança que aproxima, orienta e transforma a vida das pessoas no dia a dia. Entrar no Bradesco é fazer parte de um momento real de transformação. Um ambiente que combina a solidez de uma história construída ao longo de décadas com a evolução constante de quem está sempre olhando para frente. Aqui, você encontra espaço para aprender, crescer e assumir protagonismo na sua trajetória, com apoio, estrutura e oportunidades que acompanham o seu desenvolvimento. Mais do que trabalhar em uma grande instituição, é sobre fazer parte de um time que impacta milhões de pessoas, contribui para o desenvolvimento do país e constrói, todos os dias, um futuro mais acessível e sustentável para a sociedade.Sobre a áreaCRM: Gerencia estratégias de relacionamento com clientes por meio do uso de dados e inteligência analítica. Atua na segmentação de públicos e na personalização de ofertas, comunicações e jornadas, maximizando relevância e engajamento. Contribui para aquisição, fidelização e crescimento, apoiando decisões comerciais e a evolução da experiência do cliente.Como será seu dia a dia?Como Data Scientist III, você atuará na área de Insights e suas principais atividades serão:Estruturar dados para consumo analítico.Desenvolver pipelines.Trabalhar com Databricks.Desenvolver soluções utilizando Python.Organizar bases de dados.Garantir qualidade dos dados.Apoiar a migração para Cloud.Trabalhar junto às demais Squads.Modelo de trabalhoHíbrido - 1x PresencialUnidade: Osasco - SPPerfil que buscamosValorizamos quem entende o cliente em profundidade, trabalha em parceria e transforma conhecimento em entregas com impacto. Profissionais com senso de dono, consistência na execução e foco em resultado, que evoluem continuamente, compartilham aprendizados e usam tecnologia para transformar desafios em soluções relevantes para o negócio.RequisitosEnsino Superior Completo.Python.Engenharia de Dados.Databricks.Analytics.Será um diferencial se você tiver:CRM.Mercado Financeiro.Inglês intermediário.Conhecimento em Modelos de Propensão.O que você encontra aquiCuidar de vocêPlano de saúde e odontológicoSeguro de vidaViva Bem: programa de saúde, bem-estar e qualidade de vidaTotalPassCrescer com vocêUniversidade corporativa Bradesco (Unibrad)Parcerias educacionaisSegurança para o seu futuroParticipação nos lucros ou Bônus (conforme a elegibilidade de cargo)Previdência privadaCondições especiais em produtos e serviçosIsenção de Tarifas: condições especiais em diversos produtos e serviçosApoio à sua vida e à sua famíliaVale alimentação e refeição13ª cesta alimentaçãoAuxílio creche ou babáLicença Maternidade de 180 dias, acompanhamento assistencial da gestação até o pós-partoLicença Paternidade estendida de 20 diasVale transporte opcionalTudo pensado para apoiar sua jornada de crescimento com equilíbrio, segurança e oportunidade.DiversidadeNo Bradesco, diversidade é valor e estratégia. Trabalhamos para construir um ambiente inclusivo e um quadro de colaboradores que reflita a diversidade da sociedade brasileira. Por isso, valorizamos pessoas com diferentes histórias e características, como gênero, raça, orientação sexual, deficiência, idade e outras dimensões da diversidade.Se você acredita na confiança como base para transformar, gosta de desafios e quer crescer em um ambiente que evolui junto com você, seu lugar pode ser aqui. Vem ser Bradesco!Show moreShow less",N/A,On-site/Hybrid,https://www.linkedin.com/jobs-guest/jobs/api/jobPosting/4448328985,2026-08-04
Data Scientist I,Banco Bradesco,"Osasco, São Paulo, Brazil",1 week ago,"Sobre o BradescoA gente acredita no poder da confiança. Confiança que aproxima, orienta e transforma a vida das pessoas no dia a dia. Entrar no Bradesco é fazer parte de um momento real de transformação. Um ambiente que combina a solidez de uma história construída ao longo de décadas com a evolução constante de quem está sempre olhando para frente. Aqui, você encontra espaço para aprender, crescer e assumir protagonismo na sua trajetória, com apoio, estrutura e oportunidades que acompanham o seu desenvolvimento. Mais do que trabalhar em uma grande instituição, é sobre fazer parte de um time que impacta milhões de pessoas, contribui para o desenvolvimento do país e constrói, todos os dias, um futuro mais acessível e sustentável para a sociedade.Sobre a áreaSegurança Corporativa: Responsável pela proteção de pessoas, informações e ativos da instituição. Atua na prevenção, monitoramento e resposta a riscos e incidentes, garantindo a segurança física e corporativa. Contribui para a continuidade dos negócios e a integridade das operações, fortalecendo a resiliência e a proteção institucional.Como será seu dia a dia?Como Data Scientist I, você atuará na área de Plataforma Safer e suas principais atividades serão:Desenvolver estratégias de decisão e regras de negócio, garantindo eficiência e escalabilidade;Implementar e evoluir fluxos de decisão, assegurando aderência aos requisitos do negócio;Atuar com áreas de negócio e tecnologia na definição e implantação de soluções;Executar testes, homologações e análises de impacto, garantindo a qualidade das entregas;Acompanhar implantações em produção e promover melhorias contínuas nas estratégias e plataformas de decisão.Modelo de trabalhoHíbrido - 2x PresencialUnidade: Osasco/SPPerfil que buscamosValorizamos quem entende o cliente em profundidade, trabalha em parceria e transforma conhecimento em entregas com impacto. Profissionais com senso de dono, consistência na execução e foco em resultado, que evoluem continuamente, compartilham aprendizados e usam tecnologia para transformar desafios em soluções relevantes para o negócio.RequisitosFormação superior em Estatística, Matemática, Engenharia, Ciência de Dados, Economia ou áreas correlatas;Experiência com motores de decisão;Experiência com programação, SQL e python;Vivência em área de Prevenção a Fraude;Capacidade de traduzir regras de negócio em lógica sistêmica.Será um diferencial se você tiver:Vivência em implementação de regras de negócio;Conhecimento em DM - Motor de Decisão.O que você encontra aquiCuidar de vocêPlano de saúde e odontológicoSeguro de vidaViva Bem: programa de saúde, bem-estar e qualidade de vidaTotalPassCrescer com vocêUniversidade corporativa Bradesco (Unibrad)Parcerias educacionaisSegurança para o seu futuroParticipação nos lucros ou Bônus (conforme a elegibilidade de cargo)Previdência privadaCondições especiais em produtos e serviçosIsenção de Tarifas: condições especiais em diversos produtos e serviçosApoio à sua vida e à sua famíliaVale alimentação e refeição13ª cesta alimentaçãoAuxílio creche ou babáLicença Maternidade de 180 dias, acompanhamento assistencial da gestação até o pós-partoLicença Paternidade estendida de 20 diasVale transporte opcionalTudo pensado para apoiar sua jornada de crescimento com equilíbrio, segurança e oportunidade.DiversidadeNo Bradesco, diversidade é valor e estratégia. Trabalhamos para construir um ambiente inclusivo e um quadro de colaboradores que reflita a diversidade da sociedade brasileira. Por isso, valorizamos pessoas com diferentes histórias e características, como gênero, raça, orientação sexual, deficiência, idade e outras dimensões da diversidade.Se você acredita na confiança como base para transformar, gosta de desafios e quer crescer em um ambiente que evolui junto com você, seu lugar pode ser aqui. Vem ser Bradesco!Show moreShow less",N/A,On-site/Hybrid,https://www.linkedin.com/jobs-guest/jobs/api/jobPosting/4444476965,2026-08-04
Cientista de Dados,IBM,"São Paulo, São Paulo, Brazil",17 hours ago,"IntroductionUma carreira na IBM Consulting baseia-se em relacionamentos de longo prazo e colaboração estreita com clientes em todo o mundo.Você trabalhará com visionários de vários setores para melhorar a jornada da nuvem híbrida e da IA para as empresas mais inovadoras e valiosas do mundo. Sua capacidade de acelerar o impacto e fazer mudanças significativas para seus clientes é possibilitada por nosso ecossistema de parceiros estratégicos e nossas plataformas tecnológicas robustas em todo o portfólio da IBM, incluindo Software e Red Hat.A curiosidade e a busca constante por conhecimento são a base para o sucesso na IBM Consulting. Em sua função, você será incentivado a desafiar o padrão, investigar ideias fora de sua função e apresentar soluções criativas que resultem em um impacto inovador para uma ampla rede de clientes. Nossa cultura de evolução e empatia se concentra no crescimento profissional de longo prazo e nas oportunidades de desenvolvimento em um ambiente que valoriza suas habilidades e experiência únicas.Your Role And ResponsibilitiesEstamos em busca de um(a)Cientista de Dadospara atuar no desenvolvimento de soluções analíticas avançadas, transformando grandes volumes de dados em insights estratégicos e modelos preditivos que apoiem a tomada de decisão do negócio.O profissional será responsável por conduzir iniciativas de ciência de dados de ponta a ponta, desde a exploração e preparação dos dados até a implementação de modelos de machine learning e a criação de visualizações executivas para diferentes stakeholders.Principais ResponsabilidadesDesenvolver, validar e implementar modelos estatísticos e de Machine Learning para resolver problemas complexos de negócio.Realizar análises exploratórias de dados (EDA), identificando padrões, tendências e oportunidades de melhoria.Criar dashboards, relatórios e visualizações de dados utilizando ferramentas como Tableau, Matplotlib e Seaborn para comunicar resultados de forma clara e eficiente.Trabalhar em parceria com equipes multidisciplinares para traduzir necessidades de negócio em soluções analíticas escaláveis.Liderar decisões técnicas relacionadas à arquitetura de dados, modelagem estatística e seleção de algoritmos.Orientar e apoiar profissionais mais juniores, promovendo boas práticas de ciência de dados e engenharia analítica.Desenvolver pipelines de dados e colaborar com equipes de engenharia para operacionalização de modelos em ambientes produtivos.Monitorar o desempenho dos modelos implementados, propondo melhorias contínuas e garantindo sua eficácia ao longo do tempo.Aplicar técnicas avançadas de análise preditiva, classificação, regressão, clustering e processamento de dados em larga escala.Apresentar resultados e recomendações para stakeholders técnicos e executivos.Required Technical And Professional ExpertiseBacharelado em Ciência da Computação, Estatística, Matemática, Engenharia, Sistemas de Informação ou áreas correlatas.Experiência sólida em Ciência de Dados, Analytics e Machine Learning.Proficiência em Python, R e SQL.Experiência na criação de visualizações e storytelling com dados utilizando Tableau, Matplotlib e Seaborn.Forte conhecimento em estatística aplicada, modelagem preditiva e análise exploratória de dados.Experiência prática com algoritmos de aprendizado de máquina supervisionados e não supervisionados.Conhecimento em frameworks de Machine Learning e Deep Learning, incluindo:Scikit-LearnTensorFlowPyTorchCapacidade de liderar iniciativas técnicas e desenvolver soluções analíticas de ponta a ponta.Experiência trabalhando com grandes volumes de dados estruturados e não estruturados.Conhecimento em versionamento de código e boas práticas de desenvolvimento.Show moreShow less",N/A,On-site/Hybrid,https://www.linkedin.com/jobs-guest/jobs/api/jobPosting/4446249693,2026-08-04
Especialista Cientista de Dados I,PagBank,"São Paulo, São Paulo, Brazil",5 days ago,"Descrição da vagaQuando você pensa em carreira, o que vem à sua mente? Propósito? Colaboração? Ser protagonista para fazer a diferença? No PagBank temos tudo isso e muito mais. 💛Estamos em busca de pessoas que vistam a camisa com orgulho. Gente com vontade de facilitar a vida financeira das pessoas e impulsionar negócios!Tá a fim de uma carreira que rende mais?Confira essa oportunidade e #VemProPags!Responsabilidades e atribuiçõesLiderar e evoluir soluções avançadas de Analytics e Machine Learning aplicadas a risco (crédito, fraude, PLD e cobrança), conectando dados e modelos à estratégia do negócio.Pesquisar e propor novas abordagens e metodologias analíticas.Atuar como referência técnica em modelagem preditiva e engenharia de dados.Liderar tecnicamente projetos estratégicos de modelagem e Advanced Analytics.Desenvolver variáveis e modelos preditivos avançados para crédito, fraude e cobrança.Construir frameworks e boas práticas para desenvolvimento e monitoramento de variáveis e modelos.Traduzir problemas de negócio em soluções analíticas, atuando próximo a stakeholders.Contribuir em estudos de negócio, testes de hipóteses e iniciativas de IA e Machine Learning.Requisitos e qualificaçõesSuperior completo em Estatística, Matemática, Ciências da Computação, Engenharia ou áreas correlatas.Experiência avançada com Python, SQL e Spark, incluindo arquitetura de código, paralelização, otimização de performance e automações.Experiência com arquitetura e esteira de Machine Learning em larga escala (MLOps, Engenharia de Dados aplicada a ML e Feature Store).Experiência avançada com criação de book de target e book de covariáveis no universo de riscos (Feature Engineering e Feature Store).Experiência avançada com Machine Learning aplicado a risco de crédito, fraude, PLD e cobrança.Experiência com técnicas avançadas de Deep Learning, Machine Learning e Inteligência Artificial.Experiência com estratégias de mitigação de risco e previsão de comportamento de clientes a longo prazo.Conhecimento em GitHub.Informações adicionaisDiferenciais:Experiência com riscos ou áreas correlatas.Olá, somos o PagBank!Talvez você nos conheça por maquininhas ou comerciais que ficam na memória, mas somos muito mais!Todos os dias desenvolvemos produtos e soluções inspiradas pelo nosso propósito: facilitar a vida financeira das pessoas e negócios.Trabalhamos para transformar a forma como as pessoas lidam com dinheiro abrindo novas possibilidades para alcançarem seus sonhos.Como fazemos tudo isso?💛Com genteSomos um time que joga junto! Aqui valorizamos todas as diversidades, seja de raça/etnia, gênero, idade, origem, pessoa com deficiência, orientação afetivo-sexual, constituição familiar e estética.💛Com tecnologiaO espírito disruptivo e inovador está no nosso DNA: somos parte do Grupo UOL, empresa 100% brasileira, foi pioneira na internet e transforma a vida das pessoas desde 1996.💛Com uma só culturaTemos uma cultura forte e única, capaz de nos levar além, para continuarmos crescendo e perpetuando o nosso negócio.Somos um dos maiores bancos digitais do país e uma das fintechs mais rentáveis do segmento e certificados como um Excelente Lugar para Trabalhar pela Great Place to Work.Para vivenciar tudo isso, você terá um pacote completo de benefícios que fazem toda a diferença:Vale-alimentação e/ou refeição.Plano de saúde e odontológico.Seguro de vida.Parceria com TotalPass e ZenKlub.Licença maternidade e paternidade estendidas.Auxílio-creche.Descontos de até 50% em pós-graduação e MBA de grandes instituições, como FIA, FAAP e PUCRS.E tem mais:No dress code: o importante é você usar o que te faz bem.#TáDeParabéns: Day off no aniversário.Baby Gift: presente para recém-nascidos.Tá a fim de uma carreira que rende mais?Vem pro nosso time imbatível!#VemProPags.Show moreShow less",N/A,On-site/Hybrid,https://www.linkedin.com/jobs-guest/jobs/api/jobPosting/4418200168,2026-08-04
DATA SCIENTIST,Zurich Insurance,"São Paulo, São Paulo, Brazil",6 days ago,"About UsZurich Insurance Company is a leading provider of insurance products and services, committed to delivering innovative solutions and exceptional customer service. Our ZCAM (Zurich Customer Active Management) team turns customer data into practical business solutions to drive the implementation of our ambitious customer strategy. If you are a talented and experienced Data Scientist, passionate about transforming complex data into actionable insights and have a strong background in machine learning, agentic AI, and developing innovative solutions, we would love to hear from you.So make a difference. Be challenged. Be inspired. Be supported, Love what you do. Work for us.The opportunity: DATA SCIENTISTJob DescriptionThe Data Scientist will be responsible for designing, developing, and deploying advanced analytics solutions that power data-driven decisions across the Zurich organization. You will work with large-scale datasets, implement machine learning models in production environments, and leverage emerging AI technologies including LLMs to solve complex business problems. By combining technical excellence with business acumen, you'll help create a robust data foundation that drives innovation and growth.ResponsibilitiesDesign, develop, and deploy machine learning models, AI agents, LLM-based solutions, and analytics solutionsSource, collect and analyse new data sourcesWork closely with development teams to implement features into productionWork closely with business stakeholders to translate complex technical concepts into actionable business insightsResearch, prototype, and implement emerging AI/ML technologies, particularly in generative AI and modern data science toolsContribute to the development of data science roadmaps and architectural decisions for scalable analytics solutionsRequirementsUniversity degree in physics, math, computer science or a related fieldProfessional experience in related role and/or demonstrated competency (projects) utilizing relevant technologiesProficient in Python with experience building production systems.Strong foundation in unstructured data modeling, combining techniques such as OCR, LLM-based extraction, data format consistency, and regular expressions, along with software engineering best practices including version control, testing frameworks, and code documentation.Experience with machine learning tools in big data environmentsPractical experience with LLM APIs (OpenAI, Anthropic, etc.), prompt engineering, and response optimizationExperience with SQL/NoSQL databasesStrong problem-solving skills, analytical mind and attention to detailExcellent verbal and written communication skills including the ability to explain technical issues to a non-technical audiencePrior experience in financial institutions, consulting firms, or other similar industries is a plusAbility to quickly build Proofs of Concept (POCs), MVPs, and tests to demonstrate value and validate innovative solutions in an agile manner.Experience with dashboard and data visualization tools such as Power BI, Streamlit, or similar is a plus.Strong proficiency in both English and Portuguese is required, Spanish language skills are a plusAdditional InformationWe look forward to receiving your online application.Zurich wants to attract the best talent and we acknowledge that talents might not always be available full-time. At Zurich we will consider requests for flexible working. Many of our employees work flexibly in a variety of ways. Please talk to us during the interview about the flexibility you may need.EM SUA JORNADA A GENTE TE APOIA COM:Ambiente de trabalho acolhedor;Jornada de 7h30/dia.UniZurich (nossa Universidade Corporativa);Day Off de Aniversário;Equilíbrio Z (nosso programa de promoção da Saúde e Bem-estar);Convênios/Parcerias com Universidades, Instituições;Gympass;Assistência Médica Bradesco (extensivo a cônjuge e filhos);Assistência Odontológica Bradesco (extensivo a cônjuge e filhos);Auxílio Creche/Babá (R$ 460,00 – para filhos até 5 anos e 11 meses);Diferenciais nos produtos da Zurich (seguro de carro, seguro de vida etc.)Licença Parental (independente de estado civil, gênero ou orientação sexual, para filhos biológicos e/ou adotivos de qualquer idade);Seguro de Vida;PLR;Auxílio Home Office;Vale transporte ou reembolso Fretado;Previdência Privada (contribua com até 6% de seu salário que a Zurich aportará a mesma porcentagem);Vale Alimentação – R$ 805,83 ao mês;13º Vale Alimentação (dezembro);Vale Refeição – R$ 1.042,58 ao mês.Assistência Viagem Familiar (24 horas)Assistência funeral para grupo familiar (cônjuge, filhos, pais e sogros);Cesta Natalidade: valor de R$ 702,82 para despesas vinculadas ao nascimento.PreviJúnior, um plano de previdência complementar com um aporte único no valor de R$ 1.000,00.Assistência Pet (cães e gatos): Consultas, cirurgias, exames, assistência funeral e muito mais!Location: Brazil - São Paulo/SPShow moreShow less",N/A,On-site/Hybrid,https://www.linkedin.com/jobs-guest/jobs/api/jobPosting/4445784016,2026-08-04
Cientista de Dados II - Home,Serasa Experian,"São Paulo, São Paulo, Brazil",2 weeks ago,"Company DescriptionA Experian é uma empresa global de dados e tecnologia que impulsiona oportunidades para pessoas e empresas ao redor do mundo. Atuamos em diversos mercados, como serviços financeiros, saúde, automotivo, agronegócio, seguros, entre outros. A Experian investe em pessoas e em novas tecnologias avançadas para liberar o poder dos dados. Contamos com uma equipe incrível de 25.200 colaboradores em 32 países.Nossa singularidade é valorizar a sua. A cultura da Experian, centrada nas pessoas, inclusiva e orientada por propósito, é reconhecida por diversos prêmios — incluindo World’s Best Workplaces™ 2025 (Top 25 global da Fortune) e Great Place To Work™ em 26 países, entre outros. Confira o Experian Life nas redes sociais ou explore nosso site de carreiras para entender o porquê. A Experian também se orgulha de ser uma empregadora que promove igualdade de oportunidades e ação afirmativa.Job DescriptionDescrição do trabalhoEstamos Com Uma Oportunidade Em Analytics No Time De Data Intelligence, Sendo Esta Área Responsável Pela Análise e Estruturação De Dados e Desenvolvimento De Novas Features. Se Você Gosta De Estudar e Está Sempre Disposto a Buscar Novos Conhecimentos Aqui Pode Ser Seu Lugar. Trabalhamos Com Diferentes Tipos De Informação e Estamos Sempre Em Busca De Novas Fontes De Dados. Por Se Tratar De Uma Área Focada Em Desenvolvimento, é Extremamente Importante Que Você Seja Capaz De Inovar e Propor Novas Soluções. Para Isto, Ter Conhecimento Na Área Crédito, Cobrança Ou Seguros é Um Grande Diferencial. Dentre Suas Principais Atividades Do Dia a Dia, Podemos DestacarEstudo de novas fontes de dados;Estruturação de bases;Construção de variáveis baseadas em Feature Learning;Avaliação de performance e aderência de features em modelos de score;Criação de novas soluções para todos os segmentos de mercado a partir de técnicas estatísticas;Buscamos um profissional que possua conhecimento em manipulação de dados, modelagem estatística e Big Data. É necessário possuir ensino superior completo na área de exatas e ter conhecimento de programação em Python.Como perfil pessoal é importante que seja analítico, tenha capacidade para adaptar-se, seja proativo, tenha iniciativa e adore novos desafios.QualificationsQualificaçõesPythonPysparkManipulação de DadosFeature LearningMachine LearningSQLAdditional InformationA Serasa Experian é muito mais do que você imagina. Com o propósito de criar um futuro melhor, ampliando oportunidades para pessoas e empresas, no Brasil somos mais de 4 mil pessoas que atuam em diversos times e especialidades. Aqui, cada conhecimento e diversidade se complementa e você pode trabalhar no que mais ama, estamos comprometidos a construir uma cultura inclusiva e um ambiente no qual pessoas possam equilibrar a carreira com seus compromissos e interesses pessoais, prezando pelo bem-estar.A gente se dedica muito em ser uma das melhores e mais inovadoras empresas para se trabalhar do país, possibilitando experiências e carreiras incríveis para nossas pessoas. Nossa forte abordagem de pessoas em primeiro lugar é reconhecida externamente por meio de diversas certificações de mercado: fomos premiados pelo Great Place To Work™ em 24 países e pela certificação internacional Top Employers, além de sermos reconhecidos como uma das melhores empresas para jovens profissionais e contarmos com uma avaliação de 4,6 no Glassdoor. Cada reconhecimento nos indica que estamos no caminho certo, proporcionando um ambiente de trabalho cada vez melhor para nossos talentos.Experian Careers - Creating a better tomorrow togetherFind out what its like to work for Experian by clicking hereShow moreShow less",N/A,On-site/Hybrid,https://www.linkedin.com/jobs-guest/jobs/api/jobPosting/4443071814,2026-08-04
Data Scientist – Business Analytics & AI,Motorola Solutions,"São Paulo, São Paulo, Brazil",4 days ago,"Company OverviewAt Motorola Solutions, we believe that everything starts with our people. We’re a global close-knit community, united by the relentless pursuit to help keep people safer everywhere. We build and connect technologies to help protect people, property and places. Our solutions foster the collaboration that’s critical for safer communities, safer schools, safer hospitals, safer businesses, and ultimately, safer nations. Connect with a career that matters, and help us build a safer future.Department OverviewMotorola Solutions Video Security & Access Control (VS&A) provides trusted security technologies to organizations worldwide. Through brands including Avigilon, Pelco, IndigoVision, and Alta, we develop industry-leading video security, analytics, access control, and cloud-based solutions that protect people, property, and places. Safety and security are at the heart of everything we do as we advance our mission of ""Solving for safer"". As part of our commitment to continuous innovation, we are investing heavily in data, analytics, and artificial intelligence to build a more intelligent, responsive, and customer-centric organization.Job DescriptionWe are seeking aData Scientist – Business Analytics & AIto help shape the future of data-driven decision-making within our VS&A business unit. In this role, you will combine advanced analytics, AI technologies, and strong business acumen to translate complex customer, subscription, ERP, CRM, and financial datasets into actionable outcomes. You will work across enterprise platforms to build predictive models, leverage Large Language Models (LLMs), and implement solutions powered by Priority Intelligence™ and Assist to empower sales leaders and business partners.At Motorola Solutions, everything starts with our people. We foster an inclusive, people-first culture where curious minds are empowered to challenge assumptions, validate source logic, and explore the ""why"" behind the data. A successful candidate will thrive in navigating ambiguity, connecting technical workflows to operational outcomes, and delivering the Assisted Experience—augmenting human decision-making with intelligent insights. A Bachelor's degree or equivalent practical experience is valued across our team.Key ResponsibilitiesAdvanced Analytics & AI InnovationDesign and develop advanced analytical solutions and machine learning models that drive sales effectiveness, customer retention, and revenue growthEvaluate and implement Large Language Model (LLM) workflows and AI tools using Priority Intelligence™ frameworks to augment business decision-makingAnalyze customer lifecycle data, subscriptions, entitlements, assets, orders, and usage trends to uncover actionable insightsEnterprise Data Architecture & API IntegrationDevelop scalable data products and analytical frameworks across enterprise platforms including Salesforce, SAP, NetSuite, and OracleBuild REST APIs and data integrations that enable automated analytics workflows and seamless data accessPartner with Data Engineering teams to observe ETL pipelines, data lineage, and downstream impacts of transformationsBusiness Decision Support & ValidationValidate source system data and business logic to help to ensure analytical outputs accurately reflect operational realityInvestigate data anomalies, reconcile system discrepancies, and maintain data trustworthiness across business domainsCommunicate technical concepts, financial implications, and predictive insights to technical and non-technical stakeholdersBasic RequirementsBasic RequirementsBachelor's degree in Data Science, Computer Science, Statistics, Mathematics, Engineering, Economics, Finance, Accounting, or a quantitative field2+ years of experience in Data Science, Advanced Analytics, or Business IntelligenceJob RequirementsTechnical ExpertiseSQL & Relational Databases to write complex queries, aggregate enterprise datasets, and analyze database structuresPython Development to build analytics pipelines, machine learning models, automation scripts, and REST APIsREST API Integration to connect external data sources and automate analytical workflowsPredictive & ML Modeling to design statistical models, forecast trends, and analyze customer behaviorsEnglish Communication to articulate technical findings, explain business implications, and collaborate with global stakeholders in written and spoken EnglishProfessional ExperienceCross-System Analytics to analyze, evaluate, and synthesize complex datasets across enterprise ecosystemsProblem Solving to independently investigate ambiguous business challenges from concept through executionStakeholder Influence to translate analytical findings into clear business choices for leadership teamsPreferred Qualifications (Optional)Experience working with Large Language Models (LLMs), Generative AI, Retrieval Augmented Generation (RAG), vector databases, or AI-enabled analytics solutionsExperience working with Salesforce, SAP, NetSuite, Oracle, or similar enterprise platformsExperience with Tableau or enterprise visualization platformsUnderstanding of ETL pipelines, data architecture, and data modeling conceptsExperience supporting sales, finance, revenue operations, customer success, or go-to-market organizationsUnderstanding of revenue, bookings, subscriptions, renewals, customer hierarchies, and financial reportingExperience reconciling data across systems to identify root causes of data quality issuesExperience building and deploying production-grade analytical or machine learning solutionsTravel RequirementsNoneRelocation ProvidedNonePosition TypeExperiencedReferral Payment PlanYesEEO StatementMotorola Solutions is an Equal Opportunity Employer. All qualified applicants will receive consideration for employment without regard to race, color, religion or belief, sex, sexual orientation, gender identity, national origin, disability, veteran status or any other legally-protected characteristic.We are proud of our people-first and community-focused culture, empowering every Motorolan to be their most authentic self and to do their best work to deliver on the promise of a safer world. If you’d like to join our team but feel that you don’t quite meet all of the preferred skills, we’d still love to hear why you think you’d be a great addition to our team.Show moreShow less",N/A,On-site/Hybrid,https://www.linkedin.com/jobs-guest/jobs/api/jobPosting/4447255147,2026-08-04
Cientista de Dados Especialista I,Porto,"São Paulo, São Paulo, Brazil",6 days ago,"Descrição da vagaA área de Ciência de Dados da Porto atua junto às áreas de negócio da Vertical de Seguros para entregar soluções que superem as expectativas dos nossos clientes e parceiros. Nosso objetivo é fornecer análises e modelos assertivos que orientem a tomada de decisão, contribuindo para a simplificação, flexibilização e redução dos custos operacionais, sem comprometer a excelência dos nossos serviços.Responsabilidades e atribuiçõesParticipar da estruturação de problemas da operação, relacionando-os com tecnologias, modelagem estatística e matemática.Planejar, desenvolver e manter modelos de Machine Learning e séries temporais.Desenvolver e implementar modelos de Machine Learning aplicados a problemas reais de negócio.Explorar grandes volumes de dados para identificar padrões, tendências e oportunidades.Monitorar continuamente a performance dos modelos (drift, estabilidade e métricas técnicas e de negócio).Conduzir análises avançadas para direcionar decisões estratégicas.Comunicar resultados e insights por meio de visualizações claras e objetivas.Atuar em parceria com as áreas de negócio, traduzindo problemas em soluções analíticas de impacto.Auxiliar os times de operações na interpretação dos resultados e na recomendação de melhorias para os processos.Participar do processo de validação e implementação dos modelos desenvolvidos.Requisitos e qualificaçõesGraduação em Estatística, Engenharias, Economia, Matemática Aplicada, Ciência da Computação ou áreas correlatas.Experiência com análise exploratória de dados.Experiência com modelos preditivos, como Modelos Lineares, Regressão Logística, Random Forest, Boosting, entre outros.Experiência com modelos não supervisionados.Habilidade para se comunicar em ambientes colaborativos e multidisciplinares.Diferenciais:Mestrado ou Doutorado em Estatística, Economia ou áreas correlatas.Experiência com simulação de eventos discretos e otimização.Conhecimento em computação em nuvem.Informações adicionaisNossos benefícios e local de trabalho:Vale Alimentação e Refeição Flexíveis;Plano de Saúde;Plano Odontológico;Wellhub e TotalPass;Academia Bio Ritmo exclusiva para Colaboradores: no Complexo Matriz;Participação nos Lucros - PLR;Programa de Ações: Porto em Ação complementar à PLR até 2025;Quadras de Areia e Poliesportiva: no Complexo Matriz;Vale-Transporte;Serviços de Transporte de Vans; disponibilizadas nas principais estações de acesso à Porto (Luz, Barra Funda, Santa Cecília e Júlio Prestes);Licença Parental Estendida: até 40 dias para todas as configurações familiares;Licença Maternidade: Estendida de 6 meses;Ambulatório Médico com Especialidades: no Complexo Matriz e Barra Funda;Auxílio creche ou babá;Seguro de Vida;Previdência Privada: PortoPrev;Desconto em Produtos e Serviços;Bolsa de estudos: Reembolso para graduação, pós ou MBA;Corridas mensais: subsídio para as principais corridas de ruas de São Paulo;Reembolso para idiomas (inglês ou espanhol);Teatro Porto: sessões exclusivas para Colaboradores;Biblioteca;Sala de descanso: no completo Matriz;Salão de jogos: no completo Matriz;Serviços de massagem e podologia: no completo Matriz.Local de trabalho: Campos Elíseos – Centro de São Paulo – SPNa Porto, Você Importa!A Porto é muito mais que uma seguradora: é um ecossistema gigante que utiliza tecnologia para criar soluções, através de quatro verticais de negócio:Porto Bank, Porto Saúde, Porto Seguro e Porto Serviço.A reputação e o reconhecimento conquistados ao longo de mais de 80 anos reforçam o tamanho da Porto, uma empresa referência em negócios, feita para e por pessoas.Aqui, bate no peito de 13 mil colaboradores oorgulho de fazer parte de uma organização sólida e ética,que transforma sonhos em realidades fantásticaspara os nossos mais de 18 milhões de clientes. São mais de 101 sucursais e escritórios regionais em todo o Brasil.O aprendizado faz parte do nosso DNA, e aqui, você teráincentivos, ferramentas e gente boa para você aprender e crescer, a cada dia,um ambiente de acolhimento e segurança, onde cada um possa ser e se orgulhar de quem se é, promovendo um espaço de respeito evivendo de forma integral e com bem-estar, em uma empresa genuinamente humana.DIVERSIDADE & INCLUSÃO NA PORTONa Porto, valorizamos a diversidade e acreditamos que um time plural é essencial para o desenvolvimento do nosso negócio, da sociedade e de cada indivíduo. Afinal, a inovação nasce de visões únicas!Juntos, trabalhamos diariamente para construir um espaço seguro, livre e respeitoso. Por isso,incentivamos fortemente a candidatura de mulheres, pessoas negras e indígenas, pessoas com deficiência e pessoas LGBTQIA+em todas as nossas vagas.Show moreShow less",N/A,On-site/Hybrid,https://www.linkedin.com/jobs-guest/jobs/api/jobPosting/4446514281,2026-08-04
Cientista de dados,dr.consulta,"São Paulo, São Paulo, Brazil",3 days ago,"Buscamos um(a) Data Scientist analítico(a), proativo(a) efocado(a) em resolução de problemas para transformar dados em inteligência denegócio. Nesta função, você liderará o ciclo de vida completo de modelos preditivos eanálises estatísticas, desde a extração de dados no Google Cloud Platform (GCP) atéa entrega de insights acionáveis em dashboards e a implementação de soluções deMachine Learning.Principais Responsabilidades:• Desenhar, executar e mensurar testes A/B rigorosos para validar hipótesesde produtos e campanhas.• Desenvolver e implantar modelos de Machine Learning em produção.• Analisar grandes volumes de dados de usuários do nosso aplicativo paramapear a jornada do cliente, identificar gargalos e propor melhorias contínuas.• Auxiliar os times de negócios na avaliação de produtos, impulsionando umatomada de decisão orientada a dados (data-driven).• Colaborar ativamente com engenheiros de dados e stakeholders de negócios,garantindo a qualidade e a governança dos dados.Requisitos Técnicos:• Sólida experiência em programação com Python, incluindo bibliotecas deanálise/manipulação de dados (Pandas, NumPy) e frameworks de MachineLearning (scikit-learn, TensorFlow/PyTorch).• Domínio de SQL para extração e transformação de dados em bancosrelacionais e analíticos.• Conhecimento avançado em Estatística e Modelagem Matemática(inferência estatística, testes de hipóteses para validação de testes A/B,regressões e distribuições de probabilidade).• Experiência prática com ecossistema de Cloud (preferencialmente GCP, ouAWS/Azure).• Experiência na construção de dashboards interativos e storytelling comdados utilizando ferramentas como Tableau, Looker Studio ou Power BI.• Conhecimento em versionamento de código (Git/GitHub).Diferenciais:• Conhecimento em pipelines de MLOps e ferramentas de orquestração (ex:Airflow, Kubeflow).• Familiaridade com ferramentas de analytics de produto (Firebase, AppsFlyer,Google Analytics 4).• Conhecimento em metodologias ágeis (Scrum/Kanban).Oferecemos um pacote de benefícios completo para cuidar de você:🩺 Assistência Médica oferecida conforme a sua elegibilidade🍽️ Vale Refeição e 🛒 Vale Alimentação para suas refeições diárias💪 TotalPass para cuidar do seu bem-estar físico🚌 Vale Transporte para facilitar seu deslocamento👶 Auxílio Creche, conforme CLT, para apoio na educação infantil💳 Cartão Dr. Consulta com vantagens exclusivas em saúdeShow moreShow less",N/A,On-site/Hybrid,https://www.linkedin.com/jobs-guest/jobs/api/jobPosting/4445528637,2026-08-04
Cientista de Dados - Seg. da Informação,Einstein Hospital Israelita,"São Paulo, São Paulo, Brazil",1 week ago,"Sobre nósCom mais de 70 anos de existência, o Einstein Hospital Israelita ainda mantém uma premissa: inovar e crescer, sempre com excelência. Ajudamos a salvar vidas, difundir o conhecimento em educação, prevenção e inovação em saúde. Além da atuação em setores assistenciais, temos oportunidades na área de Inovação, Tecnologia, Pesquisa, Ensino, entre outras. Seguimos oferecendo qualidade, afirmando nosso compromisso com a Responsabilidade Social e com o propósito de levar uma gota de Einstein para cada cidadão. Valorizamos a diversidade e inclusão de todos os talentos e buscamos profissionais que compartilhem deste mesmo propósito!Informações sobre a oportunidadeLocal de trabalho: Faria Lima - SPHorário: 08h às 18hÁrea de trabalho: Canais Digitais e Seg. da InformaçãoModelo: Híbrido - 2x presencialSumárioBuscamos Cientista de Dados para atuar em um time de pesquisa e sustentação de Segurança da Informação e Segurança de IAs. A pessoa aplicará matemática, estatística, machine learning e mineração de dados para identificar padrões, avaliar riscos, apoiar decisões estratégicas e desenvolver soluções analíticas para problemas específicos de segurança — do monitoramento de ameaças à avaliação de vulnerabilidades em modelos de IA. Perfil investigativo, com forte capacidade de tradução entre dados e negócio e comunicação eficaz para públicos técnicos e executivosResponsabilidadesModelar e analisar fluxos complexos de segurança: logs, ameaças, resposta a incidentes e datasets para segurança ofensiva.Avaliar qualidade de dados e riscos de IA generativa (alucinações, prompt injection, manipulação de contexto, uso inadequado de ferramentas).Extrair, tratar e organizar grandes volumes de dados estruturados, semi-estruturados e não estruturados de múltiplas fontes.Desenvolver modelos preditivos e prescritivos aplicados a segurança e a decisões institucionais.Projetar experimentos estatísticos e algoritmos de análise para identificar padrões, tendências e oportunidades.Comunicar previsões e resultados por meio de visualizações e storytelling para públicos técnicos e executivos.Recomendar mudanças em procedimentos e estratégias com base em evidências analíticas.RequisitosGraduação completa em Estatística, Matemática, Computação, Dados ou áreas correlatas.Inglês avançado.Conhecimento em IA generativa: transformers, diffusion, foundational agents e feedback loops.Experiência com técnicas de ataque a IAs.Deep learning e reinforcement learning (CNN, RNN, GAN, Q-learning, TD-learning, algoritmos genéticos).Otimização (Gurobi) e experiment design (A/B, bootstrapping, estatística bayesiana, SMART).Bancos NoSQL (Cassandra, MongoDB) e ecossistema Hadoop (Spark, Kafka, Hive, HDFS).Controle de versão (Git), debugging, testing e model deploy.Conhecimentos TécnicosSegurança de IA: Databricks AI Security Framework (DAIF), OWASP Top 10 LLM/Agentic, guardrails e data poisoning.Segurança geral: ISO 27001, NIST CSF, OWASP Top 10, security by design, threat modeling, S-SDLC e DevSecOps.Matemática e estatística: cálculo multivariável, álgebra linear, estatística descritiva/inferencial, probabilidade e testes de hipótese.Programação em Python, R, SQL e bibliotecas para Data Science (TensorFlow, Keras, NumPy, Pandas, Tidyverse).Machine Learning supervisionado e não supervisionado (decision trees, random forest, SVM, redes neurais, clustering, PCA, SVD).Data wrangling, queries em bancos relacionais e visualização (Matplotlib, Seaborn, ggplot, Shiny).Comunicação, visualização e storytelling com dados para diferentes públicos.Etapas do Processo seletivoAnálise curricularEntrevista com RH e áreaEntrevista técnica se necessárioEntrevista com GestorEinstein Benefícios – Compartilhando Bem-EstarCuidados com a saúde:Programa Cuidar com serviços realizados no Einstein para promover a saúde e bem-estar dos colaboradores e dependentes, Clínicas Einstein, Telemedicina, Convênio Farmácia, Convênio Médico, Assistência Odontológica e Consultório Dental in Company.Bem-Estar:Wellhub (Gympass), TotalPass, Coral, Programa de Orientação Pessoal e SESC.Para você e sua família:Licença paternidade estendida, Seguro de Vida, Creche ou Auxílio Creche para mães ou pais com guarda legal, Auxílio para Filhos com Deficiência e Previdência Privada com taxa zero.Alimentação:Vale Alimentação, Vale Refeição ou Refeitório no local de trabalho.Mobilidade:Vale Transporte, Fretado, Estacionamento, Aplicativo de Caronas e Circular Metrô.Clube de Benefícios:Para economizar e obter vantagens nas compras de produtos e serviços de diversas categorias, como Beleza e Fitness, Comer e Beber, Compras, Cultura e Lazer, Educação Ensino Einstein, Turismo e muito mais.Programa Mais Conectados:Trabalho remoto nas modalidades Teletrabalho ou Híbrido conforme atividade e área de atuação.**Os benefícios podem sofrer alteração de acordo com a convenção coletiva, unidade de trabalho e políticas vigentes.IMPORTANTE: Para sua segurança, esclarecemos que o Einstein não cobra valores para participação em processos seletivos e não exige a realização de cursos ou pagamentos de qualquer natureza como condição para candidatura às nossas oportunidades. Em caso de dúvidas, consulte nossos canais oficiais.Show moreShow less",N/A,On-site/Hybrid,https://www.linkedin.com/jobs-guest/jobs/api/jobPosting/4441543655,2026-08-04
Cientista de dados pleno,HUPDATA,"São Paulo, São Paulo, Brazil",10 months ago,"Nesta função, você trabalhará para grandes empresas, conduzindo análises aprofundadas de dados, para resolver problemas reais de clientes. Você trabalhará com equipes para coletar, agregar, combinar, consolidar e confirmar dados quanto à qualidade e precisão. Aplicar modelos de algoritmos estatísticos, como séries temporais, análise de sobrevivência, regressão, árvore de decisão, médias K e redes neurais, etc., para compreender e prever eventos de negócios. Desempenhar um papel fundamental nas equipes de Customer Analytics responsáveis pela implementação de uma estratégia de ponta baseada em dados para nossos clientes.Importante: morar em São Paulo ou arredores, com facilidade para ir para SP.Disponibilidade para viagens para ministrar treinamentos, workshops, realizar apresentações técnicas para clientes.Atividades:Coletar, limpar e pré-processar dados de diversas fontes, garantindo a qualidade para a análise.Desenvolver e implementar modelos de Machine Learning para resolver problemas de negócio.Realizar análises estatísticas para identificar padrões, tendências e insights valiosos.Criar dashboards e visualizações claras e eficientes para comunicar os resultados a times não técnicos.Ministrar treinamentos e workshopsRealizar apresentações.Elaborar propostas de solução.Requisitos Técnicos (Hard Skills)Formação: Graduação em Estatística, Matemática ou Ciência da Computação.Programação: Proficiência em Python ou R, com experiência em bibliotecas como Pandas, NumPy, Scikit-learn.Bancos de Dados: Experiência com SQL e conhecimento de bancos de dados relacionais e/ou não-relacionais.Modelos de Machine Learning: Experiência prática com:Modelos de classificação e regressão (ex: Árvores de Decisão, Random Forest, Regressão Logística).Modelos de aprendizado não supervisionado (ex: K-Means, DBSCAN) para segmentação.Conhecimento de modelos de séries temporais (ex: ARIMA, Prophet) para previsão de demanda.LLM: familiaridade com Large Language Models (LLMs) (ex: GPT, BERT) e técnicas de prompt engineering.Visualização de Dados: Experiência com ferramentas como Tableau e/ou Power BI.Conhecimento de plataformas de nuvem: AWS, Google Cloud e/ou Azure.Diferencial:conhecimento em KNIME.Habilidades Comportamentais (Soft Skills)Proatividade e Resolução de Problemas: Foco em encontrar soluções eficientes e propor novas abordagens para os desafios.Comunicação Efetiva: Capacidade de traduzir resultados técnicos em insights claros e acionáveis para públicos não técnicos.Colaboração e Trabalho em Equipe: Disposição para trabalhar de forma integrada com engenheiros de dados, desenvolvedores e gerentes de projeto.Pensamento Crítico e Foco em Resolução de Problemas: Curiosidade para entender a raiz dos problemas de negócio e a capacidade de pensar em soluções criativas e pragmáticas.Orientação a Resultados e Responsabilidade: Comprometimento com a entrega de soluções no prazo, com foco em agregar valor real ao negócio.Adaptação e Aprendizado Contínuo: Capacidade de se manter atualizado com novas tecnologias e metodologias em um ambiente de rápida evolução.Show moreShow less",N/A,On-site/Hybrid,https://www.linkedin.com/jobs-guest/jobs/api/jobPosting/4305935073,2026-08-04
Grupo QuintoAndar | Staff Data Scientist (Women Applicants Only),QuintoAndar,"São Paulo, São Paulo, Brazil",1 week ago,"About Grupo QuintoAndarWe are Grupo QuintoAndar, the largest real estate ecosystem in Latin America. Guided by a shared purpose of helping people love where they live, we have a diversified portfolio of brands and solutions across different countries in Latin America, covering all phases of the housing journey. We also have a Technology Hub in Portugal. We develop technology and innovation to transform and enhance the overall living experience.With the support of a world-class team of investors and advisors, including Kaszek, Qualcomm, General Atlantic, and SoftBank, Grupo QuintoAndar is currently valued at over USD 5.1 billion and continues to grow year over year.Here, you will work with top professionals in the market, in an environment that breathes innovation, collaboration, and high performance. To learn more about our story, visit: https://grupoquintoandar.com/pt/.Why is this a diversity-focused position for women?At QuintoAndar Group, we are committed to promoting gender diversity across our teams. We want to see more women in strategic positions within our technical teams, and we believe we can achieve this through intentional opportunities and actions. This is part of a larger plan to strengthen an equitable culture across multiple aspects. It is worth noting that for this vacancy, our selection process has not undergone any changes in terms of stages or evaluation methods.Location & Remote WorkOur technology team operates under a ""remote-first"" model, which means we work from home and can live anywhere in Brazil. We also offer the option of working from our São Paulo offices or partner coworking spaces, up to twice a week.Hiring Process StagesThe stages of our hiring processes aim to assess your experiences and allow you to meet our teams and explore career opportunities. They are structured as follows:ApplicationInterview with RecruiterTech ScreeningTechnical Interviews with Data TeamOfferAbout the AreaIn our Data Science team, you'll have the chance to work as a part of our product squads delivering features that enrich our product and a first class experience that we are known for. You'll work alongside brilliant minds, with different skills: Product Managers, Designers, UX Writers, Data Scientists, Machine Learning Engineers, Software Engineers, etc. Be prepared for the job of your life - hard challenges, high expectations, intelligent life at work, meaningful conversations, outstanding productivity. Some of the specific problems we work in the Data Science team include search and recommendation systems; customer experience enhancement using ML such as in automatic routing of tickets; pricing, liquidity and credit models; building a platform that enables us to develop and deploy all those solutions.ResponsibilitiesArchitect, develop and deploy machine learning systems to production. The main use cases are related to chatbots and search.Design and execute experiments.Analyze a wide variety of data (structured and unstructured, observational and experimental) to improve current models or create new onesApply the scientific method to develop LLM-powered applications, including testing different prompts, exploring and understanding LLM capabilities, evaluating agents and prompts, assessing AI application guardrails, and building PoCs to validate the feasibility of generative AI for product features.Participate actively in discussions and decisions regarding the whole Data Science chapter (Guilds, Design Reviews, Demos, etc.)What we are looking for:People that are seeking to learn and deliver real impact through Data ScienceExpert knowledge of machine learning concepts: regression and classification, clustering, neural networks, feature selection, cross-validation, curse of dimensionality, bias-variance tradeoff, model explainability, etc.;Good understanding of the engineering challenges to deploy machine learning systems to production;Proficiency in Python;Some knowledge or experience with Deep LearningExperience with technical advice for other data scientists (technical leadership);Excellent written and verbal technical communication skills. We're looking for someone who loves Data Science & Machine Learning and is willing to share his/her knowledge with the other members of the Data Science Chapter;Good English skills (verbal and written) is mandatory.You'll stand out if you:Have a MSc. (or Undergrad + intense experience) in machine learning, data science, information retrieval, ranking systems, recommender systems, natural language processing or other relevant fields.Have experience with applied generative AI: AI agents, prompt engineering, LLMs finetuning (lora, qlora, peft), LLM routing, LLM monitoring, LLM guardrailsHave experience working at fast-growing startups.ImportantOur hiring process starts with the application! If you truly want to be part of our team, please complete this step of the process. We analyze all candidates individually and provide feedback to all applicants.All communication will be conducted via email, so please stay tuned for our messages and release the domain @quintoandar.com.br to ensure our emails are not sent to spam.BenefitsCompetitive salaryProfit sharingMeal allowanceHealth insuranceDental planLife insuranceChildcare subsidy and Atypical Parenthood subsidyWellhubHome office allowanceEmployee assistance program (mental health, social, legal, and financial support)Extended parental leaveDay off on birthday, Mother's Day, and Father's DayBenefits Club (discounts on everyday services)Discounts at educational institutionsReading kit for children – PlayKidsDiversity & Inclusion at Grupo QuintoAndarWe value diversity and want everyone to feel welcome here, regardless of their age, gender identity, sexual orientation, race, color, ethnicity, origin, disability, religion, or any other characteristic. All our job openings are open to all individuals! You'll notice there are some diversity questions in the application form. For affirmative action roles, this information may be used to verify your alignment with the target audience for the opportunity. In such cases, it may be used for elimination purposes. For non-affirmative action roles, this data will be used anonymously, exclusively to monitor and improve our inclusion practices in the hiring process, and will have no impact on your application.Privacy and Data ProtectionThe Grupo QuintoAndar operates in compliance with privacy and data protection laws, including, but not limited to, the Brazilian General Personal Data Protection Law (LGPD) (Law No. 13,709/2018), and ensures the security of your data. To learn more, please access our Privacy Notice for Candidates. For questions or to exercise your rights as a data subject, please contact us through our Service Channel.Show moreShow less",N/A,Remote,https://www.linkedin.com/jobs-guest/jobs/api/jobPosting/4437703293,2026-08-04
Cientista de Dados CRM | CLT - Híbrido,Newbacon,"São Paulo, São Paulo, Brazil",1 week ago,"Na Newbacon, dados bem utilizados criam oportunidades, otimizam decisões e aceleram resultados. Buscamos um(a)Cientista de Dadoscom olhar analítico, espírito investigativo e vontade de transformar dados em soluções reais que geram impacto mensurável no nosso negócio e nos dos nossos clientes.Você fará parte de um time multidisciplinar, atuando lado a lado com BI, Dados, Planejamento e Operações. Sua missão: desenvolver e implementar soluções de IA, modelos preditivos, inferências estatísticas e experimentações robustas que impulsionam produtos, processos e decisões, do desenho da hipótese à entrega em produção.Dados orientam. Modelos preveem. Decisões aceleram.Modelo de Contratação:CLTRegime de Trabalho:HÍBRIDO | 3 dias presenciais (Zona Sul de São Paulo)﻿Principais Atividades:Analisar grandes volumes de dados para identificar padrões, tendências e oportunidades;Criar e escalar modelos de machine learning e inferência causal, do conceito à aplicação prática;Desenvolver e implementar soluções avançadas de Inteligência Artificial;Colaborar com os times de engenharia de dados, BI, web e planejamento para garantir a correta aplicação dos modelos;Construir pipelines automatizados e escaláveis para análise, reporting e machine learning;Participar de todo o ciclo de vida dos modelos, desde pesquisa até o deployment em produção;Aplicar boas práticas de versionamento, testes e MLOps;Testar e ajustar modelos, com foco na melhoria contínua de performance;Traduzir insights técnicos para stakeholders não técnicos, com clareza e objetividade;Contribuir com o fortalecimento da cultura data-driven na organização.Requisitos:Graduação em Ciência de Dados, Estatística, Matemática, Computação ou áreas afins;Sólido conhecimento em estatística, modelagem preditiva e machine learning;Experiência com Python, Scikit-learn, TensorFlow ou PyTorch;Proficiência em SQL e manipulação de grandes volumes de dados;Conhecimento de visualização com Power BI ou Tableau;Habilidade com algoritmos supervisionados, não supervisionados e deep learning.Habilidades:MS SQLDatabricksFerramentas de orquestração (Airflow)PythonEstatísticaLinuxDockerShow moreShow less",N/A,On-site/Hybrid,https://www.linkedin.com/jobs-guest/jobs/api/jobPosting/4442874622,2026-08-04
Pessoa Engenheira de dados e IA,Volkswagen do Brasil,"São Paulo, São Paulo, Brazil",1 month ago,"É responsável por projetar, construir e manter sistemas que coletam, armazenam e processam grandes volumes de dados. Eles garantem que os dados sejam acessíveis e utilizáveis para análise.Responsabilidades e atribuiçõesDesenvolve, programa e treina redes de algoritmos que compõem a IAUtiliza técnicas de aprendizado de máquina e processamento de linguagem naturalCria modelos de IA que resolvem problemas complexosIntegra sistemas inteligentes em aplicações reais, como assistentes virtuaisUtiliza redes neurais de aprendizado profundo (Deep Learning)Coleta, armazena e gerencia grandes conjuntos de dadosGarante a acessibilidade, integridade e segurança dos dadosDesenvolve pipelines de dados eficientesIntegra fontes de dados heterogêneasGarante que os dados estejam prontos para análises posterioresRequisitos e qualificaçõesFormação superior em Ciência da Computação, Sistemas de Informação, Estatística, Matemática, Engenharia de Dados e Inteligência ArtificialDesejável Pós-graduação em Inteligência Artificial, Machine Learning ou Ciência de DadosMandatório inglês avançado ou fluenteDesenvolvimento de Software: Java, NodeJS, PythonCloud Computing: AWS ou GCPCiência de Dados: Análise e modelagem de dadosEngenharia de Dados: Construção e otimização de pipelines de dadosProcessamento de Linguagem Natural (NLP): Técnicas de NLPVisão Computacional: Algoritmos de visão computacionalTrabalho em Equipe: Capacidade de colaborar efetivamente com colegas.Comunicação: Habilidades para transmitir ideias e resultados de forma clara.Resolução de Problemas: Abordagem proativa para identificar e solucionar desafios.Adaptabilidade: Flexibilidade para se ajustar a novas tecnologias e metodologias.Pensamento Analítico: Capacidade de analisar dados e tomar decisões informadas.Informações adicionaisNome do Cargo:Pessoa Engenheira de dados e IALocal de trabalho:Atuação Híbrida 3x na semana presencialShow moreShow less",N/A,On-site/Hybrid,https://www.linkedin.com/jobs-guest/jobs/api/jobPosting/4428298801,2026-08-04
Data Scientist (Python + AI) - Remote Work | REF#298155,BairesDev,"São Paulo, São Paulo, Brazil",1 week ago,"At BairesDev®, we've been leading the way in technology projects for over 15 years. We deliver cutting-edge solutions to giants like Google and the most innovative startups in Silicon Valley.Our diverse 4,000+ team, composed of the world's Top 1% of tech talent, works remotely on roles that drive significant impact worldwide.When you apply for this position, you're taking the first step in a process that goes beyond the ordinary. We aim to align your passions and skills with our vacancies, setting you on a path to exceptional career development and success.Data Scientist (Python + AI) at BairesDevAs a Data Scientist (Python + AI), you will develop predictive models and AI solutions using Python and machine learning frameworks. You will translate complex data into actionable insights, helping the organization leverage advanced analytics and generative AI to drive strategic decision-making.What You'll DoDesign, build, and deploy machine learning models and AI solutions to solve complex business problems.Clean and preprocess large datasets from diverse sources to ensure data quality and consistency for modeling.Perform exploratory data analysis to identify trends, patterns, and anomalies that inform business strategy.Integrate LLM APIs and generative AI capabilities into existing workflows and data products.Collaborate with cross-functional teams to define challenges and deliver data-driven recommendations to stakeholders.Develop and maintain interactive dashboards and reports to visualize model performance and business impact.What We Are Looking For4+ years of experience in Data Science, Machine Learning, or a related analytical field.Proven expertise in developing predictive models and AI solutions using Python and SQL.Extensive experience with machine learning frameworks such as scikit-learn, PyTorch, or TensorFlow.Strong hands-on experience working with LLM APIs and integrating Generative AI into data workflows.Ability to translate complex datasets into actionable business insights and analytical solutions.Advanced proficiency in English.How we do make your work (and your life) easier:100% remote work (from anywhere).Excellent compensation in USD or your local currency if preferredHardware and software setup for you to work from home.Flexible hours: create your own schedule.Paid parental leaves, vacations, and national holidays.Innovative and multicultural work environment: collaborate and learn from the global Top 1% of talent.Supportive environment with mentorship, promotions, skill development, and diverse growth opportunities.Join a global team where your unique talents can truly thrive and make a significant impact!Apply now!#BD-PRIO-2026Show moreShow less",N/A,Remote,https://www.linkedin.com/jobs-guest/jobs/api/jobPosting/4440863116,2026-08-04
Cientista de Dados II,A.C.Camargo Cancer Center,"São Paulo, São Paulo, Brazil",6 days ago,"Tem vaga no A.C.Camargo!Você já imaginou fazer parte de uma Instituição com mais de 73 anos de história, que impacta a sociedade todos os dias?No A.C.Camargo Cancer Center, vamos além do tratamento do câncer. Unimos assistência, ensino e pesquisa para transformar vidas.Nossa missão é não só cuidar dos pacientes, mas também gerar e compartilhar conhecimento, oferecendo um ambiente de crescimento e oportunidades igualitárias para nossos profissionais.Contamos com um time de 5.000 pessoas que fazem daqui um dos “Lugares Mais Incríveis para Trabalhar”, segundo a FIA | Estadão.Confira as especificações da vaga e envie seu currículo.Junte-se a nós e faça parte dessa história de transformação.ResponsabilidadesDesenvolver e Escalar Modelos Analíticos: Conceber, treinar e aperfeiçoar modelos preditivos e de machine learning para transformar dados de saúde em insights aplicáveis, focando em otimização contínua;Assegurar que os modelos estejam adequadamente escalonáveis para diferentes necessidades e sejam mantidos com dados atualizados e de alta qualidade;Liderar Projetos Multidisciplinares de Ciência de Dados: Atuar como líder técnico em projetos multidisciplinares, colaborando com as áreas clínicas, operacionais e de TI para definir problemas, estabelecer objetivos e monitorar o progresso;Interpretar e alinhar resultados de análises para garantir que as soluções atendam às necessidades clínicas e operacionais específicas;Desenvolver e Integrar Produtos de Dados Avançados: Criar produtos de dados sofisticados, como dashboards analíticos e sistemas preditivos, que auxiliem na pesquisa clínica, otimização de processos e melhoria da qualidade do atendimento ao paciente; Colaborar com stakeholders para definir requisitos e implementar soluções que facilitem a adoção e o uso prático dos produtos;Garantir a Qualidade e Governança dos Dados: Monitorar e validar a integridade, consistência e segurança dos dados utilizados nos projetos, aplicando técnicas avançadas de ETL;Implementar práticas de governança de dados que assegurem o compliance e a conformidade com regulamentações do setor de saúde;Realizar Análises de Mercado Orientadas por IA e Machine Learning: Ampliar as análises de mercado, utilizando machine learning para gerar insights mais profundos e preditivos;Entregar Informações Estratégicas Para Stakeholders De Forma Ágil e Com Alta Precisão, Considerando Tendências e Inovações Tecnológicas Em IAOferecer suporte técnico e orientações sobre melhores práticas, bibliotecas e algoritmos de ciência de dados e desenvolvimento de modelos, contribuindo para o compartilhamento de conhecimento;Conhecer os aspectos e impactos ambientais significativos, perigos e riscos não aceitáveis da sua área;Atuar na mitigação dos acidentes ambientais e de saúde e segurança;Atuar conforme política de segurança institucional do paciente;RequisitosEscolaridadeEducação Superior completa - Ciência da Computação, Tecnologia da Informação, Análise de Sistemas, Engenharia da Computação, Matemática, Estatística.Pós-graduação em Ciências de Dados, Data Analytics ou áreas afins de dados. (Desejável)ExperiênciaDesejávelVivência em DevOpsCertificações Microsoft, Google e/ou AWS Python e suas bibliotecas de ciência de dados, R e Cloud Azure e/ou GCPJornada De TrabalhoDe segunda a quinta-feira, das 8h às 18h, e às sextas-feiras, das 8h às 17h.Modelo de trabalho híbrido, 3 dias no escritório e 2 dias remoto.Seu Local De Trabalho SeráLiberdade – SPQuais são os benefícios?Assistência Médica;Assistência Odontológica;Previdência Privada;Vale-transporte;Vale-refeição;Vale-alimentação;Auxílio Creche;Seguro de Vida;Convênio Farmácia.#VemproACCamargoShow moreShow less",N/A,On-site/Hybrid,https://www.linkedin.com/jobs-guest/jobs/api/jobPosting/4446351986,2026-08-04
Cientista de Dados,Jobbol,"São Bernardo do Campo, São Paulo, Brazil",1 week ago,"Empresa de Consultoria em Gestão Empresarial busca profissional Cientista de Dados em São Bernardo do Campo.A Zeen Technologies é uma empresa focada em soluções tecnológicas inovadoras. Ela oferece serviços que vão desde desenvolvimento de software até consultoria em tecnologia da informação.ResponsabilidadesTransformar dados operacionais, logísticos e industriais em análises e recomendações para apoiar a tomada de decisão. Identificar padrões, gargalos e oportunidades de melhoria nos processos. Desenvolver indicadores, modelos analíticos, heurísticas e algoritmos de otimização. Criar dashboards. Apoiar a validação dos resultados junto às equipes de Logística e Simulação. Analisar dados de consumo, frequência, posições, ocupação, movimentação, sequenciamento e abastecimento.Atuações anteriores em Analista de Dados, Engenheiro de Dados, Especialista em Ciência de Dados ou Pesquisador de Dados podem indicar afinidade com algumas das atividades desta posição.Requisitos DesejáveisEscolaridade:Ensino superior completoExperiência:Necessário experiênciaRemuneração e BenefíciosSalário: Faixa salarial será informada na entrevista.Benefícios a combinarInformações AdicionaisContrato: Efetivo. Presencial. Candidatos de Santo André, Diadema, São Caetano do Sul ou Mauá também são considerados para esta vaga.Período: Tempo IntegralJornada: A combinarShow moreShow less",N/A,On-site/Hybrid,https://www.linkedin.com/jobs-guest/jobs/api/jobPosting/4445657378,2026-08-04
Cientista de Dados - Consultor,Núclea,"São Paulo, São Paulo, Brazil",2 weeks ago,"Faça parte de um time que gera valor!Nascemos em 2001 para transformar a infraestrutura do sistema financeiro brasileiro. Desde então, nos tornamos referência em tecnologia e dados, desenvolvendo soluções que movimentam trilhões de reais em transações com segurança, eficiência e inteligência.Somos especialistas em registro de ativos, pagamentos digitais e dados que viram decisões estratégicas. Aqui, você trabalha com propósito, inovação e impacto real.Nossos valores nos movem:Apaixonados por clientes — buscamos encantar, não apenas atender.Gente que gosta de gente — diversidade, inclusão e desenvolvimento fazem parte de quem somos.Integridade no DNA — ética e transparência em todas as relações.Direcionados por dados — inteligência como base para decisões consistentes.Inovação na veia — criamos, testamos e evoluímos todos os dias.Fanáticos por resultados — entregamos impacto, não apenas esforço.Diversidade é parte integral do nosso negócio.Todas as nossas vagas são destinadas a todos os perfis. Valorizamos diferentes vivências, trajetórias e olhares.Se você é apaixonado(a) por tecnologia, quer crescer e ajudar a transformar o mercado financeiro e outros setores, aqui é o seu lugar.🚀 Venha gerar valor junto conosco. Inscreva-se!Responsabilidades e atribuiçõesProduzir, testar e experimentar modelos estatísticos aplicados as diferente áreas de negócio;Criar, manter e atualizar relatórios analíticos para a squad e para o negócio;Trazer insights e conduzir experimentos junto as áreas de negócios;Desenvolver modelos preditivos com técnicas de machine learning para resolução de problemas de negócio;Auxiliar o time de negócios e comercial em apresentações de produtos da empresa para potenciais clientes;Elaborar apresentações técnicas para discussão e demonstração de resultados de análises e modelos para stakeholders técnicos da companhia.Requisitos e qualificaçõesFormação:Ensino superior completo em TI ou áreas correlatas.Desejável pós-graduação em TI ou áreas correlatas.Obrigatórios:Pacote Office;Machine Learning;Modelagem Estatística;Análise de dados;Python;Pyspark;Capacidade de aprender novas linguagens de programação e frameworks de modelagem e análise é indispensável;Capacidade e hábito em ler documentações técnicas de pacotes estatísticos e de machine learning é essencial;Versionamento de código em GIT.Informações adicionaisModelo de Trabalho Híbrido:2x por semana no escritório.Salário compatível com o mercado - CLT.Benefícios:Convênio Médico e OdontológicoVale Refeição - TicketSeguro de VidaAuxilio Home OfficePLRPrevidência PrivadaAuxílio CrecheWellHub e TotalpassLocal:Avenida Brigadeiro Faria Lima 1485 - Próximo ao metrô Faria Lima.Show moreShow less",N/A,On-site/Hybrid,https://www.linkedin.com/jobs-guest/jobs/api/jobPosting/4440608106,2026-08-04
Junior Data Science Specialist,Lenovo,"Indaiatuba, São Paulo, Brazil",2 weeks ago,"We are Lenovo. We do what we say. We own what we do. We WOW our customers.Lenovo is a US$83 billion revenue global technology powerhouse, ranked #196 in the Fortune Global 500, and serving millions of customers every day in 180 markets. Focused on a bold vision to deliver Smarter Technology for All, Lenovo has built on its success as the world’s largest PC company with a full-stack portfolio of AI-enabled, AI-ready, and AI-optimized devices (PCs, workstations, smartphones, tablets), infrastructure (server, storage, edge, high performance computing and software defined infrastructure), software, solutions, and services. Lenovo’s continued investment in world-changing innovation is building a more equitable, trustworthy, and smarter future for everyone, everywhere. Lenovo is listed on the Hong Kong stock exchange under Lenovo Group Limited (HKSE: 992) (ADR: LNVGY).This transformation together with Lenovo’s world-changing innovation is building a more inclusive, trustworthy, and smarter future for everyone, everywhere. To find out more visit www.lenovo.com, and read about the latest news via our StoryHub.We are looking for a Data AI Analyst (Junior / Mid-level) to support and drive Data Science and AI initiatives within the Services organization, acting as a key enabler between business needs and advanced analytics solutions. This professional will play a critical role in identifying opportunities, structuring use cases, developing analytical models and promoting a data-driven culture across Services. The role involves close collaboration with business stakeholders and external partners to ensure scalable and impactful solutions. Additionally, the analyst will act as a Data AI evangelist, fostering adoption, educating teams, and supporting the integration of analytics into operational and strategic decision-making, ensuring alignment with corporate guidelines and business objectives.General ResponsibilitiesIdentify opportunities to apply Data Analytics, Machine Learning, AI, and other innovative technologies within Services processesPerform data collection, cleansing, analysis, and interpretationSupport the structuring of AI/Data Science use cases (business case, ROI, impact)Develop dashboards, reports, automations, and exploratory analysisDocument analytical processes, models, and data flowsCollaborate with stakeholders to translate business needs into analytical solutionsEnsure data quality, governance, and consistencySupport automation and continuous improvement initiativesLead or support training sessions and awareness initiatives on Data and AI usageAct as a data-driven culture evangelist, promoting best practicesPosition ResponsibilitiesSupport the development of analyses and models under supervisionPerform data preparation and cleaning (data wrangling)Develop analytical projectsDocument activities and processesApply Data Science and AI tools and methodologiesSupport operational demands of the areaIntermediate/Avanced English level required.We are an Equal Opportunity Employer and do not discriminate against any employee or applicant for employment because of race, color, sex, age, religion, sexual orientation, gender identity, national origin, status as a veteran, and basis of disability or any federal, state, or local protected class.Show moreShow less",N/A,On-site/Hybrid,https://www.linkedin.com/jobs-guest/jobs/api/jobPosting/4431438923,2026-08-04
Cientista de dados III - Home,Serasa Experian,"São Paulo, São Paulo, Brazil",2 weeks ago,"Company DescriptionA Experian é uma empresa global de dados e tecnologia que impulsiona oportunidades para pessoas e empresas ao redor do mundo. Atuamos em diversos mercados, como serviços financeiros, saúde, automotivo, agronegócio, seguros, entre outros. A Experian investe em pessoas e em novas tecnologias avançadas para liberar o poder dos dados. Contamos com uma equipe incrível de 25.200 colaboradores em 32 países.Nossa singularidade é valorizar a sua. A cultura da Experian, centrada nas pessoas, inclusiva e orientada por propósito, é reconhecida por diversos prêmios — incluindo World’s Best Workplaces™ 2025 (Top 25 global da Fortune) e Great Place To Work™ em 26 países, entre outros. Confira o Experian Life nas redes sociais ou explore nosso site de carreiras para entender o porquê. A Experian também se orgulha de ser uma empregadora que promove igualdade de oportunidades e ação afirmativa.Job DescriptionDescrição do trabalhoEstamos Com Uma Oportunidade Em Analytics No Time De Data Intelligence, Sendo Esta Área Responsável Pela Análise e Estruturação De Dados e Desenvolvimento De Novas Features. Se Você Gosta De Estudar e Está Sempre Disposto a Buscar Novos Conhecimentos Aqui Pode Ser Seu Lugar. Trabalhamos Com Diferentes Tipos De Informação e Estamos Sempre Em Busca De Novas Fontes De Dados. Por Se Tratar De Uma Área Focada Em Desenvolvimento, é Extremamente Importante Que Você Seja Capaz De Inovar e Propor Novas Soluções. Para Isto, Ter Conhecimento Na Área Crédito, Cobrança Ou Seguros é Um Grande Diferencial. Dentre Suas Principais Atividades Do Dia a Dia, Podemos DestacarEstudo de novas fontes de dados;Estruturação de bases;Construção de variáveis baseadas em Feature Learning;Avaliação de performance e aderência de features em modelos de score;Criação de novas soluções para todos os segmentos de mercado a partir de técnicas estatísticas;Buscamos um profissional que possua conhecimento em manipulação de dados, modelagem estatística e Big Data. É necessário possuir ensino superior completo na área de exatas e ter conhecimento de programação em Python.Como perfil pessoal é importante que seja analítico, tenha capacidade para adaptar-se, seja proativo, tenha iniciativa e adore novos desafios.QualificationsQualificaçõesPythonPysparkSQLFeature LearningManipulação de DadosMachine LearningAdditional InformationA Serasa Experian é muito mais do que você imagina. Com o propósito de criar um futuro melhor, ampliando oportunidades para pessoas e empresas, no Brasil somos mais de 4 mil pessoas que atuam em diversos times e especialidades. Aqui, cada conhecimento e diversidade se complementa e você pode trabalhar no que mais ama, estamos comprometidos a construir uma cultura inclusiva e um ambiente no qual pessoas possam equilibrar a carreira com seus compromissos e interesses pessoais, prezando pelo bem-estar.A gente se dedica muito em ser uma das melhores e mais inovadoras empresas para se trabalhar do país, possibilitando experiências e carreiras incríveis para nossas pessoas. Nossa forte abordagem de pessoas em primeiro lugar é reconhecida externamente por meio de diversas certificações de mercado: fomos premiados pelo Great Place To Work™ em 24 países e pela certificação internacional Top Employers, além de sermos reconhecidos como uma das melhores empresas para jovens profissionais e contarmos com uma avaliação de 4,6 no Glassdoor. Cada reconhecimento nos indica que estamos no caminho certo, proporcionando um ambiente de trabalho cada vez melhor para nossos talentos.Experian Careers - Creating a better tomorrow togetherFind out what its like to work for Experian by clicking hereShow moreShow less",N/A,On-site/Hybrid,https://www.linkedin.com/jobs-guest/jobs/api/jobPosting/4443074662,2026-08-04
Banco de Talentos - Dados,Gerdau,"São Paulo, São Paulo, Brazil",1 week ago,"Com 124 anos de história, a Gerdau é a maior empresa brasileira produtora de aço e uma das principais fornecedoras de aços longos nas Américas e de aços especiais no mundo. No Brasil, também produz aços planos, além de minério de ferro para consumo próprio. Além disso, possui uma divisão de novos negócios, a Gerdau Next, com o objetivo de empreender em segmentos adjacentes ao aço. Com o propósito de empoderar pessoas que constroem o futuro, a companhia está presente em vários países e conta com mais de 30 mil colaboradores em todas as suas operações.Maior recicladora da América Latina, a Gerdau tem na sucata uma importante matéria-prima: mais de 70% do aço que produz é feito a partir desse material. Todo ano, 11 milhões de toneladas de sucata são transformadas em diversos produtos de aço. A companhia também é a maior produtora de carvão vegetal do mundo, com mais de 250 mil hectares de base florestal no estado de Minas Gerais.Como resultado de sua matriz produtiva sustentável, a Gerdau possui, atualmente, uma das menores médias de emissão de gases de efeito estufa (CO₂e), de 0,91 t de CO₂e por tonelada de aço, o que representa aproximadamente a metade da média global do setor, de 1,91 t de CO₂e por tonelada de aço (worldsteel). Para 2031, a meta da Gerdau é diminuir as emissões de carbono para 0,82 t de CO₂e por tonelada de aço. As ações da Gerdau estão listadas nas bolsas de valores de São Paulo (B3) e Nova Iorque (NYSE).🚀Banco de Talentos Gerdau — Data, Analytics & IANa Gerdau, acreditamos no poder dos dados para transformar a indústria. Estamos em busca de profissionais apaixonados por tecnologia, inovação e inteligência artificial para liderar soluções estratégicas e escaláveis.Se você é especialista emData Science, Engenharia de Dados, Machine Learning ou IA, queremos conhecer você.🧠ResponsabilidadesLiderar projetos de ciência de dados e analyticsImplantar modelos de ML e IA com MLOPSAplicar técnicas de otimização e pesquisa operacionalAtuar com engenharia de dados e modelagem de datamartsColaborar com áreas de negócio e tecnologia📚RequisitosFormação em áreas de tecnologia ou exatasExperiência com modelos preditivos, clustering, recomendação e otimizaçãoDomínio de Python, SQL, bibliotecas de ML e ferramentas como Databricks e AWSVivência com pipelines, versionamento, notebooks colaborativos e ambientes em nuvemInglês avançado🌟DiferenciaisSpark, CI/CD, IA Generativa, RAG, agentes inteligentesPlataformas colaborativas e ambientes analíticos modernosFerramentas de extração e orquestração de dados👉 Se você quer fazer parte da transformação digital da Gerdau, inscreva-se no nosso banco de talentos e venha construir o futuro com dados e propósito.Temos como princípio a promoção de um ambiente diverso e inclusivo. Respeitamos e valorizamos a diversidade, por isso todas as pessoas qualificadas serão consideradas para as vagas sem distinção de deficiência, gênero, idade, identidade ou orientação sexual, nacionalidade, raça, religião, ou qualquer outra característica.Show moreShow less",N/A,On-site/Hybrid,https://www.linkedin.com/jobs-guest/jobs/api/jobPosting/4315768686,2026-08-04
Grupo QuintoAndar | Staff Data Scientist,QuintoAndar,"São Paulo, São Paulo, Brazil",1 week ago,"About Grupo QuintoAndarWe are Grupo QuintoAndar, the largest real estate ecosystem in Latin America. Guided by a shared purpose of helping people love where they live, we have a diversified portfolio of brands and solutions across different countries in Latin America, covering all phases of the housing journey. We also have a Technology Hub in Portugal. We develop technology and innovation to transform and enhance the overall living experience.With the support of a world-class team of investors and advisors, including Kaszek, Qualcomm, General Atlantic, and SoftBank, Grupo QuintoAndar is currently valued at over USD 5.1 billion and continues to grow year over year.Here, you will work with top professionals in the market, in an environment that breathes innovation, collaboration, and high performance. To learn more about our story, visit: https://grupoquintoandar.com/pt/.Location & Remote WorkOur technology team operates under a ""remote-first"" model, which means we work from home and can live anywhere in Brazil. We also offer the option of working from our São Paulo offices or partner coworking spaces, up to twice a week.Hiring Process StagesThe stages of our hiring processes aim to assess your experiences and allow you to meet our teams and explore career opportunities. They are structured as follows:ApplicationInterview with RecruiterTech ScreeningTechnical Interview with Data Products TeamOfferAbout the AreaIn our Data Science team, you'll have the chance to work as a part of our product squads delivering features that enrich our product and a first class experience that we are known for. You'll work alongside brilliant minds, with different skills: Product Managers, Designers, UX Writers, Data Scientists, Machine Learning Engineers, Software Engineers, etc. Be prepared for the job of your life - hard challenges, high expectations, intelligent life at work, meaningful conversations, outstanding productivity.Some of the specific problems we work in the Data Science team include search and recommendation systems; customer experience enhancement using ML such as in automatic routing of tickets; pricing, liquidity and credit models; building a platform that enables us to develop and deploy all those solutions.Note: This is a senior position. We expect you to have at least 3+ years of experience applying data science and creating machine learning models. If you have the skills, but are starting your journey in Data Science, please apply to the Data Scientist job instead.ResponsibilitiesArchitect, develop and deploy machine learning systems to production. The main use cases are related to chatbots and search.Design and execute experiments.Analyze a wide variety of data (structured and unstructured, observational and experimental) to improve current models or create new onesApply the scientific method to develop LLM-powered applications, including testing different prompts, exploring and understanding LLM capabilities, evaluating agents and prompts, assessing AI application guardrails, and building PoCs to validate the feasibility of generative AI for product features.Participate actively in discussions and decisions regarding the whole Data Science chapter (Guilds, Design Reviews, Demos, etc.)What we are looking for:People that are seeking to learn and deliver real impact through Data ScienceExpert knowledge of machine learning concepts: regression and classification, clustering, neural networks, feature selection, cross-validation, curse of dimensionality, bias-variance tradeoff, model explainability, etc.;Good understanding of the engineering challenges to deploy machine learning systems to production;Proficiency in Python;Some knowledge or experience with Deep LearningExperience with technical advice for other data scientists (technical leadership);Excellent written and verbal technical communication skills. We're looking for someone who loves Data Science & Machine Learning and is willing to share his/her knowledge with the other members of the Data Science Chapter;Good English skills (verbal and written) is mandatory.You'll stand out if you:Have a MSc. (or Undergrad + intense experience) in machine learning, data science, information retrieval, ranking systems, recommender systems, natural language processing or other relevant fields.Have experience with applied generative AI: AI agents, prompt engineering, LLMs finetuning (lora, qlora, peft), LLM routing, LLM monitoring, LLM guardrailsHave experience working at fast-growing startups.ImportantOur hiring process starts with the application! If you truly want to be part of our team, please complete this step of the process. We analyze all candidates individually and provide feedback to all applicants.All communication will be conducted via email, so please stay tuned for our messages and release the domain @quintoandar.com.br to ensure our emails are not sent to spam.BenefitsCompetitive salaryProfit sharingMeal allowanceHealth insuranceDental planLife insuranceChildcare subsidy and Atypical Parenthood subsidyWellhubHome office allowanceEmployee assistance program (mental health, social, legal, and financial support)Extended parental leaveDay off on birthday, Mother's Day, and Father's DayBenefits Club (discounts on everyday services)Discounts at educational institutionsReading kit for children – PlayKidsDiversity & Inclusion at Grupo QuintoAndarWe value diversity and want everyone to feel welcome here, regardless of their age, gender identity, sexual orientation, race, color, ethnicity, origin, disability, religion, or any other characteristic. All our job openings are open to all individuals!You'll notice there are some diversity questions in the application form. For affirmative action roles, this information may be used to verify your alignment with the target audience for the opportunity. In such cases, it may be used for elimination purposes. For non-affirmative action roles, this data will be used anonymously, exclusively to monitor and improve our inclusion practices in the hiring process, and will have no impact on your application.Privacy and Data ProtectionThe Grupo QuintoAndar operates in compliance with privacy and data protection laws, including, but not limited to, the Brazilian General Personal Data Protection Law (LGPD) (Law No. 13,709/2018), and ensures the security of your data. To learn more, please access our Privacy Notice for Candidates. For questions or to exercise your rights as a data subject, please contact us through our Service Channel.Show moreShow less",N/A,Remote,https://www.linkedin.com/jobs-guest/jobs/api/jobPosting/4344825669,2026-08-04
Data Scientist - Predictive Maintenance,TRACTIAN,"São Paulo, São Paulo, Brazil",6 days ago,"Data Science at TRACTIANThe Data Science team at TRACTIAN focuses on extracting valuable insights from vast amounts of industrial data. Using advanced statistical methods, algorithms, and data visualization techniques, this team transforms raw data into actionable intelligence that drives decision-making across engineering, product development, and operational strategies. The team constantly works on optimizing prediction models, identifying trends, and providing data-driven solutions that directly enhance the company’s operational efficiency and the quality of its products.What You'll DoAs a Data Scientist - Predictive Maintenance at TRACTIAN, you will work at the intersection of advanced data science and industrial operations. Your mission is to develop cutting-edge algorithms and predictive models to monitor and predict equipment failures before they occur, optimizing asset reliability and reducing downtime. You’ll face complex challenges involving large-scale time-series data, real-time data processing, and machine learning applications, while collaborating closely with engineers and laboratory teams to ensure our predictive maintenance solutions remain industry-leading.ResponsibilitiesDevelop predictive maintenance algorithms using machine learning techniques for time-series data.Analyze sensor data streams to identify patterns that predict equipment failure.Research and stay up to date with academic literature and state-of-the-art condition monitoring techniques, translating relevant advances into practical solutions.Collaborate with engineers to improve data pipelines and enhance model accuracy.Build scalable, real-time models for low-latency predictions.Create diagnostic tools that enable data-driven maintenance decisions.Work with the laboratory team to design experiments and develop failure datasets using real machinery to validate hypotheses, develop new models, and optimize existing ones.Continuously refine models based on real-world performance, experimental results, and feedback.RequirementsExpertise in machine learning, time-series analysis, and anomaly detection.Proficiency in Python and common data science and ML libraries (e.g., NumPy, pandas, scikit-learn, PyTorch).Solid understanding of signal processing concepts and hands-on experience with industrial sensor data (e.g., vibration, current, temperature, pressure).Ability to read, interpret, and apply insights from academic literature and state-of-the-art research in condition monitoring and fault diagnosis.Experience designing experiments to validate hypotheses and benchmark models.Strong problem-solving skills and ability to handle noisy, high-dimensional data.Advanced English.Bonus PointsFamiliarity with both academic research and real-world applications in condition monitoring, fault diagnosis, and prognostics (e.g., vibration-based methods, model-based vs. data-driven approaches).Experience translating academic methods into robust, production-ready algorithms.Prior experience working in industrial or manufacturing environments.Show moreShow less",N/A,On-site/Hybrid,https://www.linkedin.com/jobs-guest/jobs/api/jobPosting/4429559083,2026-08-04
Visagio Talentos - Formados: Data Science e IA Generativa SP,Visagio,"São Paulo, São Paulo, Brazil",2 months ago,"Destinado a formados dos cursos de Engenharias, Administração, Economia, Estatística, Matemática, Ciência da Computação e Sistemas de Informação, com foco de atuação em projetos envolvendo Ciência de Dados e IA Generativa (Inteligência Artificial, Machine Learning, NLP, IA Generativa, Otimização, Simulação, entre outros). Você trabalhará com um time multidisciplinar, direcionado ao desenvolvimento de análises e à implantação de soluções baseadas em dados para geração de valor para nossos clientes.Responsabilidades e atribuiçõesIdentificar oportunidades de melhoria em áreas do negócio, propondo soluções baseadas em dados;Realizar análises de dados para apoiar diagnósticos e tomadas de decisões;Desenvolver e implantar soluções baseadas em Machine Learning, Otimização, Simulação, entre outros;Acompanhar e gerenciar projetos através de metodologias ágeis;Desenvolvimento interpessoal através de cursos, contato direto com clientes e trabalho em equipe.Requisitos e qualificaçõesFormados nos cursos de Engenharias, Administração, Economia, Estatística, Matemática, Ciência da Computação e Sistemas de Informação;Bom raciocínio lógico, capacidade analítica e criatividade para propor e implantar as soluções;Visão crítica, habilidade de comunicação e apresentação, e bom relacionamento interpessoal;Rápido aprendizado, com alta curiosidade para aprender continuamente sobre novas tecnologias, além de vontade de fazer a diferença;Preferível experiência em atividades extracurriculares (ex: empresa júnior, PET, iniciação científica, etc).Recomendado o conhecimento dos conceitos de Ciência de Dados, Estatística, Banco de Dados e SQL, além de domínio de linguagens de programação (Python, R ou outros).Informações adicionaisShow moreShow less",N/A,On-site/Hybrid,https://www.linkedin.com/jobs-guest/jobs/api/jobPosting/4419694812,2026-08-04
Cientista de Dados Sênior,C6 Bank,"São Paulo, São Paulo, Brazil",2 days ago,"Nossa área de Ciência de DadosNossa área de Ciência de Dados transforma dados em decisões de negócio. Trabalhamos de forma próxima às áreas parceiras para desenvolver soluções analíticas, modelos e produtos de dados que geram impacto real no dia a dia da empresa e dos clientes.Aqui, acompanhamos todo o ciclo das iniciativas: da identificação do problema até a implementação e evolução das soluções em produção. Valorizamos colaboração, autonomia, senso de dono e um ambiente em que troca de conhecimento e aprendizado contínuo fazem parte da rotina.Suas atividades como CSixerEstamos buscando uma pessoa Cientista de Dados Sênior para atuar no desenvolvimento de soluções que fazem parte dos produtos do banco, trabalhando de forma próxima com negócio, engenharia de dados e tecnologia;Desenvolver, testar e colocar em produção soluções de machine learning ponta a ponta;Analisar dados para validar hipóteses e gerar insights relevantes para o negócio;Realizar tratamento, limpeza e exploração de dados de diferentes fontes;Construir e manter pipelines de dados e modelos em produção, garantindo qualidade e confiabilidade;Contribuir com código, documentação e discussões técnicas do time, trazendo referências metodológicas e científicas quando necessário.Requisitos e experiênciaExperiência sólida como Cientista de Dados, com histórico de modelos em produção;Domínio de Python para análise de dados e machine learning;Experiência com modelagem estatística e algoritmos de machine learning;Forte capacidade de análise exploratória de dados (EDA) e tradução de problemas de negócio em soluções analíticas;Conhecimento de SQL e manipulação de grandes volumes de dados;Vivência com boas práticas de engenharia (Git, testes, organização de código);Capacidade de se comunicar bem com públicos técnicos e não técnicos; DiferenciaisExperiência no setor financeiro ou em ambientes regulados;Conhecimento em MLOps e monitoramento de modelos;Experiência com CRM;Disponibilidade para atuar no modelo presencial.Nossos benefíciosVale-Refeição;Vale-Alimentação;Plano de saúde e odontológico;Auxílio-Creche;Seguro de Vida;WellHub | TotalPass;Conexa | Psicologia Viva - Terapia online sem custo;Carbon Academy;Cartão C6 Carbon;Carbon Spa - Salão de beleza localizado em nosso escritório;Carbon Care - Ambulatório localizado em nosso escritório;Sala de amamentação;Empresa Cidadã - Prorrogação do prazo da licença-maternidade e licença-paternidade;Bicicletário;Vestiário;Van corporativa;Espaço de convivência - Videogame, mesa de sinuca, playball, churrasqueira, chopeira, lanchonete, diversos locais de descanso, redes, cesta de basquete e horta colaborativa e orgânica.C6 BANKPARA UMA VIDA EXTRAORDINÁRIAAtendemos pessoas físicas, MEIs e PMEs em todos os estados do Brasil. Sem agências físicas, oferecemos mais de 90 produtos e serviços financeiros feitos para todos os perfis de clientes.Estamos localizados em São Paulo/SP e contamos com mais de 3.000 CSixers que estão sempre a mil por hora. Em pouco mais de cinco anos, conquistamos muitos prêmios e reconhecimentos.No C6 Bank, acreditamos que a diversidade impulsiona a inovação e fortalece nosso ambiente de trabalho. Por isso, promovemos uma cultura inclusiva, que valoriza a equidade e garante oportunidades para todas as pessoas, independentemente de raça, cor, idade, credo, deficiência, nacionalidade, estado civil, orientação sexual, identidade ou expressão de gênero. Aqui, todo mundo é bem-vindo para ser quem é.Confira mais informações no vídeo abaixo:Show moreShow less",N/A,On-site/Hybrid,https://www.linkedin.com/jobs-guest/jobs/api/jobPosting/4417695207,2026-08-04
Forward-Deployed Data Scientist II,Braze,"São Paulo, São Paulo, Brazil",2 weeks ago,"At Braze, we have found our people. We’re a genuinely approachable, exceptionally kind, and intensely passionate crew.We seek to ignite that passion by setting high standards, championing teamwork, and creating work-life harmony as we collectively navigate rapid growth on a global scale while striving for greater equity and opportunity – inside and outside our organization.To flourish here, you must be prepared to set a high bar for yourself and those around you. There is always a way to contribute: Acting with autonomy, having accountability and being open to new perspectives are essential to our continued success.Our deep curiosity to learn and our eagerness to share diverse passions with others gives us balance and injects a one-of-a-kind vibrancy into our culture.If you are driven to solve exhilarating challenges and have a bias toward action in the face of change, you will be empowered to make a real impact here, with a sharp and passionate team at your back. If Braze sounds like a place where you can thrive, we can’t wait to meet you.WHAT YOU'LL DOAs our customer base continues to grow with the excitement around BrazeAI, we’re expanding our team! Join our Forward-Deployed Data Scientist group of creative technical experts who partner with customers to ensure their success. In this role, you will:Collaborate with customer Analytics/BI teams and Braze colleagues on implementations, including use case definition, data integration, pipeline setup, and ML model configurationExtend product capabilities by improving architecture and developing reusable data pipelines, APIs, and componentsWork closely with the RL pipeline development team to refine and advance our reinforcement learning (self-learning) algorithmsContribute to shaping BrazeAI product strategy and roadmap through customer-facing insights and technical expertiseProvide ongoing technical expertise to ensure successful adoption, measurable outcomes, and long-term customer successWHO YOU AREEducation: Bachelor’s degree in Computer Science, Data Science, Mathematics, Engineering, or a related field required; Master’s or PhD in a relevant technical discipline preferredExperience: 3–5+ years of hands-on experience as a Data Scientist, Machine Learning Engineer, or similar role working with large-scale data and production environments. Experience in customer-facing or consulting roles is strongly preferredStrong technical expertise: proficient in Python (Pandas) and core ML libraries (TensorFlow, Keras, scikit-learn, CatBoost, XGBoost). Skilled in SQL for querying/manipulating datasets, with experience in machine learning pipelines and model deploymentEngineering best practices: you write well-structured, modular, documented code; follow strong development practices (Git, CI/CD, testing frameworks, type-hinting, code reviews); and can build scalable, maintainable solutionsNice-to-have skills: experience with DevOps tools (Airflow, Kubernetes, Terraform, GCP), data integration/ETL, and pipeline optimization, or reinforcement learning algorithmsCustomer collaborator: comfortable working directly with clients and cross-functional teams, aligning stakeholders, and translating technical concepts into clear business valueEntrepreneurial problem-solver: you identify opportunities and risks early, troubleshoot obstacles, and drive creative solutionsContinuous learner: you stay current with industry trends, explore new tools/technologies, and thrive in environments that push you to growClear communicator: able to explain complex technical ideas persuasively to both technical and non-technical audiencesWHAT WE OFFERBraze benefits vary by location, and we encourage you to review our specific benefits offerings for each countryhere. More details on benefits plans will be provided if you receive an offer of employment.From offering comprehensive benefits to fostering hybrid ways of working, we’ve got you covered so you can prioritize work-life harmony. Braze offers benefits such as:Competitive compensation that may include equityRetirement and Employee Stock Purchase PlansFlexible paid time offComprehensive benefit plans covering medical, dental, vision, life, and disabilityFamily services that include fertility benefits and equal paid parental leaveProfessional development supported by formal career pathing, learning platforms, and a yearly learning stipendA curated in-office employee experience, designed to foster community, team connections, and innovationOpportunities to give back to your community, including an annual company-wide Volunteer Week and donation matchingEmployee Resource Groups that provide supportive communities within BrazeCollaborative, transparent, and fun culture recognized as a Great Place to Work®ABOUT BRAZEBraze is the leading customer engagement platform that empowers brands to Be Absolutely Engaging.™ Braze helps brands deliver great customer experiences that drive value both for consumers and for their businesses. Built on a foundation of composable intelligence, BrazeAI™ allows marketers to combine and activate AI agents, models, and features at every touchpoint throughout the Braze Customer Engagement Platform for smarter, faster, and more meaningful customer engagement. From cross-channel messaging and journey orchestration to Al-powered decisioning and optimization, Braze enables companies to turn action into interaction through autonomous, 1:1 personalized experiences.The company has repeatedly been recognized as a Leader in marketing technology by industry analysts, and was voted a G2 “Best of Marketing and Digital Advertising Software Product” in 2025.Braze was also named a 2025 Best Companies To Work For by U.S. News & World Report, a 2025 America’s Greatest Companies by Newsweek, and a 2025 Fortune Best Workplace in Technology™ by Great Place To Work®, among other accolades. Braze is also proudly certified as a Great Place to Work® in the U.S., the UK, Australia, and Singapore.The company is headquartered in New York with offices in Austin, Berlin, Bucharest, Chicago, Dubai, Jakarta, London, Paris, San Francisco, São Paulo, Singapore, Seoul, Sydney and Tokyo.BRAZE IS AN EQUAL OPPORTUNITY EMPLOYERAt Braze, we strive to create equitable growth and opportunities inside and outside the organization.Building meaningful connections is at the heart of everything we do, and that includes our recruiting practices. We're committed to offering all candidates a fair, accessible, and inclusive experience – regardless of age, color, disability, gender identity, marital status, maternity, national origin, pregnancy, race, religion, sex, sexual orientation, or status as a protected veteran. When applying and interviewing with Braze, we want you to feel comfortable showcasing what makes youyou.We know that sometimes different circumstances can lead talented people to hesitate to apply for a role unless they meet 100% of the criteria. If this sounds familiar, we encourage you to apply, as we’d love to meet you.Please see ourCandidate Privacy Policyfor more information on how Braze processes your personal information during the recruitment process and, if applicable based on your location, how you can exercise any privacy rights.Show moreShow less",N/A,On-site/Hybrid,https://www.linkedin.com/jobs-guest/jobs/api/jobPosting/4385383549,2026-08-04
Especialista em Modelagem (Data Scientist),Shopee,"São Paulo, São Paulo, Brazil",1 week ago,"About The TeamSobre a ShôAqui na Shô, acreditamos que cada membro de nossa equipe é fundamental para o nosso sucesso, e que diversidade de perspectivas e vivências são essenciais para movimentar nosso negócio e impulsionar o nosso propósito de mudar o mundo para melhor.Fazer parte do nosso time é a oportunidade de se desenvolver dentro de uma cultura de muita agilidade. Se você ama assumir grandes responsabilidades e fazer o que nunca foi feito, a Shô é seu lugar. Aqui você terá grandes desafios, trabalhará em colaboração com um time diverso e contribuirá para o futuro do e-commerce no Brasil, criamos impacto positivo na vida de milhões de pessoas.Modelo de TrabalhoAdotamos um modelo de trabalho híbrido para posições administrativas alocadas nos nossos escritórios.Job DescriptionO time de Operações da Shopee cuida de todo o processo de operação, desde a busca do comprador por um produto na plataforma da Shopee até o momento em que o comprador recebe o produto. O time analisa e monitora KPIs operacionais através da região e conduz análises de causa raiz quando a performance das operações flutua. O time de Operações é composto de Atendimento ao Cliente, Pagamentos, Anúncios, Armazém, Logística, Operações de Vendedores e Fraudes.Principais ResponsabilidadesRealizar análises estratégicas e modelagem de negócios e operações para subsidiar a tomada de decisão e a definição de estratégias;Construir e validar ensemble de leading indicators por KPI operacionalDesenvolver modelos complexos, tanto quantitativos quanto qualitativos, para apoiar os processos de tomada de decisão e o planejamento estratégico;Garantir acurácia, interpretabilidade e manutenção dos modelos em produçãoConduzir previsões (forecasting) abrangentes e o acompanhamento de indicadores de curto e longo prazo, incluindo receita, custos e métricas operacionais, para impulsionar a performance e direcionar a estratégia; (modelos preditivos)Demonstrar experiência prática em modelagem de planilhas, explorando constantemente abordagens inovadoras para modelagem e estruturação de negócios;Coletar informações de forma proativa e colaborar de maneira eficaz em equipes multidisciplinares (cross-functional) que abrangem múltiplas áreas de negócios, fornecendo liderança de pensamento e orientação;Conduzir avaliações aprofundadas dos processos de negócios, identificando proativamente requisitos, riscos e áreas de melhoria;Trabalhar com Python, SQL e ferramentas de Machine Learning aplicadas a séries temporaisPreparar apresentações, relatórios e dashboards de alta qualidade adaptados para Diretores e executivos C-level, transmitindo informações complexas de maneira clara e concisa;RequirementsO que você precisa para assumir o desafio:Formação superior completa em Engenharia, Administração de Empresas ou áreas correlatas;Experiência em modelagem de dados;Conhecimentos avançados em SQL e Python serão considerados um diferencial;Inglês Avançado será um diferencialBenefíciosAssistência médica e odontológica, estendendo-se aos dependentes e seguro de vida coletivo;Parceira com Gympass e TotalPass;Vale Refeição/Alimentação flexível;Vale Transporte, Vale Mobilidade ou Estacionamento no local;Benefício flexível;Zenklub e Conexa;Assistência Pet;Benefícios exclusivos para quem tem filhos;Bônus anual discricionário, atrelado à performanceAuxílio Farmácia Inclusiva para pessoas colaboradoras com deficiênciaAuxílio ao Desenvolvimento Inclusivo para filhos (as) com deficiência.Diversidade e InclusãoValorizamos talentos diversos e incentivamos a candidatura de pessoas de todas as origens, sem distinção de raça, gênero, orientação sexual, deficiência, idade ou qualquer outra característica. Trabalhamos continuamente para promover um ambiente acolhedor, com iniciativas e grupos de afinidade que fortalecem uma cultura cada vez mais inclusiva.Queremos ser o lugar onde você possa ser quem é, se desenvolver com autonomia e contribuir para transformar o futuro ao nosso lado. É a partir dessa pluralidade que geramos impacto e construímos o futuro do e-commerce no Brasil.O QUE TE FAZ ÚNICO, NOS FAZ MELHORESE NOSSO IMPACTO DEIXA MARCA!Show moreShow less",N/A,On-site/Hybrid,https://www.linkedin.com/jobs-guest/jobs/api/jobPosting/4436245490,2026-08-04
Data Scientist Sr,MATH Group,"São Paulo, São Paulo, Brazil",2 weeks ago,"A MATH é um ecossistema de ciência de dados e inteligência artificial dedicado a resolver problemas complexos de negócio. Atuamos ao lado de empresas que precisam transformar grandes volumes de dados em decisões mais claras, rápidas e eficientes.Data Scientist SrEstamos em busca de um Cientista de Dados Sênior altamente qualificado para liderar nossas iniciativas de inteligência artificial. O candidato ideal é um profissional que combina profundo conhecimento técnico em Machine Learning e IA Generativa com uma visão estratégica para resolver desafios complexos relacionados à qualidade de produtos, custos de reparo e satisfação do cliente no pós-venda.Se você é apaixonado por transformar dados brutos de garantia em insights acionáveis e sabe escolher a ferramenta de IA certa — seja um modelo preditivo tradicional ou uma solução de GenAI — para otimizar processos e prever falhas, esta é a sua oportunidade de gerar um impacto financeiro e operacional significativo.Principais Responsabilidades:Tradução de Problemas de Negócio: Colaborar ativamente com stakeholders de diversas áreas (Produto, Marketing, Finanças, etc.) para compreender profundamente suas dores e objetivos, e traduzir esses desafios em problemas claros a serem resolvidos com dados.Análise e Diagnóstico: Realizar análises exploratórias profundas para identificar padrões, tendências e oportunidades. O objetivo é ir além dos números para diagnosticar a causa raiz dos problemas.Seleção Estratégica de Técnicas: Avaliar criticamente os problemas de negócio para determinar a abordagem de IA mais eficaz. Isso inclui decidir entre a aplicação de modelos tradicionais (como regressão, classificação, clusterização) para otimização e previsão, ou o uso de IA Generativa (LLMs, RAG, fine-tuning) para inovação, automação e criação de novas experiências.Desenvolvimento e Implementação de Modelos: Projetar, treinar, validar e implementar modelos de Machine Learning, garantindo sua performance, escalabilidade e manutenibilidade em ambientes de produção.Inovação com IA Generativa: Explorar e aplicar ativamente técnicas de IA Generativa para criar soluções inovadoras, como personalização de conteúdo em escala, automação de processos complexos, assistentes inteligentes e sistemas de recomendação avançados.Comunicação de Insights (Storytelling com Dados): Comunicar resultados e análises complexas de forma clara, concisa e impactante para públicos tanto técnicos quanto não-técnicos, transformando dados em narrativas que inspiram ações estratégicas.Qualificações e Habilidades Técnicas (Hard Skills):Formação: Graduação em Ciência da Computação, Estatística, Matemática, Engenharia ou áreas correlatas.Experiência Profissional: Experiência comprovada atuando como Cientista de Dados, com um portfólio de projetos que demonstrem impacto no negócio.Machine Learning Tradicional: Profundo conhecimento em modelos supervisionados (regressão, classificação) e não supervisionados (clusterização, redução de dimensionalidade).IA Generativa: Experiência prática com Grandes Modelos de Linguagem (LLMs) e suas aplicações, como engenharia de prompts, RAG (Retrieval-Augmented Generation) e fine-tuning.Programação e Bibliotecas: Domínio avançado em Python e suas principais bibliotecas de dados (Pandas, NumPy, Scikit-learn, Matplotlib/Seaborn).Frameworks de IA: Experiência com frameworks como TensorFlow, PyTorch, LangChain, LlamaIndex ou Hugging Face.Dados: Forte proficiência em SQL para manipulação de grandes volumes de dados. Experiência com bancos de dados NoSQL é um plus.Cloud & MLOps: Familiaridade com ambientes de nuvem no GCP e seus serviços de Machine Learning (ex: Vertex AI, Agent Builder, BQML). Conhecimento em práticas de MLOps (versionamento de código e modelos, CI/CD) é um grande diferencial.Nossos benefícios:️ Vale RefeiçãoAssistência MédicaAssistência OdontológicaSeguro de VidaStarBem - Psicoterapias e Nutricionista‍♀️ Ginástica Laboral️ Wellhub (Gympass)Auxílio CrecheCreditasParceria com Instituições de EnsinoPlano PETParceria com o SESCBonificação por CertificaçãoBonificação por Indicação‍ Equipamentos fornecidos pela MATHNossos Valores:#InnovaMathers #CollabMathers #TrueMathers #HumanMatherShow moreShow less",N/A,On-site/Hybrid,https://www.linkedin.com/jobs-guest/jobs/api/jobPosting/4440249588,2026-08-04
Ciência de dados Sênior,Mercado Livre Brasil,"Osasco, São Paulo, Brazil",1 week ago,"No Mercado Livre estamos democratizando o comércio e os serviços financeiros para transformar a vida das pessoas na América Latina.Faça parte deste propósito!Prevenção da Fraude é o setor de referência interna e externa sobre todos os temas de segurança para as transações dentro do ecossistema do Mercado Livre. Garantimos a segurança das operações para quem usa a plataforma, a partir da aplicação de ferramentas, modelos analítico-preditivos e tecnologias inovadoras. Somos a área da empresa que permite assumir riscos e acelerar o crescimento.Temos um desafio para as pessoas que:• Vibram energia empreendedora: são movidas pela curiosidade, nunca desistem e estão focadas em superar seus próprios limites.• Dão o máximo, porque adoram trabalhar com compromisso e dedicação.• Encaram as mudanças como oportunidades e aprendem com seus erros.• A excelência e a execução são primordiais na sua forma de fazer as coisas.• Promovem o bom clima, a alegria e a diversão.• Sabem como construir com outras pessoas e desfrutam trabalhando em equipe.Imagine-se empreendendo projetos desafiadores, dinâmicos e inovadores esendo responsável por:• Desenvolver modelos de aprendizado de máquina para detectar e prevenir padrões complexos de fraude em tempo real, analisando grandes volumes de dados transacionais para identificar comportamentos anômalos e tendências de risco.• Implementar soluções preditivas escaláveis, garantindo sua correta integração com a arquitetura de produção.• Desenhar experimentos controlados para medir o impacto de novos modelos nos principais indicadores do negócio.• Otimizar algoritmos existentes para melhorar a precisão e a eficiência computacional das soluções.• Criar agentes com inteligência artificial, modelos de visão computacional e LLMs para automatizar operações e analisar imagens na validação de identidade.Requisitos:• Possuir conhecimento consolidado em Data Science e Machine Learning para analisar casos de fraude e propor soluções baseadas em dados.• Dominar fundamentos em matemática e estatística aplicados a modelos e soluções preditivas.• Compreender os casos e métricas do negócio para desenvolver soluções técnicas perfeitamente alinhadas aos objetivos da área.• Ter conhecimento no desenvolvimento de modelos de visão computacional, Inteligência Artificial Generativa, LLMs e técnicas de processamento de linguagem natural.Nós lhe propomos:• Ser parte de uma empresa com espírito empreendedor, na qual adoramos pensar grande e em longo prazo.• Ser protagonista de seu desenvolvimento em um ambiente de oportunidades, aprendizagem, crescimento, expansão e projetos desafiadores.• Compartilhar e aprender em equipe, com excelentes profissionais e especialistas.• Um excelente clima de trabalho, com todo o necessário para você viver uma grande experiênciaO Mercado Livre não faz contato oferecendo oportunidades em troca de pagamento de dinheiro. Você tem acesso a todas as oportunidades abertas no nosso site de carreiras. Caso receba pedidos de dinheiro, desconfie!Show moreShow less",N/A,On-site/Hybrid,https://www.linkedin.com/jobs-guest/jobs/api/jobPosting/4441517635,2026-08-04
Senior Data Scientist,Kunumi,"São Paulo, São Paulo, Brazil",3 months ago,"Estamos em busca de pessoas fascinadas por criar um futuro melhor, que sejam inquietas, tenham coragem para desafiar o comum, que valorizem a diversidade de ideias e acreditem no potencial transformador da colaboração verdadeira.Sabemos que muitas pessoas — especialmente mulheres — só se candidatam a uma vaga se sentem que cumprem 100% dos requisitos. Se esse for o seu caso, queremos te encorajar a se inscrever mesmo assim. Aqui, valorizamos trajetórias diversas e aprendizados ao longo da jornada.Junte-se a nós na busca por um mundo com novas inteligências.A pessoa nessa posição é responsável por garantir a coleta, processamento, armazenamento e disponibilidade de dados de alta qualidade para impulsionar modelos de IA e fornecer insights acionáveis para clientes e stakeholders.Trata-se de um papel de liderança técnica, que combina a execução de projetos complexos de ciência de dados com a mentoria do time e a coordenação de esforços de Pesquisa e Desenvolvimento (P&D) para promover a inovação.Esse propósito se traduz, na prática, nos seguintes Jobs to Be Done:Liderar a estratégia e execução de Ciência de DadosLiderar equipes em projetos complexos, orientando e mentorando membros do time;Propor e implementar estratégias para melhorar processos e práticas internas de ciência de dados;Decidir quando um modelo está pronto para produção e definir como monitorá-lo.Desenvolver modelos de IA de ponta a pontaDesenvolver modelos utilizando técnicas de IA (estatística, machine learning e deep learning), desde a coleta e tratamento até a engenharia de features;Implementar algoritmos de aprendizado supervisionado e não supervisionado, otimizando-os para performance e eficiência;Encapsular modelos em APIs robustas, fáceis de usar e bem documentadas.Transformar grandes volumes de dados em valorColetar, processar e analisar grandes volumes de dados estruturados e não estruturados para identificar padrões e tendências;Criar visualizações que elucidem as decisões tomadas e a qualidade dos modelos desenvolvidos.Atuar como ponte entre tecnologia e negócioFacilitar a comunicação entre diferentes departamentos e alavancar o potencial de equipes multidisciplinares;Interface direta com clientes e parceiros para levantamento de requisitos técnicos, especificação de arquitetura de modelos e apresentação de resultados.Sustentar a cultura de inovação da KunumiManter-se atualizado com as últimas tendências e avanços em ciência de dados e IA;Atuar de forma colaborativa e alinhada ao ""jeito Kunumi"": autonomia, responsabilidade compartilhada e diálogo aberto.O que é esperado de vocêLiderança Técnica: Experiência sólida liderando projetos e equipes técnicas.Domínio de Programação: Proficiência em Python (preferencial), R, SQL e bibliotecas como TensorFlow, PyTorch e Scikit-Learn.Ambiente de Desenvolvimento: Experiência de desenvolvimento em ambiente Linux.Experiência Prática: Aplicação real de métodos estatísticos e algoritmos de ML para resolver problemas complexos.Visualização de Dados: Experiência com ferramentas como Tableau, Matplotlib ou Seaborn.O que pode ser um diferencialBig Data: Familiaridade com tecnologias de armazenamento e processamento como Hadoop, Spark e NoSQL.Pesquisa Aplicada: Experiência anterior coordenando esforços de P&D.Visão de Produto: Capacidade de traduzir limitações técnicas em soluções de negócio para clientesSOBRE A KUNUMINa Kunumi, a curiosidade é nossa força motriz na busca incansável por conhecimento e pela coragem de desafiar o convencional. Acreditamos que a diversidade de pensamentos e perspectivas é fundamental para criar soluções únicas e impactantes.Nossa cultura é pautada pela valorização das pessoas, do cuidado com o legado que deixamos e pela constante busca por resultados elegantes em meio a desafios complexos. Aqui, cada voz é ouvida, cada ideia é valorizada e cada conquista é celebrada em conjunto.Somos agentes de mudança que almejam promover uma transformação positiva na sociedade por meio da Inteligência Artificial. Acreditamos no potencial humano e na capacidade de atuar como catalisadores para um futuro mais equilibrado.BENEFÍCIOSCultura dinâmica, diversa e focada no crescimento conjunto;Trabalho em ambiente remoto com horário flexível;Suporte home-office (ajuda de custo, cadeira, headphones, laptop, entre outros);Plano de saúde premium e dental para você e seus dependentes, sem mensalidade;Alimentação (cartão flexível);Licença parental estendidaAssistência a Filhos;Auxílio para Filhos(as) com Deficiência;Seguro de Vida;Programas de promoção à Saúde - mental, física e emocionalParceria Wellhub - Plano Gold gratuitoRecesso remunerado de final de anoKunumi Day mensal - Toda segunda sexta-feira do mês ficamos offSOBRE O PROCESSODepois de enviar sua inscrição, você receberá um email de confirmação.Acreditamos que a diversidade promove a criatividade e acelera resultados positivos, portanto, consideramos todos os candidatos não somente pela qualificação técnica, mas também como nos complementa como grupo.Conheça a nossa Política de Tratamento de Dados de CandidatosShow moreShow less",N/A,On-site/Hybrid,https://www.linkedin.com/jobs-guest/jobs/api/jobPosting/4405267191,2026-08-04
Cientista de Dados Sr/Espec.,PagBank,"São Paulo, São Paulo, Brazil",3 weeks ago,"Responsabilidades e atribuiçõesDesenvolver modelos para otimização de processos de banking ou adquirência.Analisar grandes volumes de dados transacionais para identificar padrões, tendências e oportunidades de melhoria nos processos.Implementar algoritmos de segmentação de clientes e predição de comportamento para aumentar a eficiência e a personalização dos serviços oferecidos.Trabalhar em estreita colaboração com equipes de engenharia, produto e negócios para definir e implementar soluções de dados que atendam às necessidades do cliente e da empresa.Fornecer insights complexos de maneira clara e eficaz para stakeholders não técnicos, ajudando na tomada de decisões estratégicas.Mentorar e fornecer orientação técnica para membros da equipe de ciência de dados com menor senioridade.Requisitos e qualificaçõesSuperior completo em Ciências da Computação, Engenharia, Matemática, Estatística ou áreas relacionadas.Experiência com análise de grandes volumes de dados para a geração de insights para times de negócio.Experiência com ferramentas de análise de dados e programação como SQL, Python, R ou bibliotecas de machine learning (TensorFlow, PyTorch, Scikit-Learn, etc.).Habilidade para resolver problemas complexos de maneira criativa e inovadora.Conhecimento de processos de versionamento de código (Git, Github).Habilidade para traduzir dúvidas e necessidades dos times de negócios em requisitos para as análises.Para se destacar nessa posição, seria legal se você também tivesse:Disponibilidade para atuar no modelo híbrido (3x na semana) em São Paulo - SP.Show moreShow less",N/A,On-site/Hybrid,https://www.linkedin.com/jobs-guest/jobs/api/jobPosting/4434566095,2026-08-04
Analista de Ciência de Dados (Otimização e Pesquisa Operacional),Accenture Brasil,"São Paulo, São Paulo, Brazil",1 week ago,"Sobre a AccentureA Accenture ajuda as principais empresas do mundo a se reinventarem, construindo seu núcleo digital e liberando o poder da IA para gerar valor com rapidez em organizações de todos os setores. Nossa estratégia é ser o parceiro de reinvenção preferido de nossos clientes, liderar a adoção da IA de maneira segura e em escala, ser a empresa impulsionada por IA mais centrada no cliente, além de ser o melhor lugar para se trabalhar. Reunimos o talento de aproximadamente 786 mil pessoas com ativos e plataformas proprietárias, profundo conhecimento em processos e indústrias e relações líderes no ecossistema para oferecer soluções integradas e resultados mensuráveis em escala. Por meio de nossos Reinvention Services oferecemos ampla expertise em Cibersegurança, Núcleo Digital, Finanças, Indústria e Empresa, Song, Cadeia de Suprimentos & Engenharia e Talento, com capacidades avançadas em IA e Dados, Indústria & Processos e Tecnologia. Atendemos aproximadamente 9 mil clientes e geramos cerca de US$ 70 bilhões em receita no ano fiscal de 2025.Visite a Accenture em accenture.com.A oportunidade:Você atuará como especialista no assunto, colaborando com diversas equipes para apoiar decisões de alto impacto. Trabalhará junto a times multifuncionais, contribuindo em momentos estratégicos e propondo soluções inovadoras para os desafios que surgirem. Sua expertise em Data AI Business Analytics será fundamental para construir resultados transformadores. Estamos empolgados para ver como suas contribuições impulsionarão nosso crescimento e sucesso!O que você vai fazer no seu dia a dia:Formular, desenvolver e implementar modelos de otimização usando Gurobi, CPLEX, COIN ou outras engines de otimização para diversos tipos de problemas.Projetar e desenvolver algoritmos para problemas complexos de otimização, incluindo Alocação de Recursos, Roteamento de Veículos, Sequenciamento de Tarefas, Otimização de Portfólio e Otimizações de Cadeia de Suprimentos.Preparar documentação clara e concisa do desenvolvimento do modelo, abordagens de solução e resultados.Apresentar soluções de otimização e recomendações para stakeholders técnicos e não técnicos.Validar modelos e soluções de otimização usando métodos heurísticos.Manter se atualizado sobre as últimas tendências e desenvolvimentos em otimização e identificar proativamente oportunidades de melhoria contínua.O que estamos procurando na pessoa que vai fazer parte do time:Graduação, Mestrado ou Doutorado em Matemática Aplicada, Engenharia da Produção, Engenharia Industrial, Ciência da Computação, Sistemas de Informação ou áreas relacionadas.Experiência em modelagem de otimização e desenvolvimento de algoritmos usando Gurobi, CPLEX ou outras engines de otimização.Conhecimento em programação linear, programação inteira e programação inteira mista.Proficiência em uma ou mais linguagens de programação Python, C, similares.Fortes habilidades de resolução de problemas e análise, com capacidade de desenvolver soluções criativas e eficientes para problemas complexos.Benefícios:🏥 Assistência Médica – 100% subsidiada pela empresa (titular e dependentes)🦷 Assistência Odontológica🍽️ Vale Refeição ou Alimentação sem desconto🛡️ Seguro de vida📈 Previdência Privada🏋️ Welhub*📉 Opção de compra de ações da empresa com desconto💊 Desconto Farmácia*👶 Auxílio Creche*📚 Parceria com escola de idiomas*👨‍👩‍👧 Licença Maternidade e Paternidade Estendida💰 PPR*Conforme política vigenteLocalidade da vaga:Hibrido – São Paulo/SPou Remoto outras localidades.Show moreShow less",N/A,On-site/Hybrid,https://www.linkedin.com/jobs-guest/jobs/api/jobPosting/4427456930,2026-08-04
Desenvolvedor de IA,UX Group,"Barueri, São Paulo, Brazil",1 week ago,"ComoDesenvolvedor(a) de IA, você será responsável por criar e evoluir soluções de Inteligência Artificial para produtos e processos internos, utilizando dados como base para desenvolver modelos de Machine Learning e aplicações de IA Generativa. Você atuará em todo o ciclo de desenvolvimento, da concepção à produção, trabalhando em conjunto com a equipe técnica para transformar necessidades do negócio em soluções inovadoras e escaláveis.Responsabilidades e atribuiçõesEvoluir e principalmente desenvolver soluções de IA aplicadas a produtos e processos internos.Trabalhar com dados como base para qualquer solução de IA (modelagem, tratamento, análise).Construir e colocar em produção modelos de Machine Learning e aplicações com IA.Colaborar diretamente com a liderança de Dados/IA e com referências técnicas internas.Traduzir problemas de negócio em soluções técnicas viáveis, pensando além da IA quando necessário.Requisitos e qualificaçõesForte histórico com Dados, formação, prática ou ambos (análise, modelagem, engenharia de dados);Experiência comprovada em Machine Learning;Histórico recente de projetos de IA desenvolvidos e entregues de ponta a ponta;Boa base de programação e desenvolvimento de software (engenharia é bem-vinda; formação acadêmica específica em IA não é obrigatória).Tecnologias e ferramentas:Linguagens: Python (essencial) e SQL;ML/Data Science: pandas, NumPy, scikit-learn;Deep Learning: PyTorch e/ou TensorFlow;LLMs e IA generativa: experiência com APIs de LLMs (OpenAI, Anthropic, etc.) e frameworks de orquestração como LangChain ou similares;Dados: modelagem e consultas em bancos relacionais (PostgreSQL/MySQL) e experiência com pipelines de dados (ETL);Versionamento e colaboração: Git;Cloud: experiência com pelo menos um provedor (AWS, GCP ou Azure).Diferenciais:Experiência prévia em iGaming, apostas ou entretenimento digital;Vivência em ambientes de alto volume de dados e decisões em tempo real;Experiência com MLOps (Docker, Kubernetes, MLflow ou similares) para deploy e monitoramento de modelos em produção;Vivência com bancos vetoriais (Pinecone, Weaviate, ChromaDB) e arquiteturas de RAG (Retrieval-Augmented Generation);Familiaridade com ferramentas de processamento de dados em larga escala (Spark, Databricks);Experiência com orquestração de workflows (Airflow ou similares);Conhecimento em NoSQL (MongoDB, Redis).Informações adicionais🚗 Vale Transporte e auxílio com50% do estacionamento🍽️ Vale Refeição🩺 Assistência Médica🦷 Assistência Odontológica🛡️ Seguro de Vida🏋️ Acesso aoTotalPass e Wellhub, para você cuidar da saúde do seu jeito📲 PlataformasAvus e Starbem, com suporte para sua saúde física e mental💆 Massagem semanal🦴 Quiropraxia semanal💅 Manicure☕ Café da manhã todos os dias🍎 Snacks liberados durante o expediente🎉 Day Off no aniversário, porque celebrar sua jornada também faz parte.Show moreShow less",N/A,On-site/Hybrid,https://www.linkedin.com/jobs-guest/jobs/api/jobPosting/4442896605,2026-08-04
