title,company,location,posted,description,applicants,work_mode,link,data_coleta
Data Scientist II,Banco Bradesco,"Barueri, São Paulo, Brazil",1 day ago,"Sobre o BradescoA gente acredita no poder da confiança. Confiança que aproxima, orienta e transforma a vida das pessoas no dia a dia. Entrar no Bradesco é fazer parte de um momento real de transformação. Um ambiente que combina a solidez de uma história construída ao longo de décadas com a evolução constante de quem está sempre olhando para frente. Aqui, você encontra espaço para aprender, crescer e assumir protagonismo na sua trajetória, com apoio, estrutura e oportunidades que acompanham o seu desenvolvimento. Mais do que trabalhar em uma grande instituição, é sobre fazer parte de um time que impacta milhões de pessoas, contribui para o desenvolvimento do país e constrói, todos os dias, um futuro mais acessível e sustentável para a sociedade.Sobre a áreaCompras: Gerencia os processos de aquisição de bens e serviços, atuando no relacionamento com fornecedores e na negociação e gestão de contratos. Contribui para a eficiência e competitividade do banco por meio da otimização de custos, da governança e da sustentabilidade nas contratações. Apoia as áreas do negócio garantindo qualidade, conformidade e continuidade dos serviços.Como será seu dia a dia?Como Data Scientist II, você atuará na área de Inteligência e Compras e suas principais atividades serão:Desenvolver e manter modelos preditivos para apoiar análises e previsões relacionadas às compras e cadeia de suprimentos.Extrair, tratar, limpar e estruturar grandes volumes de dados, garantindo qualidade e confiabilidade das informações.Realizar análises estatísticas e estudos avançados para identificar oportunidades, tendências e solucionar problemas do negócio.Transformar dados em insights estratégicos e recomendações acionáveis, apoiando a tomada de decisão de compradores e gestores.Criar apresentações, relatórios e storytelling de dados, traduzindo informações técnicas em linguagem clara para o negócio.Atuar como parceiro das áreas de BI e Engenharia de Dados, contribuindo para a evolução dos processos analíticos e da governança de dadosIdentificar oportunidades de otimização de processos, redução de custos e melhoria da performance das negociações.Apoiar a construção de inteligência de compras, antecipando riscos, tendências de mercado e oportunidades estratégicas.Modelo de trabalhoHíbrido - 3x PresencialUnidade: Alphaville - SPPerfil que buscamosValorizamos quem entende o cliente em profundidade, trabalha em parceria e transforma conhecimento em entregas com impacto. Profissionais com senso de dono, consistência na execução e foco em resultado, que evoluem continuamente, compartilham aprendizados e usam tecnologia para transformar desafios em soluções relevantes para o negócio.RequisitosEnsino superior completo em Ciência da Computação, Engenharia, Sistemas de Informação ou áreas correlatas.Conhecimento em Python ou R.Experiência com Banco de Dados e SQLConhecimentos em Estatística e Machine LearningExperiência com versionamento de código utilizando GitSerá um diferencial se você tiver:Experiência em projetos de análise de dados aplicados às áreas de Compras, Suprimentos ou Operações.Vivência com análise e manipulação de dados provenientes de ERPs e plataformas corporativas, como SAP Ariba e ServiceNow.O que você encontra aquiCuidar de vocêPlano de saúde e odontológicoSeguro de vidaViva Bem: programa de saúde, bem-estar e qualidade de vidaTotalPassCrescer com vocêUniversidade corporativa Bradesco (Unibrad)Parcerias educacionaisSegurança para o seu futuroParticipação nos lucros ou Bônus (conforme a elegibilidade de cargo)Previdência privadaCondições especiais em produtos e serviçosIsenção de Tarifas: condições especiais em diversos produtos e serviçosApoio à sua vida e à sua famíliaVale alimentação e refeição13ª cesta alimentaçãoAuxílio creche ou babáLicença Maternidade de 180 dias, acompanhamento assistencial da gestação até o pós-partoLicença Paternidade estendida de 20 diasVale transporte opcionalTudo pensado para apoiar sua jornada de crescimento com equilíbrio, segurança e oportunidade.DiversidadeNo Bradesco, diversidade é valor e estratégia. Trabalhamos para construir um ambiente inclusivo e um quadro de colaboradores que reflita a diversidade da sociedade brasileira. Por isso, valorizamos pessoas com diferentes histórias e características, como gênero, raça, orientação sexual, deficiência, idade e outras dimensões da diversidade.Se você acredita na confiança como base para transformar, gosta de desafios e quer crescer em um ambiente que evolui junto com você, seu lugar pode ser aqui. Vem ser Bradesco!Show moreShow less",N/A,On-site/Hybrid,https://www.linkedin.com/jobs-guest/jobs/api/jobPosting/4443533144,2026-08-13
Data Scientist II,Banco Bradesco,"Osasco, São Paulo, Brazil",1 week ago,"Sobre o BradescoA gente acredita no poder da confiança. Confiança que aproxima, orienta e transforma a vida das pessoas no dia a dia. Entrar no Bradesco é fazer parte de um momento real de transformação. Um ambiente que combina a solidez de uma história construída ao longo de décadas com a evolução constante de quem está sempre olhando para frente. Aqui, você encontra espaço para aprender, crescer e assumir protagonismo na sua trajetória, com apoio, estrutura e oportunidades que acompanham o seu desenvolvimento. Mais do que trabalhar em uma grande instituição, é sobre fazer parte de um time que impacta milhões de pessoas, contribui para o desenvolvimento do país e constrói, todos os dias, um futuro mais acessível e sustentável para a sociedade.Sobre a áreaCrédito: Responsável pela estruturação, gestão e evolução das soluções de crédito do banco, atendendo diferentes perfis de clientes e necessidades financeiras. Atua na definição de políticas, análise e concessão de crédito, equilibrando competitividade, rentabilidade e controle de riscos. Contribui para o crescimento sustentável do negócio e para a eficiência na alocação de capital.Como será seu dia a dia?Como Data Scientist II, você atuará na área de Crédito - Principal e Private e suas principais atividades serão:Desenvolver análises de clusterização para identificar perfis, padrões comportamentais e segmentos ideais para tomada de decisão;Construir, validar e recalibrar modelos de precificação na visão cliente, monitorando performance e realizando ajustes contínuos;Explorar grandes volumes de dados internos e externos para criação de features relevantes que aprimorem a qualidade dos modelos;Realizar análises de sensibilidade para avaliar impactos de mudanças nos parâmetros de precificação e nas condições de mercado sobre a demanda;Traduzir insights complexos em recomendações claras e acionáveis, garantindo entendimento dos stakeholders e contribuindo para estratégias de rentabilidade alinhadas à elasticidade da demanda.Modelo de trabalhoHíbrido - 3x PresencialUnidade: Osasco - SPPerfil que buscamosValorizamos quem entende o cliente em profundidade, trabalha em parceria e transforma conhecimento em entregas com impacto. Profissionais com senso de dono, consistência na execução e foco em resultado, que evoluem continuamente, compartilham aprendizados e usam tecnologia para transformar desafios em soluções relevantes para o negócio.RequisitosGraduação superior completa em áreas como Economia, Engenharia, Estatística, Matemática, Administração ou áreas correlatas;Conhecimento em conceitos, modelos de precificação e análise de rentabilidade;Vivência com Python, SQL e PySpark;Vivência com Databricks;Será um diferencial se você tiver:Conhecimento em SAS;Conhecimento em linguagem de programação R;Inglês nível intermediário;O que você encontra aquiCuidar de vocêPlano de saúde e odontológicoSeguro de vidaViva Bem: programa de saúde, bem-estar e qualidade de vidaTotalPassCrescer com vocêUniversidade corporativa Bradesco (Unibrad)Parcerias educacionaisSegurança para o seu futuroParticipação nos lucros ou Bônus (conforme a elegibilidade de cargo)Previdência privadaCondições especiais em produtos e serviçosIsenção de Tarifas: condições especiais em diversos produtos e serviçosApoio à sua vida e à sua famíliaVale alimentação e refeição13ª cesta alimentaçãoAuxílio creche ou babáLicença Maternidade de 180 dias, acompanhamento assistencial da gestação até o pós-partoLicença Paternidade estendida de 20 diasVale transporte opcionalTudo pensado para apoiar sua jornada de crescimento com equilíbrio, segurança e oportunidade.DiversidadeNo Bradesco, diversidade é valor e estratégia. Trabalhamos para construir um ambiente inclusivo e um quadro de colaboradores que reflita a diversidade da sociedade brasileira. Por isso, valorizamos pessoas com diferentes histórias e características, como gênero, raça, orientação sexual, deficiência, idade e outras dimensões da diversidade.Se você acredita na confiança como base para transformar, gosta de desafios e quer crescer em um ambiente que evolui junto com você, seu lugar pode ser aqui. Vem ser Bradesco!Show moreShow less",N/A,On-site/Hybrid,https://www.linkedin.com/jobs-guest/jobs/api/jobPosting/4448652176,2026-08-13
Cientista de Dados,LUZA Group,"São Paulo, São Paulo, Brazil",2 weeks ago,"Venha fazer parte de um ecossistema vivo onde o futuro dos negócios é criado e vivido todos os dias. Faça parte desta transformação!Na LUZA Group, a paixão, a perseverança e a vontade de superar limites definem o nosso caminho para o sucesso.Fundada em 2006, somos uma multinacional portuguesa com mais de 1.200 profissionais talentosos e um volume de negócios. Com presença em mercados estratégicos como Portugal, Espanha, Marrocos, Brasil, México, Estados Unidos e China, oferecemos soluções inovadoras em engenharia, TI, design, consultoria, Indústria 4.0, treinamento e recrutamento. Tudo o que fazemos é movido pelo talento de nosso povo.Este é um momento de crescimento e oportunidade. O futuro pertence a mentes visionárias. Junte-se a nós!Cientista de DadosObjetivo da posiçãoO(a) Cientista de Dados atuará no desenvolvimento de análises, modelosestatísticos e soluções de machine learning para apoiar a tomada de decisão,geração de valor para o negócio e evolução da Plataforma Auren de Dados & IA.A posição exige capacidade de transformar problemas de negócio em hipótesesanalíticas, experimentos, modelos e recomendações acionáveis, trabalhando deforma integrada com times de dados, tecnologia, negócio e governança. Espera-seatuação prática em todo o ciclo da solução, desde a definição do problema até avalidação, documentação e eventual industrialização em ambiente produtivo.ResponsabilidadesTraduzir necessidades de negócio em problemas analíticos e hipótesestestáveis.Conduzir análises exploratórias, estatísticas e preditivas para identificarpadrões, oportunidades, riscos e alavancas de valor.Desenvolver modelos de machine learning, incluindo classificação, regressão,clusterização, séries temporais, previsão e detecção de anomalias, quandoaplicável.Realizar preparação, limpeza, transformação e enriquecimento de dados paraanálises e modelagem.Selecionar, testar e comparar abordagens analíticas considerando acurácia,interpretabilidade, custo, escalabilidade e aplicabilidade ao contexto donegócio.Avaliar resultados de modelos e experimentos, propondo melhorias e ajustescom base em métricas técnicas e de negócio.Apoiar a definição de variáveis, features e datasets confiáveis para casos deuso analíticos e de IA.Trabalhar em conjunto com arquitetos de dados, engenheiros de dados,engenheiros de IA e áreas usuárias para viabilizar soluções de ponta a ponta.Documentar hipóteses, premissas, metodologias, resultados e limitações dasanálises e modelos desenvolvidos.Apoiar a transição de protótipos para soluções escaláveis e sustentáveis emambiente corporativo.Utilizar ferramentas de IA generativa e automação, quando apropriado, paraacelerar exploração, prototipação, geração de código e documentação,sempre com validação técnica.Requisitos técnicosExperiência com Python para análise de dados e desenvolvimento demodelos.Sólido conhecimento de SQL e manipulação de dados em bases estruturadas.Vivência com bibliotecas e frameworks como pandas, numpy, scikit-learn,matplotlib, seaborn ou equivalentes.Conhecimento de estatística aplicada, probabilidade, inferência estatística edesenho de experimentos.Experiência com técnicas de machine learning supervisionado e nãosupervisionado.Capacidade de interpretar métricas de desempenho de modelos e de traduzirresultados técnicos em linguagem de negócio.Conhecimento de boas práticas de organização de código, versionamento edocumentação.Familiaridade com ambientes de dados e plataformas analíticas corporativas.Capacidade de trabalhar com dados de múltiplas fontes, com atenção àqualidade, consistência e rastreabilidade.DiferenciaisExperiência com séries temporais, previsão de demanda, otimização,detecção de anomalias ou problemas de manutenção preditiva.Experiência com projetos em setores regulados, industriais ou deinfraestrutura crítica.Conhecimento de ferramentas de cloud e plataformas de dados modernas.Experiência com MLOps, versionamento de modelos e implantação emprodução.Vivência com IA generativa, embeddings, LLMs ou uso de ferramentas decopiloto para acelerar trabalho analítico.Experiência com visualização de dados e ferramentas de BI, como Power BI ousimilares.Conhecimento de técnicas de explicabilidade, interpretabilidade e AIreponsável.Perfil esperadoBuscamos um(a) profissional com raciocínio analítico forte, curiosidade intelectuale disciplina metodológica. A pessoa deve ter autonomia para investigar problemas,estruturar análises e sustentar conclusões com base em evidências.Espera-se capacidade de colaboração com perfis técnicos e de negócio, boacomunicação, organização e postura orientada a resultado. Também é importanteter maturidade para lidar com ambiguidade, priorizar o que gera valor e evoluirsoluções de forma incremental, sem perder rigor técnico.O que oferecemosWellhub;OnHappy;Sesc;Horário Flexível.Show moreShow less",N/A,On-site/Hybrid,https://www.linkedin.com/jobs-guest/jobs/api/jobPosting/4444791057,2026-08-13
Data Scientist II,Banco Bradesco,"Osasco, São Paulo, Brazil",1 week ago,"Sobre o BradescoA gente acredita no poder da confiança. Confiança que aproxima, orienta e transforma a vida das pessoas no dia a dia. Entrar no Bradesco é fazer parte de um momento real de transformação. Um ambiente que combina a solidez de uma história construída ao longo de décadas com a evolução constante de quem está sempre olhando para frente. Aqui, você encontra espaço para aprender, crescer e assumir protagonismo na sua trajetória, com apoio, estrutura e oportunidades que acompanham o seu desenvolvimento. Mais do que trabalhar em uma grande instituição, é sobre fazer parte de um time que impacta milhões de pessoas, contribui para o desenvolvimento do país e constrói, todos os dias, um futuro mais acessível e sustentável para a sociedade.Sobre a áreaCrédito: Responsável pela estruturação, gestão e evolução das soluções de crédito do banco, atendendo diferentes perfis de clientes e necessidades financeiras. Atua na definição de políticas, análise e concessão de crédito, equilibrando competitividade, rentabilidade e controle de riscos. Contribui para o crescimento sustentável do negócio e para a eficiência na alocação de capital.Como será seu dia a dia?Como Data Scientist II, você atuará na área de Crédito - Negócios e suas principais atividades serão:Desenvolver análises de clusterização para identificar perfis, padrões comportamentais e segmentos ideais para tomada de decisão;Construir, validar e recalibrar modelos de precificação na visão cliente, monitorando performance e realizando ajustes contínuos;Explorar grandes volumes de dados internos e externos para criação de features relevantes que aprimorem a qualidade dos modelos;Realizar análises de sensibilidade para avaliar impactos de mudanças nos parâmetros de precificação e nas condições de mercado sobre a demanda;Traduzir insights complexos em recomendações claras e acionáveis, garantindo entendimento dos stakeholders.Modelo de trabalhoHíbrido - 3x PresencialUnidade: Osasco - SPPerfil que buscamosValorizamos quem entende o cliente em profundidade, trabalha em parceria e transforma conhecimento em entregas com impacto. Profissionais com senso de dono, consistência na execução e foco em resultado, que evoluem continuamente, compartilham aprendizados e usam tecnologia para transformar desafios em soluções relevantes para o negócio.RequisitosGraduação superior completa em Economia, Estatística, Engenharia, Matemática, Administração ou áreas correlatas;Conhecimento em modelos de precificação e análise de rentabilidade;Vivência com Python e SQL;Vivência com Databricks;Será um diferencial se você tiver:Inglês nível intermediário.O que você encontra aquiCuidar de vocêPlano de saúde e odontológicoSeguro de vidaViva Bem: programa de saúde, bem-estar e qualidade de vidaTotalPassCrescer com vocêUniversidade corporativa Bradesco (Unibrad)Parcerias educacionaisSegurança para o seu futuroParticipação nos lucros ou Bônus (conforme a elegibilidade de cargo)Previdência privadaCondições especiais em produtos e serviçosIsenção de Tarifas: condições especiais em diversos produtos e serviçosApoio à sua vida e à sua famíliaVale alimentação e refeição13ª cesta alimentaçãoAuxílio creche ou babáLicença Maternidade de 180 dias, acompanhamento assistencial da gestação até o pós-partoLicença Paternidade estendida de 20 diasVale transporte opcionalTudo pensado para apoiar sua jornada de crescimento com equilíbrio, segurança e oportunidade.DiversidadeNo Bradesco, diversidade é valor e estratégia. Trabalhamos para construir um ambiente inclusivo e um quadro de colaboradores que reflita a diversidade da sociedade brasileira. Por isso, valorizamos pessoas com diferentes histórias e características, como gênero, raça, orientação sexual, deficiência, idade e outras dimensões da diversidade.Se você acredita na confiança como base para transformar, gosta de desafios e quer crescer em um ambiente que evolui junto com você, seu lugar pode ser aqui. Vem ser Bradesco!Show moreShow less",N/A,On-site/Hybrid,https://www.linkedin.com/jobs-guest/jobs/api/jobPosting/4448642350,2026-08-13
Cientista de Dados,Votorantim Cimentos,"São Paulo, São Paulo, Brazil",5 days ago,"Há 90 anos construímos o futuro do Brasil e da construção. Somos uma multinacional brasileira de construção e soluções sustentáveis, presente em 9 países, com mais de 13.900 pessoas. Aqui, o desenvolvimento é real: somos uma escola formadora, com mobilidade entre áreas e negócios, ambiente exigente e respeitoso, e carreiras construídas ao longo do tempo. Na Votorantim Cimentos, nada nasce pronto. Tudo é construção — e a sua carreira pode ser a próxima.Responsabilidades e atribuiçõesPrincipais Responsabilidades:Preparar, validar e organizar bases de dados, avaliando qualidade, inconsistências, outliers e premissas utilizadas;Executar, manter, testar e melhorar modelos analíticos e preditivos, conectando resultados aos indicadores do negócio;Construir análises, indicadores, painéis, testes e simulações para acompanhar performance e orientar priorizações;Documentar metodologias, regras de negócio, limitações e resultados para garantir continuidade e sustentação das soluções;Comunicar recomendações de forma clara e pragmática, utilizando Copilot ou ferramentas similares para acelerar análises, documentação e revisão técnica.Requisitos e qualificaçõesFormação necessária:Superior completo em Engenharias, Ciência da Computação, Sistemas de Informação, Estatística, Matemática, Matemática Aplicada, Economia, Administração com foco analítico ou áreas correlatas.Conhecimentos necessários:Python aplicado à análise, tratamento e modelagem de dados, incluindo bibliotecas como pandas, numpy, scikit-learn ou similares;SQL e manipulação de bases relacionais, incluindo relacionamento entre tabelas, granularidade, qualidade dos dados e otimização de consultas;Estatística aplicada e validação analítica, incluindo probabilidade, correlação, testes de hipótese, métricas de erro e interpretação de resultados;Modelagem preditiva, incluindo preparação dos dados, treino, validação, interpretação e acompanhamento de modelos;Raciocínio lógico, organização analítica e comunicação clara para explicar premissas, limitações e recomendações para públicos técnicos e não técnicos.Conhecimentos desejáveis:Experiência com Azure, Databricks, PySpark, notebooks, jobs ou pipelines de dados;Conhecimento de Qlik Sense, QVDs, Excel avançado ou ferramentas de BI;Experiência com séries temporais, forecast, segmentação, modelos de propensão, otimização ou experimentação;Vivência em contextos comerciais, vendas, marketing, precificação, CRM, território ou lead scoring, com noções de documentação, governança e controle de custos em soluções de dados.Informações adicionaisBenefícios que apoiam sua jornadaNa Votorantim Cimentos, oferecemos benefícios para apoiar sua saúde, sua família e seus planos para o futuro:Saúde e bem-estarPlano médico ou seguro-saúde;Plano odontológico;Telemedicina;Auxílio-medicamentos*;Apoio à saúde mental e Pilar 24h;TotalPass e programas de qualidade de vida*.Apoio à famíliaAuxílio-creche ou babá*;Apoio para material escolar*;Programa VC e Seu Bebê*;Vale-enxoval e licença parental estendida*;Benefícios de fim de ano*.Alimentação e mobilidadeVale-alimentação, vale-refeição ou acesso ao refeitório*;Vale-transporte, fretado ou estacionamento*.Segurança financeira e reconhecimentoSeguro de vida;Previdência privada*;Participação nos resultados ou remuneração variável*;Day off de aniversário*;Programa de reconhecimento por tempo de casa.O pacote de benefícios pode variar conforme o negócio, a unidade de trabalho, o cargo, o acordo coletivo e as regras de elegibilidade. Consulte as condições aplicáveis a esta oportunidade ao longo do processo seletivo.Show moreShow less",N/A,On-site/Hybrid,https://www.linkedin.com/jobs-guest/jobs/api/jobPosting/4451061414,2026-08-13
Data Scientist III,Banco Bradesco,"Osasco, São Paulo, Brazil",1 week ago,"Sobre o BradescoA gente acredita no poder da confiança. Confiança que aproxima, orienta e transforma a vida das pessoas no dia a dia. Entrar no Bradesco é fazer parte de um momento real de transformação. Um ambiente que combina a solidez de uma história construída ao longo de décadas com a evolução constante de quem está sempre olhando para frente. Aqui, você encontra espaço para aprender, crescer e assumir protagonismo na sua trajetória, com apoio, estrutura e oportunidades que acompanham o seu desenvolvimento. Mais do que trabalhar em uma grande instituição, é sobre fazer parte de um time que impacta milhões de pessoas, contribui para o desenvolvimento do país e constrói, todos os dias, um futuro mais acessível e sustentável para a sociedade.Sobre a áreaCRM: Gerencia estratégias de relacionamento com clientes por meio do uso de dados e inteligência analítica. Atua na segmentação de públicos e na personalização de ofertas, comunicações e jornadas, maximizando relevância e engajamento. Contribui para aquisição, fidelização e crescimento, apoiando decisões comerciais e a evolução da experiência do cliente.Como será seu dia a dia?Como Data Scientist III, você atuará na área de Insights e suas principais atividades serão:Estruturar dados para consumo analítico.Desenvolver pipelines.Trabalhar com Databricks.Desenvolver soluções utilizando Python.Organizar bases de dados.Garantir qualidade dos dados.Apoiar a migração para Cloud.Trabalhar junto às demais Squads.Modelo de trabalhoHíbrido - 1x PresencialUnidade: Osasco - SPPerfil que buscamosValorizamos quem entende o cliente em profundidade, trabalha em parceria e transforma conhecimento em entregas com impacto. Profissionais com senso de dono, consistência na execução e foco em resultado, que evoluem continuamente, compartilham aprendizados e usam tecnologia para transformar desafios em soluções relevantes para o negócio.RequisitosEnsino Superior Completo.Python.Engenharia de Dados.Databricks.Analytics.Será um diferencial se você tiver:CRM.Mercado Financeiro.Inglês intermediário.Conhecimento em Modelos de Propensão.O que você encontra aquiCuidar de vocêPlano de saúde e odontológicoSeguro de vidaViva Bem: programa de saúde, bem-estar e qualidade de vidaTotalPassCrescer com vocêUniversidade corporativa Bradesco (Unibrad)Parcerias educacionaisSegurança para o seu futuroParticipação nos lucros ou Bônus (conforme a elegibilidade de cargo)Previdência privadaCondições especiais em produtos e serviçosIsenção de Tarifas: condições especiais em diversos produtos e serviçosApoio à sua vida e à sua famíliaVale alimentação e refeição13ª cesta alimentaçãoAuxílio creche ou babáLicença Maternidade de 180 dias, acompanhamento assistencial da gestação até o pós-partoLicença Paternidade estendida de 20 diasVale transporte opcionalTudo pensado para apoiar sua jornada de crescimento com equilíbrio, segurança e oportunidade.DiversidadeNo Bradesco, diversidade é valor e estratégia. Trabalhamos para construir um ambiente inclusivo e um quadro de colaboradores que reflita a diversidade da sociedade brasileira. Por isso, valorizamos pessoas com diferentes histórias e características, como gênero, raça, orientação sexual, deficiência, idade e outras dimensões da diversidade.Se você acredita na confiança como base para transformar, gosta de desafios e quer crescer em um ambiente que evolui junto com você, seu lugar pode ser aqui. Vem ser Bradesco!Show moreShow less",N/A,On-site/Hybrid,https://www.linkedin.com/jobs-guest/jobs/api/jobPosting/4448328985,2026-08-13
Data Scientist I,Banco Bradesco,"Osasco, São Paulo, Brazil",5 days ago,"Sobre o BradescoA gente acredita no poder da confiança. Confiança que aproxima, orienta e transforma a vida das pessoas no dia a dia. Entrar no Bradesco é fazer parte de um momento real de transformação. Um ambiente que combina a solidez de uma história construída ao longo de décadas com a evolução constante de quem está sempre olhando para frente. Aqui, você encontra espaço para aprender, crescer e assumir protagonismo na sua trajetória, com apoio, estrutura e oportunidades que acompanham o seu desenvolvimento. Mais do que trabalhar em uma grande instituição, é sobre fazer parte de um time que impacta milhões de pessoas, contribui para o desenvolvimento do país e constrói, todos os dias, um futuro mais acessível e sustentável para a sociedade.Sobre a áreaCrédito: Responsável pela estruturação, gestão e evolução das soluções de crédito do banco, atendendo diferentes perfis de clientes e necessidades financeiras. Atua na definição de políticas, análise e concessão de crédito, equilibrando competitividade, rentabilidade e controle de riscos. Contribui para o crescimento sustentável do negócio e para a eficiência na alocação de capital.Como será seu dia a dia?Como Data Scientist I, você atuará na área de Gerenciado e suas principais atividades serão:Realizar análises exploratórias para entender comportamentos e oportunidades de negócio.Desenvolver e validar modelos estatísticos e preditivos.Construir segmentações e clusterizações de clientes.Explorar hipóteses e responder perguntas estratégicas através dos dados.Desenvolver análises utilizando Python e SQL.Apresentar resultados e recomendações para stakeholders.Monitorar resultados e performance de modelos analíticos.Participar de projetos estratégicos de Ciência de Dados.Modelo de trabalhoHíbrido - 3x PresencialUnidade: Osasco - SPPerfil que buscamosValorizamos quem entende o cliente em profundidade, trabalha em parceria e transforma conhecimento em entregas com impacto. Profissionais com senso de dono, consistência na execução e foco em resultado, que evoluem continuamente, compartilham aprendizados e usam tecnologia para transformar desafios em soluções relevantes para o negócio.RequisitosFormação superior completa ou em andamento em Estatística, Matemática, Economia, Engenharia, Ciência de Dados ou áreas correlatas.Conhecimento em Python.Conhecimento em SQL.Conhecimento em Estatística aplicada.Experiência ou conhecimento em análise e manipulação de dados.Conhecimento em Machine Learning básico ou intermediário.Perfil analítico com capacidade de resolução de problemas.Interesse em atuar na interseção entre negócio e dados.Será um diferencial se você tiver:Conhecimento em PySpark.Conhecimento em Databricks.Conhecimento em Power BI.Experiência com projetos de modelagem estatística ou Machine Learning.O que você encontra aquiCuidar de vocêPlano de saúde e odontológicoSeguro de vidaViva Bem: programa de saúde, bem-estar e qualidade de vidaTotalPassCrescer com vocêUniversidade corporativa Bradesco (Unibrad)Parcerias educacionaisSegurança para o seu futuroParticipação nos lucros ou Bônus (conforme a elegibilidade de cargo)Previdência privadaCondições especiais em produtos e serviçosIsenção de Tarifas: condições especiais em diversos produtos e serviçosApoio à sua vida e à sua famíliaVale alimentação e refeição13ª cesta alimentaçãoAuxílio creche ou babáLicença Maternidade de 180 dias, acompanhamento assistencial da gestação até o pós-partoLicença Paternidade estendida de 20 diasVale transporte opcionalTudo pensado para apoiar sua jornada de crescimento com equilíbrio, segurança e oportunidade.DiversidadeNo Bradesco, diversidade é valor e estratégia. Trabalhamos para construir um ambiente inclusivo e um quadro de colaboradores que reflita a diversidade da sociedade brasileira. Por isso, valorizamos pessoas com diferentes histórias e características, como gênero, raça, orientação sexual, deficiência, idade e outras dimensões da diversidade.Se você acredita na confiança como base para transformar, gosta de desafios e quer crescer em um ambiente que evolui junto com você, seu lugar pode ser aqui. Vem ser Bradesco!Show moreShow less",N/A,On-site/Hybrid,https://www.linkedin.com/jobs-guest/jobs/api/jobPosting/4450747171,2026-08-13
Data Scientist Specialist,Banco Bradesco,"Osasco, São Paulo, Brazil",1 week ago,"Sobre o BradescoA gente acredita no poder da confiança. Confiança que aproxima, orienta e transforma a vida das pessoas no dia a dia. Entrar no Bradesco é fazer parte de um momento real de transformação. Um ambiente que combina a solidez de uma história construída ao longo de décadas com a evolução constante de quem está sempre olhando para frente. Aqui, você encontra espaço para aprender, crescer e assumir protagonismo na sua trajetória, com apoio, estrutura e oportunidades que acompanham o seu desenvolvimento. Mais do que trabalhar em uma grande instituição, é sobre fazer parte de um time que impacta milhões de pessoas, contribui para o desenvolvimento do país e constrói, todos os dias, um futuro mais acessível e sustentável para a sociedade.Sobre a áreaSegurança Corporativa: Responsável pela proteção de pessoas, informações e ativos da instituição. Atua na prevenção, monitoramento e resposta a riscos e incidentes, garantindo a segurança física e corporativa. Contribui para a continuidade dos negócios e a integridade das operações, fortalecendo a resiliência e a proteção institucional.Como será seu dia a dia?Como Data Scientist Specialist, você atuará na área de Dados e Modelagem e suas principais atividades serão:Desenvolver, implementar e evoluir modelos de Machine Learning para prevenção à fraude, risco e tomada de decisão.Conduzir projetos analíticos de ponta a ponta, desde a identificação da oportunidade até a implantação em produção.Realizar preparação, exploração e análise de dados para geração de insights e desenvolvimento de modelos preditivos.Desenvolver soluções de Inteligência Artificial e IA Generativa aplicadas a desafios de negócio.Implementar processos de deploy, monitoramento, manutenção e acompanhamento de performance dos modelos.Trabalhar em parceria com áreas de Dados, Engenharia e Negócio para traduzir desafios de negócio em soluções analíticas.Atuar como referência técnica para o time em temas relacionados a Ciência de Dados, Machine Learning e IA.Acompanhar tendências de mercado, novas tecnologias e oportunidades de aplicação de Inteligência Artificial.Modelo de trabalhoHíbrido - 3x PresencialUnidade: Osasco - Matriz ou Curitiba - XaximPerfil que buscamosValorizamos quem entende o cliente em profundidade, trabalha em parceria e transforma conhecimento em entregas com impacto. Profissionais com senso de dono, consistência na execução e foco em resultado, que evoluem continuamente, compartilham aprendizados e usam tecnologia para transformar desafios em soluções relevantes para o negócio.RequisitosGraduação completa em Estatística, Matemática, Ciência da Computação, Engenharia, Sistemas de Informação ou áreas correlatas.Pós-graduação, MBA ou especialização em Data Science, Machine Learning, Inteligência Artificial ou áreas afins.Experiência prática em Machine Learning aplicado, especialmente em problemas de classificação, detecção de anomalias e modelagem preditiva.Vivência no desenvolvimento de modelos para ambientes de produção, incluindo monitoramento e acompanhamento de performance.Experiência com Databricks e processamento de grandes volumes de dados.Conhecimento em todo o ciclo de vida de modelos analíticos, desde a preparação dos dados até a operacionalização das soluções.Experiência em atuação conjunta com áreas multidisciplinares e stakeholders de diferentes níveis organizacionais.Domínio de Python e SQL.Será um diferencial se você tiver:Experiência em prevenção à fraude, PLDFT (Prevenção à Lavagem de Dinheiro e Financiamento do Terrorismo), análise de risco ou contextos similares.Vivência em problemas relacionados à detecção de anomalias e identificação de comportamentos suspeitos.Conhecimento e aplicação de IA Generativa, incluindo LLMs, RAG e agentes inteligentes.Experiência em integração de modelos e aplicações por meio de APIs.O que você encontra aquiCuidar de vocêPlano de saúde e odontológicoSeguro de vidaViva Bem: programa de saúde, bem-estar e qualidade de vidaTotalPassCrescer com vocêUniversidade corporativa Bradesco (Unibrad)Parcerias educacionaisSegurança para o seu futuroParticipação nos lucros ou Bônus (conforme a elegibilidade de cargo)Previdência privadaCondições especiais em produtos e serviçosIsenção de Tarifas: condições especiais em diversos produtos e serviçosApoio à sua vida e à sua famíliaVale alimentação e refeição13ª cesta alimentaçãoAuxílio creche ou babáLicença Maternidade de 180 dias, acompanhamento assistencial da gestação até o pós-partoLicença Paternidade estendida de 20 diasVale transporte opcionalTudo pensado para apoiar sua jornada de crescimento com equilíbrio, segurança e oportunidade.DiversidadeNo Bradesco, diversidade é valor e estratégia. Trabalhamos para construir um ambiente inclusivo e um quadro de colaboradores que reflita a diversidade da sociedade brasileira. Por isso, valorizamos pessoas com diferentes histórias e características, como gênero, raça, orientação sexual, deficiência, idade e outras dimensões da diversidade.Se você acredita na confiança como base para transformar, gosta de desafios e quer crescer em um ambiente que evolui junto com você, seu lugar pode ser aqui. Vem ser Bradesco!Show moreShow less",N/A,On-site/Hybrid,https://www.linkedin.com/jobs-guest/jobs/api/jobPosting/4449093725,2026-08-13
Cientista de Dados,Capgemini,"Barueri, São Paulo, Brazil",2 hours ago,"Nossa Oportunidade:Você é apaixonado(a) por tecnologia, inovação e quer fazer parte de um ambiente inclusivo, colaborativo e em constante evolução? Então essa oportunidade é para você!Na Capgemini, valorizamos o equilíbrio entre vida pessoal e profissional. Por isso, oferecemos modelos de trabalho flexível, híbrido, de acordo com as necessidades do projeto. Nosso objetivo é proporcionar a melhor experiência para você, respeitando seu estilo de vida e promovendo bem-estar.Estamos em busca de um(a)Cientista de Dados, para compor nosso time.Responsabilidades do cargo:Desenvolver e implementar modelos preditivos e soluções baseadas em machine learning e LLMs.Trabalhar com grandes volumes de dados utilizando PySpark e Databricks.Automatizar pipelines de dados e modelos com práticas de CI/CD e MLOps.Monitorar a performance de modelos em produção e implementar estratégias de re-treinamento.Colaborar com times de engenharia, produto e BI para transformar dados em insights acionáveis.Documentar processos, decisões técnicas e resultados de experimentos.Contribuir para a evolução da arquitetura de dados e boas práticas da equipe.RequisitosSólida experiência com Python para ciência de dados e machine learning.Experiência prática com PySpark e Databricks.Conhecimento avançado em CI/CD e MLOps (MLflow, DVC, Airflow, etc.).Experiência com modelos preditivos, regressão, classificação, séries temporais, etc.Familiaridade com LLMs e aplicações de NLP.Experiência com monitoramento de modelos (drift, performance, alertas).Conhecimento em ferramentas de BI (Power BI, Tableau).Experiência com versionamento de código (Git) e metodologias ágeis.Diversidade, Inclusão e Pertencimento:Na Capgemini, você pode ser quem você é. Valorizamos a diversidade em todas as suas formas e promovemos um ambiente inclusivo por meio de comitês como:Women@Capgemini – Empoderamento feminino e equidade de gênero.Capgemini Black – Representatividade e valorização da cultura negra.LGBTQIA+@Capgemini, Capgemini Accessibility, entre outros.Nosso compromisso é contínuo: somos reconhecidos pela GPTW, Bloomberg Gender Equality Index, EDGE e Ethisphere como uma das empresas mais éticas e inclusivas do mundo. Nossas vagas são para todas as pessoas, independentemente de cor, etnia, religião, idade, identidade de gênero, orientação sexual ou deficiência.Desenvolvimento e BenefíciosAqui, você é protagonista da sua carreira! Oferecemos:Plano de carreira estruturado e trilhas personalizadas de aprendizado.Universidade Corporativa, com acesso a Harvard, Pluralsight.Certificações oficiais com parceiros como SAP, AWS, Microsoft, Salesforce.Idiomas com EF Education First (Inglês, Espanhol, Francês e Alemão).Bem-estar completo:Assistência médica e odontológica.TotalPass e Equilibrium (saúde física e mental).Previdência privada e seguro de vida.Programa Family Care: licenças maternidade e paternidade estendidas, apoio à fertilidade, orientação personalizada em saúde e bem-estar.Vale-refeição, clube de benefícios e muito mais!Make It RealNa Capgemini, liberamos a energia humana por meio da tecnologia para construir um futuro mais inclusivo, sustentável e inovador. Se você compartilha desses valores, venha transformar o mundo com a gente!Show moreShow less",N/A,On-site/Hybrid,https://www.linkedin.com/jobs-guest/jobs/api/jobPosting/4454010359,2026-08-13
Data Scientist I,Banco Bradesco,"Osasco, São Paulo, Brazil",1 week ago,"Sobre o BradescoA gente acredita no poder da confiança. Confiança que aproxima, orienta e transforma a vida das pessoas no dia a dia. Entrar no Bradesco é fazer parte de um momento real de transformação. Um ambiente que combina a solidez de uma história construída ao longo de décadas com a evolução constante de quem está sempre olhando para frente. Aqui, você encontra espaço para aprender, crescer e assumir protagonismo na sua trajetória, com apoio, estrutura e oportunidades que acompanham o seu desenvolvimento. Mais do que trabalhar em uma grande instituição, é sobre fazer parte de um time que impacta milhões de pessoas, contribui para o desenvolvimento do país e constrói, todos os dias, um futuro mais acessível e sustentável para a sociedade.Sobre a áreaCrédito: Responsável pela estruturação, gestão e evolução das soluções de crédito do banco, atendendo diferentes perfis de clientes e necessidades financeiras. Atua na definição de políticas, análise e concessão de crédito, equilibrando competitividade, rentabilidade e controle de riscos. Contribui para o crescimento sustentável do negócio e para a eficiência na alocação de capital.Como será seu dia a dia?Como Data Scientist I, você atuará na área de Analytics Atacado e suas principais atividades serão:Desenvolver e evoluir painéis gerenciais, realizando análises e geração de insights que apoiem a tomada de decisão estratégica e o acompanhamento de indicadores de desempenho;Automatizar e otimizar processos, identificando oportunidades de ganho de eficiência, redução de atividades manuais e melhoria contínua dos fluxos operacionais;Analisar e manipular grandes volumes de dados, garantindo a qualidade das informações e a elaboração de estudos que suportem as estratégias da área;Monitorar o desempenho de modelos e políticas de crédito, conduzindo análises para recomendar recalibrações, ajustes e melhorias alinhadas aos objetivos do negócio;Atuar em parceria com áreas internas e órgãos de governança, assegurando atendimento a requisitos regulatórios, auditorias e conduzindo apresentações executivas para reporte de resultados e recomendações.Modelo de trabalhoHíbrido - 2x PresencialUnidade: Osasco/SPPerfil que buscamosValorizamos quem entende o cliente em profundidade, trabalha em parceria e transforma conhecimento em entregas com impacto. Profissionais com senso de dono, consistência na execução e foco em resultado, que evoluem continuamente, compartilham aprendizados e usam tecnologia para transformar desafios em soluções relevantes para o negócio.RequisitosSuperior Completo em áreas de exatas, tecnologia ou similares;Conhecimento em Python (PySpark), Databricks, SAS e Power BI para desenvolvimento de análises, automação de processos e construção de dashboards;Experiência em manipulação, tratamento, análise e visualização de grandes volumes de dados, transformando informações em insights para suporte à tomada de decisão;Vivência em modelagem preditiva e monitoramento de modelos de risco de crédito, acompanhando performance e identificando oportunidades de melhoria;Conhecimento dos principais indicadores de crédito, incluindo inadimplência, rentabilidade, Provisão para devedores duvidosos (PDD) e capital regulatório.Será um diferencial se você tiver:Atuação com políticas de crédito.O que você encontra aquiCuidar de vocêPlano de saúde e odontológicoSeguro de vidaViva Bem: programa de saúde, bem-estar e qualidade de vidaTotalPassCrescer com vocêUniversidade corporativa Bradesco (Unibrad)Parcerias educacionaisSegurança para o seu futuroParticipação nos lucros ou Bônus (conforme a elegibilidade de cargo)Previdência privadaCondições especiais em produtos e serviçosIsenção de Tarifas: condições especiais em diversos produtos e serviçosApoio à sua vida e à sua famíliaVale alimentação e refeição13ª cesta alimentaçãoAuxílio creche ou babáLicença Maternidade de 180 dias, acompanhamento assistencial da gestação até o pós-partoLicença Paternidade estendida de 20 diasVale transporte opcionalTudo pensado para apoiar sua jornada de crescimento com equilíbrio, segurança e oportunidade.DiversidadeNo Bradesco, diversidade é valor e estratégia. Trabalhamos para construir um ambiente inclusivo e um quadro de colaboradores que reflita a diversidade da sociedade brasileira. Por isso, valorizamos pessoas com diferentes histórias e características, como gênero, raça, orientação sexual, deficiência, idade e outras dimensões da diversidade.Se você acredita na confiança como base para transformar, gosta de desafios e quer crescer em um ambiente que evolui junto com você, seu lugar pode ser aqui. Vem ser Bradesco!Show moreShow less",N/A,On-site/Hybrid,https://www.linkedin.com/jobs-guest/jobs/api/jobPosting/4447713199,2026-08-13
ESPECIALISTA DE DATA SCIENCE E INTELIGÊNCIA,Alloha Fibra,"São Paulo, São Paulo, Brazil",2 months ago,"Somos a Alloha Fibra, o maior grupo independente de fibra óptica do Brasil. Um time conectado e unido, apaixonado por tecnologia e transformação, que leva internet de alta velocidade para todos os cantos do país. Acreditamos no poder da inclusão digital e em um futuro melhor. Por isso, buscamos talentos como você, que sonham grande e querem fazer a diferença!Buscamos um(a) Especialista para atuar com modelagem estatística aplicada à previsão de cancelamento (churn) e/ou comportamentos relacionados à jornada do cliente, além de desenvolver soluções baseadas em Inteligência Artificial. A atuação envolve o uso de dados de jornada e análise de perfil de clientes armazenados em data lake na AWS, e a construção de agentes de IA no Copilot Studio para potencializar análises e automações.Responsabilidades e atribuiçõesDesenvolver, validar e implementar modelos estatísticos e preditivos voltados à: Previsão de cancelamento de clientes (churn); Previsão de comportamentos ligados à jornada do cliente; Mensuração e antecipação de satisfação do cliente.Explorar e estruturar dados de jornada do cliente e perfis comportamentais provenientes de data lakes (AWS);Realizar análise exploratória de dados (EDA) para identificação de padrões, drivers de comportamento e oportunidades de melhoria;Monitorar e evoluir continuamente modelos analíticos e preditivos;Desenvolver agentes de Inteligência Artificial utilizando plataformas como Databricks Genie, integrados a dados do ambiente AWS;Criar soluções baseadas em IA para automação de análises, geração de insights e suporte à tomada de decisão;Atuar na integração entre dados, modelos e aplicações de IA (analytics + AI);Trabalhar em parceria com times de CX, dados e negócio para traduzir necessidades em soluções analíticas e inteligentes;Gerar insights acionáveis para redução de churn e melhoria da experiência do cliente.Requisitos e qualificaçõesExperiência com modelagem estatística e/ou machine learning aplicada a problemas de negócio;Experiência com técnicas de modelagem (regressão, classificação, árvores, ensembles, etc.);Experiência com manipulação e análise de grandes volumes de dados, preferencialmente em AWS (Databricks, incluindo Genie, etc.);Conhecimento em SQL;Conhecimento em Python ou R;Conhecimento ou experiência prática com desenvolvimento de soluções de IA/AI generativa;Familiaridade com ferramentas da Microsoft Office e ferramentas de visualização (Power BI, Tableau, etc.);DiferencialExperiência com dados de jornada do cliente (Customer Journey Analytics) ou vivência em áreas de Customer Experience (CX);Experiência com construção de agentes de IA e integrações com dados corporativos;Experiência com ferramentas de data science/modelagem estatística (Minitab, Matlab, SPSS, JMP, etc.);Conhecimento em MLOps e/ou LLMOps;Conhecimento em engenharia de dados ou construção de pipelines;Informações adicionaisVale-TransporteSeguro de Vida em GrupoVale alimentação ou RefeiçãoDesconto Giga+Plano de SaúdePlano OdontológicoDay OffTotal PassPlataforma de cursos na IntranetAuxílio Giga InclusãoPrograma de Gestantes - Cartão BenefícioParcerias ativas com INATEL; OPEN ENGLISH; TOUR HOUSE; SAMSUNG; MOVIDA; YOUCAST-TELEMEDICINA com descontos exclusivos à colaboradores AllohaShow moreShow less",N/A,On-site/Hybrid,https://www.linkedin.com/jobs-guest/jobs/api/jobPosting/4425329586,2026-08-13
Cientista de Dados - Consultor,Núclea,"São Paulo, São Paulo, Brazil",4 weeks ago,"Faça parte de um time que gera valor!Nascemos em 2001 para transformar a infraestrutura do sistema financeiro brasileiro. Desde então, nos tornamos referência em tecnologia e dados, desenvolvendo soluções que movimentam trilhões de reais em transações com segurança, eficiência e inteligência.Somos especialistas em registro de ativos, pagamentos digitais e dados que viram decisões estratégicas. Aqui, você trabalha com propósito, inovação e impacto real.Nossos valores nos movem:Apaixonados por clientes — buscamos encantar, não apenas atender.Gente que gosta de gente — diversidade, inclusão e desenvolvimento fazem parte de quem somos.Integridade no DNA — ética e transparência em todas as relações.Direcionados por dados — inteligência como base para decisões consistentes.Inovação na veia — criamos, testamos e evoluímos todos os dias.Fanáticos por resultados — entregamos impacto, não apenas esforço.Diversidade é parte integral do nosso negócio.Todas as nossas vagas são destinadas a todos os perfis. Valorizamos diferentes vivências, trajetórias e olhares.Se você é apaixonado(a) por tecnologia, quer crescer e ajudar a transformar o mercado financeiro e outros setores, aqui é o seu lugar.🚀 Venha gerar valor junto conosco. Inscreva-se!Responsabilidades e atribuiçõesProduzir, testar e experimentar modelos estatísticos aplicados as diferente áreas de negócio;Criar, manter e atualizar relatórios analíticos para a squad e para o negócio;Trazer insights e conduzir experimentos junto as áreas de negócios;Desenvolver modelos preditivos com técnicas de machine learning para resolução de problemas de negócio;Auxiliar o time de negócios e comercial em apresentações de produtos da empresa para potenciais clientes;Elaborar apresentações técnicas para discussão e demonstração de resultados de análises e modelos para stakeholders técnicos da companhia.Requisitos e qualificaçõesFormação:Ensino superior completo em TI ou áreas correlatas.Desejável pós-graduação em TI ou áreas correlatas.Obrigatórios:Pacote Office;Machine Learning;Modelagem Estatística;Análise de dados;Python;Pyspark;Capacidade de aprender novas linguagens de programação e frameworks de modelagem e análise é indispensável;Capacidade e hábito em ler documentações técnicas de pacotes estatísticos e de machine learning é essencial;Versionamento de código em GIT.Informações adicionaisModelo de Trabalho Híbrido:2x por semana no escritório.Salário compatível com o mercado - CLT.Benefícios:Convênio Médico e OdontológicoVale Refeição - TicketSeguro de VidaAuxilio Home OfficePLRPrevidência PrivadaAuxílio CrecheWellHub e TotalpassLocal:Avenida Brigadeiro Faria Lima 1485 - Próximo ao metrô Faria Lima.Show moreShow less",N/A,On-site/Hybrid,https://www.linkedin.com/jobs-guest/jobs/api/jobPosting/4440608106,2026-08-13
Cientista de dados III - Home,Serasa Experian,"São Paulo, São Paulo, Brazil",2 days ago,"Company DescriptionA Experian é uma empresa global de dados e tecnologia que impulsiona oportunidades para pessoas e empresas ao redor do mundo. Atuamos em diversos mercados, como serviços financeiros, saúde, automotivo, agronegócio, seguros, entre outros. A Experian investe em pessoas e em novas tecnologias avançadas para liberar o poder dos dados. Contamos com uma equipe incrível de 25.200 colaboradores em 32 países.Nossa singularidade é valorizar a sua. A cultura da Experian, centrada nas pessoas, inclusiva e orientada por propósito, é reconhecida por diversos prêmios — incluindo World’s Best Workplaces™ 2025 (Top 25 global da Fortune) e Great Place To Work™ em 26 países, entre outros. Confira o Experian Life nas redes sociais ou explore nosso site de carreiras para entender o porquê. A Experian também se orgulha de ser uma empregadora que promove igualdade de oportunidades e ação afirmativa.Job DescriptionDescrição do trabalhoEstamos Com Uma Oportunidade Em Analytics No Time De Data Intelligence, Sendo Esta Área Responsável Pela Análise e Estruturação De Dados e Desenvolvimento De Novas Features. Se Você Gosta De Estudar e Está Sempre Disposto a Buscar Novos Conhecimentos Aqui Pode Ser Seu Lugar. Trabalhamos Com Diferentes Tipos De Informação e Estamos Sempre Em Busca De Novas Fontes De Dados. Por Se Tratar De Uma Área Focada Em Desenvolvimento, é Extremamente Importante Que Você Seja Capaz De Inovar e Propor Novas Soluções. Para Isto, Ter Conhecimento Na Área Crédito, Cobrança Ou Seguros é Um Grande Diferencial. Dentre Suas Principais Atividades Do Dia a Dia, Podemos DestacarEstudo de novas fontes de dados;Estruturação de bases;Construção de variáveis baseadas em Feature Learning;Avaliação de performance e aderência de features em modelos de score;Criação de novas soluções para todos os segmentos de mercado a partir de técnicas estatísticas;Buscamos um profissional que possua conhecimento em manipulação de dados, modelagem estatística e Big Data. É necessário possuir ensino superior completo na área de exatas e ter conhecimento de programação em Python.Como perfil pessoal é importante que seja analítico, tenha capacidade para adaptar-se, seja proativo, tenha iniciativa e adore novos desafios.QualificationsQualificaçõesPythonPysparkSQLFeature LearningManipulação de DadosMachine LearningAdditional InformationA Serasa Experian é muito mais do que você imagina. Com o propósito de criar um futuro melhor, ampliando oportunidades para pessoas e empresas, no Brasil somos mais de 4 mil pessoas que atuam em diversos times e especialidades. Aqui, cada conhecimento e diversidade se complementa e você pode trabalhar no que mais ama, estamos comprometidos a construir uma cultura inclusiva e um ambiente no qual pessoas possam equilibrar a carreira com seus compromissos e interesses pessoais, prezando pelo bem-estar.A gente se dedica muito em ser uma das melhores e mais inovadoras empresas para se trabalhar do país, possibilitando experiências e carreiras incríveis para nossas pessoas. Nossa forte abordagem de pessoas em primeiro lugar é reconhecida externamente por meio de diversas certificações de mercado: fomos premiados pelo Great Place To Work™ em 24 países e pela certificação internacional Top Employers, além de sermos reconhecidos como uma das melhores empresas para jovens profissionais e contarmos com uma avaliação de 4,6 no Glassdoor. Cada reconhecimento nos indica que estamos no caminho certo, proporcionando um ambiente de trabalho cada vez melhor para nossos talentos.Experian Careers - Creating a better tomorrow togetherFind out what its like to work for Experian by clicking hereShow moreShow less",N/A,On-site/Hybrid,https://www.linkedin.com/jobs-guest/jobs/api/jobPosting/4443074662,2026-08-13
Data Scientist - Predictive Maintenance,TRACTIAN,"São Paulo, São Paulo, Brazil",2 weeks ago,"Data Science at TRACTIANThe Data Science team at TRACTIAN focuses on extracting valuable insights from vast amounts of industrial data. Using advanced statistical methods, algorithms, and data visualization techniques, this team transforms raw data into actionable intelligence that drives decision-making across engineering, product development, and operational strategies. The team constantly works on optimizing prediction models, identifying trends, and providing data-driven solutions that directly enhance the company’s operational efficiency and the quality of its products.What You'll DoAs a Data Scientist - Predictive Maintenance at TRACTIAN, you will work at the intersection of advanced data science and industrial operations. Your mission is to develop cutting-edge algorithms and predictive models to monitor and predict equipment failures before they occur, optimizing asset reliability and reducing downtime. You’ll face complex challenges involving large-scale time-series data, real-time data processing, and machine learning applications, while collaborating closely with engineers and laboratory teams to ensure our predictive maintenance solutions remain industry-leading.ResponsibilitiesDevelop predictive maintenance algorithms using machine learning techniques for time-series data.Analyze sensor data streams to identify patterns that predict equipment failure.Research and stay up to date with academic literature and state-of-the-art condition monitoring techniques, translating relevant advances into practical solutions.Collaborate with engineers to improve data pipelines and enhance model accuracy.Build scalable, real-time models for low-latency predictions.Create diagnostic tools that enable data-driven maintenance decisions.Work with the laboratory team to design experiments and develop failure datasets using real machinery to validate hypotheses, develop new models, and optimize existing ones.Continuously refine models based on real-world performance, experimental results, and feedback.RequirementsExpertise in machine learning, time-series analysis, and anomaly detection.Proficiency in Python and common data science and ML libraries (e.g., NumPy, pandas, scikit-learn, PyTorch).Solid understanding of signal processing concepts and hands-on experience with industrial sensor data (e.g., vibration, current, temperature, pressure).Ability to read, interpret, and apply insights from academic literature and state-of-the-art research in condition monitoring and fault diagnosis.Experience designing experiments to validate hypotheses and benchmark models.Strong problem-solving skills and ability to handle noisy, high-dimensional data.Advanced English.Bonus PointsFamiliarity with both academic research and real-world applications in condition monitoring, fault diagnosis, and prognostics (e.g., vibration-based methods, model-based vs. data-driven approaches).Experience translating academic methods into robust, production-ready algorithms.Prior experience working in industrial or manufacturing environments.Show moreShow less",N/A,On-site/Hybrid,https://www.linkedin.com/jobs-guest/jobs/api/jobPosting/4429559083,2026-08-13
Senior Data Scientist,bp,"São Paulo, São Paulo, Brazil",1 day ago,"EntityTechnologyJob Family GroupIT&S GroupJob DescriptionWe’re looking for Data Scientists who think holistically, automate relentlessly, and are fluent in the fast-moving world of AI tooling and infrastructure—but also grounded in disciplined engineering principles.Our AI organization is building high-impact AI-powered applications that deliver real business value at speed. As a Senior Data Scientist, you’ll play a critical role in building and deploying scalable AI-powered applications through solid analytical expertise and software engineering excellence combined with pragmatic use of modern AI capabilities. This is a role for seasoned data scientists who are excited about applying AI in practical and scalable ways.We’re looking for individuals who thrive at the intersection of disciplined machine learning, software development, and modern AI applications. You should be comfortable working across the full lifecycle of a product—from ideation and architecture to deployment and automation—while navigating ambiguity and driving toward execution. Strong systems thinking, ownership attitude, and the ability to ship value fast are essential.Job ResponsibilitiesDesign and develop, LLM based and classical ML models into production-grade AI applications and services using modern software engineering practices (CI/CD, testing, observability, cloud-native design).Define and implement foundational platforms and tools (e.g., conversational bots, AI-powered search, unstructured data processing, GenBI) that are reusable and scalable across the enterprise.Participate in multi-functional team initiatives—embedded projects with business stakeholders—to rapidly build and deploy AI solutions that solve high-priority business problems.Evaluate and integrate existing AI tools, frameworks, and APIs (e.g., LLMs, vector DBs, retrieval-augmented generation, AI agents) into robust applications.Collaborate with data engineers, product managers, and other data scientists to ensure end-to-end delivery and reliability of AI products.Stay current with emerging AI techniques, models, and technologies, but prioritize practical application and delivery over experimental research.Contribute to the internal knowledge base, tooling libraries, and documentation to scale data science best practices across the organization.Job Qualifications5+ years of professional data science experience; ability to independently design and ship complex systems in production.Deep experience with both classical ML models (e.g. Regression, forecasting, and basic neural networks) as well as hands on experience using large language models.Strong programming skills in Python (preferred), Java, or similar languages.Strong problem-solving skills and the ability to balance scientific rigor with delivery speed.Hands on experience with AI/ML tools such as LangChain, Haystack, Hugging Face, Weaviate, or similar ecosystems.Experience integrating machine learning models into production systems (e.g., LLMs via APIs, fine-tuning, RAG patterns, embeddings, agents and crew of agents etc.).Solid understanding of software architecture, cloud infrastructure (AWS, Azure, or GCP), and modern DevOps practices.Ability to move quickly while maintaining code quality, test coverage, and operational excellence. Preferred:Hands-on experience with Retrieval Augmented Generation applications, AI agents and systems built around them.Experience using GenAI frameworks such as LlamaIndex, Crew AI, AutoGen, or similar agentic/LLM orchestration toolkits.Exposure to working with unstructured data (documents, conversations, images) and transforming it into usable structured formats.Experience building chatbots, search systems, or generative AI interfaces.Background in working within platform engineering or internal developer tools teams.Prior experience working in an embedded (forward-deployed) team model with business stakeholders.Experience building production grade, reliable AI applicationsWhy join usAt bp, we support our people to learn and grow in a diverse and high-reaching environment. We believe that our team is strengthened by diversity. We are committed to fostering an inclusive environment in which everyone is respected and treated fairly.There are many aspects of our employees’ lives that are meaningful, so we offer benefits to enable your work to fit with your life.We will ensure that individuals with disabilities are provided reasonable accommodation to participate in the job application or interview process, to perform essential job functions, and to receive other benefits and privileges of employment. Please contact us to request accommodation.Travel RequirementNo travel is expected with this roleRelocation Assistance:This role is not eligible for relocationRemote TypeThis position is a hybrid of office/remote workingSkillsCloud Platforms, Cloud Platforms, Collaboration, Communication, Configuration management and release, Continuous deployment and release, Creating a high performing team, Database Design, Digital Project Management, Documentation and knowledge sharing, Emerging technology monitoring, Facilitation, Information Security, Mentoring, Metrics definition and instrumentation, NoSql data modelling, Problem Solving, Relational Data Modelling, Risk Management, Scripting, Secure development, Service operations and resiliency, Software Design and Development, Solution Architecture, Source control and code management {+ 5 more}Legal DisclaimerWe are an equal opportunity employer. We do not discriminate on the basis of protected characteristics like race, religion, color, sex, national origin, sexual orientation, veteran status or disability status. Individuals with an accessibility need may request an adjustment/accommodation related to bp’s recruiting process (e.g., accessing the job application, completing required assessments, participating in telephone screenings or interviews, etc.). If you would like to request an adjustment/accommodation related to the recruitment process, please contact us.If you are selected for a position and depending upon your role, your employment may be contingent upon adherence to local policy. This may include pre-placement drug screening, medical review of physical fitness for the role, and background checks.Show moreShow less",N/A,Remote,https://www.linkedin.com/jobs-guest/jobs/api/jobPosting/4442976194,2026-08-13
Data Scientist - Model Validation - Indaiatuba/SP,John Deere,"Indaiatuba, São Paulo, Brazil",2 days ago,"Trabalhamos para que a vida possa avançar e estamos sempre à procura de pessoas inovadoras que possam contribuir com a nossa missão. Que tal fazer parte do nosso time?Local Principal:Brasil (BR) - São Paulo - IndaiatubaFunção:Data and Analytics (CA)Título:Data Scientist - Model Validation - Indaiatuba/SP - 122077As a Data Scientist with John Deere Financial in Indaiatuba, Brazil, you will be responsible for validating predictive models as a member of JDF's global Model Risk Management team. Working closely with colleagues across Brazil, India, and the United States, you will apply analytical rigor, critical thinking, and effective challenge to assess model performance, identify risks, and strengthen model governance. Join a team that is passionate about ensuring models and data are used responsibly to support sound business decisions and effective risk management practices.Main ResponsibilitiesENGLISH IS REQUIRED FOR ALL COMMUNICATIONS AND DOCUMENTS (Resume).Perform validation activities for models covering areas including Credit Risk, Treasury, Accounting, Sales and Marketing;Contribute to various projects relating to risk identification and model validation processes;Perform validation of traditional statistical models as well as machine learning and GenAI-based analytical solutions;Evaluate compliance of models with internal Model Risk Management policies and regulatory expectations;Assess model limitations, risks, controls, and business usage to ensure appropriate governance and risk mitigation.Skills You NeedBachelor’s, Degree in Economics, Computer Science, Data Analytics, Data Science, Engineering, Math, Statistics, or a related quantitative field;Advanced English (broad vocabulary, strong grammar, able to lead meetings, debate, negotiate and conduct training sessions);Experience in model building and data science;Experience with statistical modelling and data management tools such as Python, R, Databricks and SAS;Demonstrated experience with statistical and machine learning methodologies, including time series analysis, regression techniques, classification models, and credit scoring frameworks;Commitment to team success and a proactive, collaborative approach to problem solving and different cultures and time zones;Good communication and teamwork skills;Availability for on-site work at the headquarters in Indaiatuba, SP.What Makes You Stand OutMaster's, PhD or specialization in Data Science, Economics, Statistics, Mathematics, Computer Science, Financial Engineering, or a related quantitative field.Experience performing independent model reviews, conceptual soundness assessments, and outcome analysis;Understanding of SR 11-7 ,SR 26-2, CECL requirement and model validation practices;Understanding of model lifecycle management, model risk governance, and validation frameworks;Experience applying statistical analysis and analytical methodologies in analytics projects;Working knowledge of emerging AI and generative AI technologies, with a desire to learn how these tools are evaluated, monitored, and governed in a model risk management framework;Knowledge of finance and accounting concepts;Understanding of the lending/banking industry;Ability to work on multiple projects simultaneously.Nossos principais benefíciosRemuneração variável;Plano de Saúde;Plano Odontológico;Seguro de Vida;Previdência Privada;Benefício Ótica;Reembolso vacina;Universidade Corporativa;TotalPass;Dependendo da unidade, você terá restaurante no local, vale refeição ou alimentação;Auxílio farmácia;Entre outrosNosso Processo SeletivoA seleção começa com a sua inscrição, para algumas vagas, existem alguns testes adicionais. Você terá a possibilidade de conhecer pessoas do time nas entrevistas! Nosso processo seletivo é flexível em termos de tempo, então não se preocupe! Nossa equipe de Talent Acquisition está comprometida em proporcionar a melhor experiência para você. Analisamos todas as candidaturas cuidadosamente e fornecemos feedback em todas as etapas do processo. Além disso, todas as orientações serão enviadas por e-mail!Sobre a John DeereA John Deere é líder global no fornecimento de produtos, tecnologia e serviços avançados para clientes que desempenham um papel essencial na agricultura, construção, florestal entre outros setores. Nosso objetivo é atender à crescente necessidade mundial de alimentos, combustível, abrigo e infraestrutura, enquanto promove a sustentabilidade e a preservação do planeta que chamamos de lar.Inovamos para impulsionar a produtividade e proteger nosso planeta e convidamos você a fazer parte dessa história. Trabalharemos juntos para criar, testar, superar para que para que a vida possa avançar. 💚🚜Show moreShow less",N/A,On-site/Hybrid,https://www.linkedin.com/jobs-guest/jobs/api/jobPosting/4442083981,2026-08-13
Junior Data Scientist - QuantumBlack Studio,"QuantumBlack, AI by McKinsey","São Paulo, São Paulo, Brazil",2 weeks ago,"Who You'll Work WithDriving lasting impact and building long-term capabilities with our clients is not easy work. You are the kind of person who thrives in a high performance/high reward culture - doing hard things, picking yourself up when you stumble, and having the resilience to try another way forward.In return for your drive, determination, and curiosity, we'll provide the resources, mentorship, and opportunities you need to become a stronger leader faster than you ever thought possible. Your colleagues—at all levels—will invest deeply in your development, just as much as they invest in delivering exceptional results for clients. Every day, you'll receive apprenticeship, coaching, and exposure that will accelerate your growth in ways you won’t find anywhere else.When you join us, you will have:Continuous learning: Our learning and apprenticeship culture, backed by structured programs, is all about helping you grow while creating an environment where feedback is clear, actionable, and focused on your development. The real magic happens when you take the input from others to heart and embrace the fast-paced learning experience, owning your journey.A voice that matters: From day one, we value your ideas and contributions. You’ll make a tangible impact by offering innovative ideas and practical solutions, all while upholding our unwavering commitment to ethics and integrity. We not only encourage diverse perspectives, but they are critical in driving us toward the best possible outcomes.Global community: With colleagues across 65+ countries and over 100 different nationalities, our firm’s diversity fuels creativity and helps us come up with the best solutions for our clients. Plus, you’ll have the opportunity to learn from exceptional colleagues with diverse backgrounds and experiences.World-class benefits: On top of a competitive salary (based on your location, experience, and skills), we provide a comprehensive benefits package to enable holistic well-being for you and your family.Your ImpactYou’ll be part of a multi-disciplinary team using data to drive real-world impact for leading organizations across the globe.You’ll help solve high-impact business problems by analyzing complex and varied datasets from some of the world’s most influential companies.Working closely with more experienced data scientists, engineers, and designers, you’ll contribute to the development of scalable data science products and solutions—building models, writing efficient code, and translating insights into actions.You’ll grow your skills by:Participating in cross-functional problem-solving sessionsContributing to the development of our internal Data Science ToolboxCollaborating with experts in machine learning, engineering, and designPresenting your work to colleagues and clients, with opportunities to write papers and attend conferences if you wishEvery project is an opportunity to learn, apply your academic knowledge in a practical setting, and make a tangible difference.You will work in our São Paulo office as part of our QuantumBlack Studio team and work with global colleagues from diverse backgrounds and disciplines.From day one, you’ll be paired with a mentor and supported by a collaborative team of data scientists, engineers, designers, and project managers.You will gain hands-on experience across different industries and data challenges, learning how to:Apply mathematics, statistics, and machine learning to real-world dataContribute to large-scale digital and analytics transformationsDevelop solutions that support personalization, marketing, operations, and moreOur culture values curiosity, experimentation, and continuous learning. You will have space to try new approaches, ask questions, and develop both technical and consulting skills. We also place strong emphasis on mentorship, community, and inclusion - ensuring you feel supported and empowered to thrive.Your Qualifications and SkillsBachelor's degree in computer science, statistics, mathematics, physics, engineering, or related fields (graduation between December 2024 and December 2026)Practical coding and modeling experience with a strong foundation in data science conceptsExperience with at least two of the following languages: Python, R, Scala, SQLStrong analytical thinking and problem-solving skills, with the ability to develop efficient and creative solutionsAbility to collaborate in a team and communicate clearly with colleagues and stakeholdersAbility to communicate ideas most effectively - both verbally and in writing - in English and Portuguese. Please submit your CV in English.Show moreShow less",N/A,On-site/Hybrid,https://www.linkedin.com/jobs-guest/jobs/api/jobPosting/4400577343,2026-08-13
Pessoa Cientista de Dados - Vaga afirmativa para mulheres cis e trans,Artefact,Greater São Paulo Area,2 weeks ago,"A abertura atual é para a Artefact do Brasil, estamos em modelo Free Office.Quem nós somosNós da Artefact LatAm acreditamos e vivemos uma cultura com base na empatia!Um ambiente de trabalho saudável é um lugar onde todas as vozes são ouvidas, respeitadas e valorizadas.Temos como nosso compromisso a construção de um ambiente mais diverso e inclusivo, porque a empatia é para todas as pessoas, independentemente de etnia, cor, gênero, orientação sexual, identidade de gênero, deficiência ou crença religiosa.Queremos conosco mentes e corações incríveis! Venha ser Artefact!O Que Você Estará FazendoVocê se juntará à nossa equipe de Dados e Consultoria, que ajuda os clientes a transformar e melhorar sua estratégia de dados aplicando análises avançadas para gerar insights que criam valor de negócio a partir de big data e inteligência artificial.Inovar. Você trabalhará com sua equipe, composta por consultores, cientistas de dados, e engenheiros, para identificar as necessidades dos clientes e definir soluções inovadoras.Aprender e Compartilhar. Você trabalhará em uma equipe colaborativa que promove o compartilhamento de conhecimento. Você aprenderá com outras pessoas, compartilhará conhecimento e ficará a par das novidades/atualizações do setor.Desenvolver. Você participará da solução do início ao fim. Com o auxílio de cientistas seniores você gerenciará a concepção e a implementação, além de otimizar o desempenho e a escalabilidade.Atuar em toda a cadeia de valor dos projetos (coleta e tratamento de dados, análise exploratória de dados, aplicação de modelos de aprendizado de máquina, produtização de modelos)Popularizar termos técnicos ou soluções para perfis mais orientados a negócios, pode trabalhar em uma equipe com perfis muito diversificadosPriorizar suas tarefas, respeitar prazos e se levantar a mão em caso de riscos ou problemasO Que Nós Estamos ProcurandoTer cursado um curso de graduação em ciência de dados, aprendizado de máquina, matemática, ciência da computação, estatística, engenharia, economia ou uma área relacionada.Desejável um primeiro conhecimento em estatística e programação (Python/R).Curiosidade: você está sempre buscando soluções inovadoras para seus clientes, você está envolvido em toda a cadeia de valorColaboração: o compartilhamento de conhecimento é essencial para você e você participa ativamente da difusão de informações dentro da ArtefactEmpreendedorismo: você traz soluções, novas ideias, inovaçõesO que oferecemosVR/VTFree office (trabalhe de casa ou de onde quiser!)GympassSeguros: Vida, saúde e odontológicoEncontros Bimestrais (Famoso “Get Together” onde nos encontramos para estarmos juntos, com oficinas, palestras, treinamentos e aquele happy hour!)Woba (pode marcar para trabalhar em coworking onde quiser!)Avaliações semestrais (com oportunidade de promoção)Por que você deveria se juntar a nósArtefact é o lugar para estar: venha e construa o futuro da área de dadosProgresso: cada dia oferece novos desafios e novas oportunidades de aprenderCultura: Empatia e Colaboração está no nosso DNAEmpreendedorismo: você se juntará a uma equipe de empreendedores motivados. Não desistiremos até que façamos uma grande diferença nesta indústria!Junte-se a nós!Show moreShow less",N/A,On-site/Hybrid,https://www.linkedin.com/jobs-guest/jobs/api/jobPosting/4436792474,2026-08-13
ESPECIALISTA EM IA | DADOS & INOVACAO,Vero,"São Paulo, São Paulo, Brazil",1 month ago,"Trabalhamos incansavelmente para conectar pessoas. Portanto, trabalhar na VERO é a oportunidade ideal para você que gosta de desafios. Mais do que isso, é a oportunidade para agregar conhecimento e se desenvolver em uma empresa que olha para o futuro. Nosso time está crescendo, veja abaixo mais informações sobre a vaga.Transformar dados em informações relevantes e acionáveis, apoiando a tomada de decisão estratégica da organização por meio da coleta, modelagem, análise e visualização de dados.Responsável por construir soluções de inteligência artificial e analytics avançado na nuvem Microsoft, aplicando técnicas de ciência de dados e engenharia de machine learning para transformar dados em valor para o negócio.Responsabilidades e atribuiçõesDesenvolver modelos preditivos e de machine learning aplicados em áreas jurídicas e de assuntos corporativos, por meio da utilização de frameworks e serviços do Azure Machine Learning, assegurando insights estratégicos e suporte às decisões corporativas.Assegurar a qualidade e governança dos dados utilizados em modelos, através da implementação de pipelines de ingestão, transformação e catalogação em Azure Data Factory, Data Lake e Purview.Implantar e automatizar o ciclo de vida dos modelos de machine learning, por meio do uso de MLOps, ML Pipelines e versionamento em ambientes como AKS e Azure Container Instances, garantindo escalabilidade e disponibilidade.Disponibilizar previsões e resultados analíticos às áreas de assuntos corporativos, através da integração com Power BI, Synapse e APIs REST, assegurando clareza e aplicabilidade dos insights gerados.Monitorar performance, acurácia e custos das soluções analíticas em produção, por meio de Azure Monitor, Application Insights e práticas de otimização de recursos, garantindo eficiência operacional.Garantir conformidade regulatória e segurança dos dados tratados, através da aplicação de RBAC, Data Masking, Key Vault e políticas de proteção à privacidade alinhadas à LGPD/GDPR.Requisitos e qualificaçõesVivência em projetos de ciência de dados e machine learning voltados à legal e assuntos corporativos.Desenvolvimento comprovado de soluções de ML e DL na esfera corporativa e legal.Vivência em projetos de ciência de dados e machine learning, atuando na construção e deploy de modelos preditivos, implementação de pipelines de dados em nuvem, práticas de MLOps e integração de soluções analíticas ao negócio em ambientes Azure.Ensino Superior completo em Sistemas de Informação, Ciência da Computação, Engenharia, Estatística ou áreas correlatas.Pós-graduação em Ciência de Dados, BI ou Analytics.Modelagem preditiva e machine learning em Azure (especialista)Programação em Python e bibliotecas de ciência de dados (avançado)MLOps e deploy de modelos em produção (avançado)Arquitetura de dados em nuvem Azure (avançado)Governança e segurança de dados (avançado)Análise crítica e resolução de problemas complexos (intermediário)Comunicação clara e tradução de modelos em insights de negócio (intermediário)Colaboração multidisciplinar e influência em stakeholders (básico)Desejável:Experiência com frameworks avançados de deep learning (TensorFlow, PyTorch) (avançado)Conhecimento em séries temporais e modelos de recomendação (avançado)Automação de pipelines com Azure DevOps e GitHub Actions (intermediário)Gestão de custos em ambientes de machine learning em cloud (intermediário)Informações adicionaisOferecemos:Programa de Participação por Resultados - PPR;Assistência Médica e Odontológica;Vale Refeição/ Alimentação;Seguro de Vida;PAS (Programa de Atendimento Social Vero);Um dia de folga no mês do seu aniversário;Universidade Corporativa;Totalpass (Descontos em Academias/Esportes);Auxílio Creche;Auxílio filho PCD;Internet.Esta vaga está aberta para receber candidaturas de PCDs. Aqui na Vero valorizamos a Diversidade pois acreditamos que é muito importante compartilhar ideias e diferentes pontos de vista para trazer a representatividade que os nossos clientes precisam!A VERO valoriza a Privacidade e a Proteção de Dados Pessoais. Os dados pessoais do(a) candidato, (a) serão tratados conforme a nossa Política de Privacidade no nosso site https://verointernet.com.br/politica-de-privacidade/, na seção exclusiva “QUANDO VOCÊ SE CANDIDATA A UMA DE NOSSAS VAGAS DE EMPREGO”.Show moreShow less",N/A,On-site/Hybrid,https://www.linkedin.com/jobs-guest/jobs/api/jobPosting/4437287824,2026-08-13
CIENTISTA DE DADOS SR,JSL S.A.,"São Paulo, São Paulo, Brazil",1 month ago,"FAÇA PARTE DA EMPRESA QUE TEM O MAIOR E MAIS INTEGRADO PORTFÓLIO LOGÍSTICO DO PAÍS!Olá, somos a JSL, uma empresa brasileira que tem como missão oferecer serviços e soluções em logística. Nós planejamos, executamos e gerenciamos de forma eficiente, desde a movimentação e o armazenamento de produtos, nos clientes ou em nossas filiais, até o transporte.Desde 1956, temos em nosso DNA a seguinte premissa: entender as necessidades das empresas para atendê-las com qualidade e agilidade. E é pensando e agindo desta forma que nos tornamos a companhia com o maior portfólio de serviços logísticos no País.Aqui, zelamos pela simplicidade, valorizamos o ser humano e acreditamos no que fazemos.Buscamos gente que se identifique com os nossos princípios e valores, que seja comprometida com a satisfação dos nossos clientes, que inovam, gostam de aprender e queiram evoluir aqui.Todos os processos seletivos conduzidos pelaJSLsão afirmativos, inclusivos e não discriminatórios.Responsabilidades e atribuiçõesResponsável por transformar dados corporativos em informações estratégicas para suportar a tomada de decisão da JSL, com atuação prioritária em Recursos Humanos (People Analytics) e suporte às áreas de Operações, Frota, Logística, Comercial e Finanças, desenvolvendo análises estatísticas, modelos preditivos e indicadores que contribuam para aumento de produtividade, retenção de talentos, redução de custos e geração de valor para o negócio.Requisitos e qualificaçõesGraduação em Estatística, Ciência de Dados, Matemática, Economia, Engenharia, Psicologia com especialização em Analytics ou áreas correlatas;Pós-graduação em Ciência de Dados, Inteligência Artificial, Estatística Aplicada ou People Analytics será considerada diferencial;Estatística Aplicada;SQL Avançado;Python;Power BI;Modelagem Estatística;Machine Learning;Testes de Hipóteses;Regressão Linear e Logística;Séries Temporais;Construção de KPIs e Indicadores Executivos;IA Generativa;Azure Machine Learning;Databricks;Spark;Conhecimento em People Analytics;Conhecimento em operações logísticas e gestão de frotas.Informações adicionaisOs benefícios tradicionais que você já conhece, nós também temos. Queremos te mostrar que vamos além:Clube de benefícios: Plataforma exclusiva com descontos em diversas categorias - gastronomia, entretenimento, serviços, educação, lazer e esporte.Ligado em você: canal com atendimento especializado para você e sua família, com suporte psicológico, social, financeiro, jurídico e muito mais, disponível 24 horas, com total sigilo.Licença Maternidade e Paternidade estendidas, além de um Kit nascimento para recém-mamães e recém-papais.Sabemos o quanto a educação das crianças e adolescentes é importante. Aqui na JSL, damos aquela ajuda na compra do kit escolar para os filhos da nossa gente.Universidade JSL, plataforma para o seu autodesenvolvimento e aprendizado contínuo.﻿Evento Veteranos: reconhecemos celebramos nossa Gente veterana, com eventos especiais para quem completa mais de 15 anos de casa.Cantinho da Mamãe: O espaço, na Matriz no Itaim Bibi e Sede Administrativa em Mogi das Cruzes, é dedicado as mamães que retornam de licença maternidade e querem seguir com o aleitamento materno. No local, há todos os itens para retirar e armazenar o leite, com privacidade e conforto.﻿Totalpass: para você cuidar da sua qualidade de vida, saúde e bem-estar.﻿Kit escolar com preços acessíveis (para você garantir materiais de qualidade e com custo benefício.Pet Love: Para cuidar também do seu filho de quatro patas, incluímos um benefício especial para mais esse membro da sua família.Show moreShow less",N/A,On-site/Hybrid,https://www.linkedin.com/jobs-guest/jobs/api/jobPosting/4429474639,2026-08-13
Senior Data Scientist,bp,"São Paulo, São Paulo, Brazil",1 day ago,"EntityTechnologyJob Family GroupIT&S GroupJob DescriptionWe’re looking for Data Scientists who think holistically, automate relentlessly, and are fluent in the fast-moving world of AI tooling and infrastructure—but also grounded in disciplined engineering principles.Our AI organization is building high-impact AI-powered applications that deliver real business value at speed. As a Senior Data Scientist, you’ll play a critical role in building and deploying scalable AI-powered applications through solid analytical expertise and software engineering excellence combined with pragmatic use of modern AI capabilities. This is a role for seasoned data scientists who are excited about applying AI in practical and scalable ways.We’re looking for individuals who thrive at the intersection of disciplined machine learning, software development, and modern AI applications. You should be comfortable working across the full lifecycle of a product—from ideation and architecture to deployment and automation—while navigating ambiguity and driving toward execution. Strong systems thinking, ownership attitude, and the ability to ship value fast are essential.Job ResponsibilitiesDesign and develop, LLM based and classical ML models into production-grade AI applications and services using modern software engineering practices (CI/CD, testing, observability, cloud-native design).Define and implement foundational platforms and tools (e.g., conversational bots, AI-powered search, unstructured data processing, GenBI) that are reusable and scalable across the enterprise.Participate in multi-functional team initiatives—embedded projects with business stakeholders—to rapidly build and deploy AI solutions that solve high-priority business problems.Evaluate and integrate existing AI tools, frameworks, and APIs (e.g., LLMs, vector DBs, retrieval-augmented generation, AI agents) into robust applications.Collaborate with data engineers, product managers, and other data scientists to ensure end-to-end delivery and reliability of AI products.Stay current with emerging AI techniques, models, and technologies, but prioritize practical application and delivery over experimental research.Contribute to the internal knowledge base, tooling libraries, and documentation to scale data science best practices across the organization.Job Qualifications5+ years of professional data science experience; ability to independently design and ship complex systems in production.Deep experience with both classical ML models (e.g. Regression, forecasting, and basic neural networks) as well as hands on experience using large language models.Strong programming skills in Python (preferred), Java, or similar languages.Strong problem-solving skills and the ability to balance scientific rigor with delivery speed.Hands on experience with AI/ML tools such as LangChain, Haystack, Hugging Face, Weaviate, or similar ecosystems.Experience integrating machine learning models into production systems (e.g., LLMs via APIs, fine-tuning, RAG patterns, embeddings, agents and crew of agents etc.).Solid understanding of software architecture, cloud infrastructure (AWS, Azure, or GCP), and modern DevOps practices.Ability to move quickly while maintaining code quality, test coverage, and operational excellence. Preferred:Hands-on experience with Retrieval Augmented Generation applications, AI agents and systems built around them.Experience using GenAI frameworks such as LlamaIndex, Crew AI, AutoGen, or similar agentic/LLM orchestration toolkits.Exposure to working with unstructured data (documents, conversations, images) and transforming it into usable structured formats.Experience building chatbots, search systems, or generative AI interfaces.Background in working within platform engineering or internal developer tools teams.Prior experience working in an embedded (forward-deployed) team model with business stakeholders.Experience building production grade, reliable AI applicationsWhy join usAt bp, we support our people to learn and grow in a diverse and high-reaching environment. We believe that our team is strengthened by diversity. We are committed to fostering an inclusive environment in which everyone is respected and treated fairly.There are many aspects of our employees’ lives that are meaningful, so we offer benefits to enable your work to fit with your life.We will ensure that individuals with disabilities are provided reasonable accommodation to participate in the job application or interview process, to perform essential job functions, and to receive other benefits and privileges of employment. Please contact us to request accommodation.Travel RequirementNo travel is expected with this roleRelocation Assistance:This role is not eligible for relocationRemote TypeThis position is a hybrid of office/remote workingSkillsCloud Platforms, Cloud Platforms, Collaboration, Communication, Configuration management and release, Continuous deployment and release, Creating a high performing team, Database Design, Digital Project Management, Documentation and knowledge sharing, Emerging technology monitoring, Facilitation, Information Security, Mentoring, Metrics definition and instrumentation, NoSql data modelling, Problem Solving, Relational Data Modelling, Risk Management, Scripting, Secure development, Service operations and resiliency, Software Design and Development, Solution Architecture, Source control and code management {+ 5 more}Legal DisclaimerWe are an equal opportunity employer. We do not discriminate on the basis of protected characteristics like race, religion, color, sex, national origin, sexual orientation, veteran status or disability status. Individuals with an accessibility need may request an adjustment/accommodation related to bp’s recruiting process (e.g., accessing the job application, completing required assessments, participating in telephone screenings or interviews, etc.). If you would like to request an adjustment/accommodation related to the recruitment process, please contact us.If you are selected for a position and depending upon your role, your employment may be contingent upon adherence to local policy. This may include pre-placement drug screening, medical review of physical fitness for the role, and background checks.Show moreShow less",N/A,Remote,https://www.linkedin.com/jobs-guest/jobs/api/jobPosting/4442976194,2026-08-13
Especialista em Ciência de Dados,CBMM,"São Paulo, São Paulo, Brazil",3 weeks ago,"Sobre a posição:A CBMM tem em seu DNA identificar, quantificar e acelerar novas oportunidades de aplicação do nióbio em escala global. Buscamos um(a) especialista em Ciência de Dados para atuar como referência técnica em dados e IA, com acesso transversal aos dados das Diferentes Business Units — Core (industria do aço), Nanotecnologia e Novos Materiais e Aplicações (ex.: Aeroespacial, Baterias, entre outras — transformando dados de mercado, vendas e aplicações técnicas em inteligência acionável para decisões estratégicas e comerciais.O(a) profissional atuará na interseção entre ciência de dados, inteligência de mercado e aplicações finais de Nb: desde a exploração de grandes volumes de dados no Databricks até a construção de modelos matemáticos e agentes de IA que apoiem o time de frontline e a liderança na priorização de mercados e aplicações.Responsabilidades:- Manipular, integrar e analisar dados das diferentes BUs e de múltiplas fontes (Databricks/DataHub, CRM, ERP, relatórios e bases de mercado), garantindo consistência e visão consolidada por cliente, segmento e aplicação.- Suportar estratégia e Marketing no mapeamento de oportunidades de mercado e tendências: dimensionamento de mercado endereçável (TAM/SAM/SOM), análise de penetração por aplicação, identificação de sinais de crescimento ou retração por segmento e região.- Construir modelos matemáticos e estatísticos aplicados ao universo da metalurgia — previsão de demanda, séries temporais, elasticidade, modelos de propensão e priorização de contas, simulações de cenários de adoção de novas aplicações.- Desenvolver e evoluir soluções de IA generativa e agentes de dados (Databricks Genie / AI-BI), permitindo consultas em linguagem natural sobre clientes, mercados e aplicações pelos times de negócio.- Colaborar com engenheiros de dados na definição de pipelines, views e camadas semânticas que sustentem análises e modelos em produção.- Traduzir resultados analíticos em narrativas claras para stakeholders técnicos e executivos (storytelling com dados, dashboards, one-pagers de cliente/mercado).- Trabalhar em conjunto com especialistas de metalurgia, inteligência comercial e desenvolvimento de aplicações, incorporando conhecimento de domínio aos modelos.- Garantir boas práticas de governança, qualidade, reprodutibilidade e documentação (MLOps, versionamento de modelos e experimentos).Requisitos obrigatórios:- Experiência sólida (7+ anos) como Cientista de Dados, com atuação comprovada em nível sênior.- Experiência avançada em Databricks, incluindo Genie, AI/BI (desejável) Unity Catalog, notebooks, SQL Warehouse e PySpark.- Senioridade em IA: machine learning aplicado (regressão, classificação, clusterização, séries temporais) e experiência prática com IA generativa (LLMs, RAG, agentes, engenharia de prompts).- Domínio de Python (pandas, scikit-learn, statsmodels/Prophet ou similares) e SQL avançado.- Experiência em modelagem matemática e estatística aplicada a problemas de negócio — idealmente em contextos industriais, de commodities ou B2B.- Capacidade analítica para inteligência de mercado: dimensionamento de mercado, análise de tendências, forecast de demanda e análises competitivas.- Habilidade de comunicação com stakeholders de negócio e executivos; storytelling com dados.Inglês avançado (interação com mercados e times internacionais).Diferenciais:Conhecimento do setor de metalurgia, siderurgia, mineração ou materiais avançados (aços microligados, ligas especiais, baterias, aeroespacial).Experiência com MLflow e práticas de MLOps no ecossistema Databricks.Vivência com dados de CRM (Salesforce) e ERP (SAP) como fontes analíticas.Experiência com ferramentas de BI (Power BI, Tableau ou Databricks Dashboards).Conhecimento de otimização matemática e simulação (programação linear, Monte Carlo).Pós-graduação, mestrado ou doutorado em áreas quantitativas (Estatística, Engenharia, Física, Matemática, Computação) — desejável, não eliminatório.Espanhol ou mandarim (mercados relevantes para a CBMM).Competências comportamentaisAutonomia e senso de dono: capacidade de estruturar problemas ambíguos de mercado do zero.Curiosidade pelo domínio técnico — disposição para aprender metalurgia e aplicações do nióbio junto aos especialistas.Colaboração com times multidisciplinares (comercial, técnico, engenharia de dados, produto).Pragmatismo: equilibrar rigor científico com velocidade de entrega de valor ao negócio.Stack e ambienteDatabricks (Genie/AI-BI, DataHub, Unity Catalog, MLflow) · Python · PySpark · SQL · LLMs/GenAI · Salesforce · SAP · Power BIShow moreShow less",N/A,On-site/Hybrid,https://www.linkedin.com/jobs-guest/jobs/api/jobPosting/4440147422,2026-08-13
Data Scientist - Model Validation - Indaiatuba/SP,John Deere,"Indaiatuba, São Paulo, Brazil",2 days ago,"Trabalhamos para que a vida possa avançar e estamos sempre à procura de pessoas inovadoras que possam contribuir com a nossa missão. Que tal fazer parte do nosso time?Local Principal:Brasil (BR) - São Paulo - IndaiatubaFunção:Data and Analytics (CA)Título:Data Scientist - Model Validation - Indaiatuba/SP - 122077As a Data Scientist with John Deere Financial in Indaiatuba, Brazil, you will be responsible for validating predictive models as a member of JDF's global Model Risk Management team. Working closely with colleagues across Brazil, India, and the United States, you will apply analytical rigor, critical thinking, and effective challenge to assess model performance, identify risks, and strengthen model governance. Join a team that is passionate about ensuring models and data are used responsibly to support sound business decisions and effective risk management practices.Main ResponsibilitiesENGLISH IS REQUIRED FOR ALL COMMUNICATIONS AND DOCUMENTS (Resume).Perform validation activities for models covering areas including Credit Risk, Treasury, Accounting, Sales and Marketing;Contribute to various projects relating to risk identification and model validation processes;Perform validation of traditional statistical models as well as machine learning and GenAI-based analytical solutions;Evaluate compliance of models with internal Model Risk Management policies and regulatory expectations;Assess model limitations, risks, controls, and business usage to ensure appropriate governance and risk mitigation.Skills You NeedBachelor’s, Degree in Economics, Computer Science, Data Analytics, Data Science, Engineering, Math, Statistics, or a related quantitative field;Advanced English (broad vocabulary, strong grammar, able to lead meetings, debate, negotiate and conduct training sessions);Experience in model building and data science;Experience with statistical modelling and data management tools such as Python, R, Databricks and SAS;Demonstrated experience with statistical and machine learning methodologies, including time series analysis, regression techniques, classification models, and credit scoring frameworks;Commitment to team success and a proactive, collaborative approach to problem solving and different cultures and time zones;Good communication and teamwork skills;Availability for on-site work at the headquarters in Indaiatuba, SP.What Makes You Stand OutMaster's, PhD or specialization in Data Science, Economics, Statistics, Mathematics, Computer Science, Financial Engineering, or a related quantitative field.Experience performing independent model reviews, conceptual soundness assessments, and outcome analysis;Understanding of SR 11-7 ,SR 26-2, CECL requirement and model validation practices;Understanding of model lifecycle management, model risk governance, and validation frameworks;Experience applying statistical analysis and analytical methodologies in analytics projects;Working knowledge of emerging AI and generative AI technologies, with a desire to learn how these tools are evaluated, monitored, and governed in a model risk management framework;Knowledge of finance and accounting concepts;Understanding of the lending/banking industry;Ability to work on multiple projects simultaneously.Nossos principais benefíciosRemuneração variável;Plano de Saúde;Plano Odontológico;Seguro de Vida;Previdência Privada;Benefício Ótica;Reembolso vacina;Universidade Corporativa;TotalPass;Dependendo da unidade, você terá restaurante no local, vale refeição ou alimentação;Auxílio farmácia;Entre outrosNosso Processo SeletivoA seleção começa com a sua inscrição, para algumas vagas, existem alguns testes adicionais. Você terá a possibilidade de conhecer pessoas do time nas entrevistas! Nosso processo seletivo é flexível em termos de tempo, então não se preocupe! Nossa equipe de Talent Acquisition está comprometida em proporcionar a melhor experiência para você. Analisamos todas as candidaturas cuidadosamente e fornecemos feedback em todas as etapas do processo. Além disso, todas as orientações serão enviadas por e-mail!Sobre a John DeereA John Deere é líder global no fornecimento de produtos, tecnologia e serviços avançados para clientes que desempenham um papel essencial na agricultura, construção, florestal entre outros setores. Nosso objetivo é atender à crescente necessidade mundial de alimentos, combustível, abrigo e infraestrutura, enquanto promove a sustentabilidade e a preservação do planeta que chamamos de lar.Inovamos para impulsionar a produtividade e proteger nosso planeta e convidamos você a fazer parte dessa história. Trabalharemos juntos para criar, testar, superar para que para que a vida possa avançar. 💚🚜Show moreShow less",N/A,On-site/Hybrid,https://www.linkedin.com/jobs-guest/jobs/api/jobPosting/4442083981,2026-08-13
Junior Data Scientist - QuantumBlack Studio,"QuantumBlack, AI by McKinsey","São Paulo, São Paulo, Brazil",2 weeks ago,"Who You'll Work WithDriving lasting impact and building long-term capabilities with our clients is not easy work. You are the kind of person who thrives in a high performance/high reward culture - doing hard things, picking yourself up when you stumble, and having the resilience to try another way forward.In return for your drive, determination, and curiosity, we'll provide the resources, mentorship, and opportunities you need to become a stronger leader faster than you ever thought possible. Your colleagues—at all levels—will invest deeply in your development, just as much as they invest in delivering exceptional results for clients. Every day, you'll receive apprenticeship, coaching, and exposure that will accelerate your growth in ways you won’t find anywhere else.When you join us, you will have:Continuous learning: Our learning and apprenticeship culture, backed by structured programs, is all about helping you grow while creating an environment where feedback is clear, actionable, and focused on your development. The real magic happens when you take the input from others to heart and embrace the fast-paced learning experience, owning your journey.A voice that matters: From day one, we value your ideas and contributions. You’ll make a tangible impact by offering innovative ideas and practical solutions, all while upholding our unwavering commitment to ethics and integrity. We not only encourage diverse perspectives, but they are critical in driving us toward the best possible outcomes.Global community: With colleagues across 65+ countries and over 100 different nationalities, our firm’s diversity fuels creativity and helps us come up with the best solutions for our clients. Plus, you’ll have the opportunity to learn from exceptional colleagues with diverse backgrounds and experiences.World-class benefits: On top of a competitive salary (based on your location, experience, and skills), we provide a comprehensive benefits package to enable holistic well-being for you and your family.Your ImpactYou’ll be part of a multi-disciplinary team using data to drive real-world impact for leading organizations across the globe.You’ll help solve high-impact business problems by analyzing complex and varied datasets from some of the world’s most influential companies.Working closely with more experienced data scientists, engineers, and designers, you’ll contribute to the development of scalable data science products and solutions—building models, writing efficient code, and translating insights into actions.You’ll grow your skills by:Participating in cross-functional problem-solving sessionsContributing to the development of our internal Data Science ToolboxCollaborating with experts in machine learning, engineering, and designPresenting your work to colleagues and clients, with opportunities to write papers and attend conferences if you wishEvery project is an opportunity to learn, apply your academic knowledge in a practical setting, and make a tangible difference.You will work in our São Paulo office as part of our QuantumBlack Studio team and work with global colleagues from diverse backgrounds and disciplines.From day one, you’ll be paired with a mentor and supported by a collaborative team of data scientists, engineers, designers, and project managers.You will gain hands-on experience across different industries and data challenges, learning how to:Apply mathematics, statistics, and machine learning to real-world dataContribute to large-scale digital and analytics transformationsDevelop solutions that support personalization, marketing, operations, and moreOur culture values curiosity, experimentation, and continuous learning. You will have space to try new approaches, ask questions, and develop both technical and consulting skills. We also place strong emphasis on mentorship, community, and inclusion - ensuring you feel supported and empowered to thrive.Your Qualifications and SkillsBachelor's degree in computer science, statistics, mathematics, physics, engineering, or related fields (graduation between December 2024 and December 2026)Practical coding and modeling experience with a strong foundation in data science conceptsExperience with at least two of the following languages: Python, R, Scala, SQLStrong analytical thinking and problem-solving skills, with the ability to develop efficient and creative solutionsAbility to collaborate in a team and communicate clearly with colleagues and stakeholdersAbility to communicate ideas most effectively - both verbally and in writing - in English and Portuguese. Please submit your CV in English.Show moreShow less",N/A,On-site/Hybrid,https://www.linkedin.com/jobs-guest/jobs/api/jobPosting/4400577343,2026-08-13
Pessoa Cientista de Dados - Vaga afirmativa para mulheres cis e trans,Artefact,Greater São Paulo Area,2 weeks ago,"A abertura atual é para a Artefact do Brasil, estamos em modelo Free Office.Quem nós somosNós da Artefact LatAm acreditamos e vivemos uma cultura com base na empatia!Um ambiente de trabalho saudável é um lugar onde todas as vozes são ouvidas, respeitadas e valorizadas.Temos como nosso compromisso a construção de um ambiente mais diverso e inclusivo, porque a empatia é para todas as pessoas, independentemente de etnia, cor, gênero, orientação sexual, identidade de gênero, deficiência ou crença religiosa.Queremos conosco mentes e corações incríveis! Venha ser Artefact!O Que Você Estará FazendoVocê se juntará à nossa equipe de Dados e Consultoria, que ajuda os clientes a transformar e melhorar sua estratégia de dados aplicando análises avançadas para gerar insights que criam valor de negócio a partir de big data e inteligência artificial.Inovar. Você trabalhará com sua equipe, composta por consultores, cientistas de dados, e engenheiros, para identificar as necessidades dos clientes e definir soluções inovadoras.Aprender e Compartilhar. Você trabalhará em uma equipe colaborativa que promove o compartilhamento de conhecimento. Você aprenderá com outras pessoas, compartilhará conhecimento e ficará a par das novidades/atualizações do setor.Desenvolver. Você participará da solução do início ao fim. Com o auxílio de cientistas seniores você gerenciará a concepção e a implementação, além de otimizar o desempenho e a escalabilidade.Atuar em toda a cadeia de valor dos projetos (coleta e tratamento de dados, análise exploratória de dados, aplicação de modelos de aprendizado de máquina, produtização de modelos)Popularizar termos técnicos ou soluções para perfis mais orientados a negócios, pode trabalhar em uma equipe com perfis muito diversificadosPriorizar suas tarefas, respeitar prazos e se levantar a mão em caso de riscos ou problemasO Que Nós Estamos ProcurandoTer cursado um curso de graduação em ciência de dados, aprendizado de máquina, matemática, ciência da computação, estatística, engenharia, economia ou uma área relacionada.Desejável um primeiro conhecimento em estatística e programação (Python/R).Curiosidade: você está sempre buscando soluções inovadoras para seus clientes, você está envolvido em toda a cadeia de valorColaboração: o compartilhamento de conhecimento é essencial para você e você participa ativamente da difusão de informações dentro da ArtefactEmpreendedorismo: você traz soluções, novas ideias, inovaçõesO que oferecemosVR/VTFree office (trabalhe de casa ou de onde quiser!)GympassSeguros: Vida, saúde e odontológicoEncontros Bimestrais (Famoso “Get Together” onde nos encontramos para estarmos juntos, com oficinas, palestras, treinamentos e aquele happy hour!)Woba (pode marcar para trabalhar em coworking onde quiser!)Avaliações semestrais (com oportunidade de promoção)Por que você deveria se juntar a nósArtefact é o lugar para estar: venha e construa o futuro da área de dadosProgresso: cada dia oferece novos desafios e novas oportunidades de aprenderCultura: Empatia e Colaboração está no nosso DNAEmpreendedorismo: você se juntará a uma equipe de empreendedores motivados. Não desistiremos até que façamos uma grande diferença nesta indústria!Junte-se a nós!Show moreShow less",N/A,On-site/Hybrid,https://www.linkedin.com/jobs-guest/jobs/api/jobPosting/4436792474,2026-08-13
Especialista em Data Science - Business Development,Shopee,"São Paulo, São Paulo, Brazil",3 weeks ago,"About The TeamSobre a ShôAqui na Shô, acreditamos que cada membro de nossa equipe é fundamental para o nosso sucesso, e que diversidade de perspectivas e vivências são essenciais para movimentar nosso negócio e impulsionar o nosso propósito de mudar o mundo para melhor.Fazer parte do nosso time é a oportunidade de se desenvolver dentro de uma cultura de muita agilidade. Se você ama assumir grandes responsabilidades e fazer o que nunca foi feito, a Shô é seu lugar. Aqui você terá grandes desafios, trabalhará em colaboração com um time diverso e contribuirá para o futuro do e-commerce no Brasil, criamos impacto positivo na vida de milhões de pessoas.Modelo de TrabalhoAdotamos um modelo de trabalho híbrido, esse modelo permite que as pessoas ajustem seu ambiente de trabalho de acordo com suas necessidades pessoais, ao mesmo tempo em que promove a colaboração e interação no escritório.Qual será a sua missãoVocê atuará no time de Business Development e será responsável por estruturar e automatizar processos de coleta, classificação, organização e análise de dados que apoiem decisões estratégicas em um ambiente de negócio altamente dinâmico e competitivo.Buscamos alguém com perfil técnico e aplicado, que saiba construir soluções escaláveis, com forte raciocínio analítico e autonomia.Job DescriptionComo será o seu dia a diaProjetar e implementar pipelines robustos para processamento de dados em larga escala;Participar ativamente da evolução da esteira de dados e modelos, com foco em escalabilidade, confiabilidade e impacto;Colaborar com desenvolvedores, analistas de negócio e stakeholders de outras áreas, mantendo uma comunicação clara e objetiva;Desenvolver dashboards e relatórios com dados processados, apoiando a geração de insights para o negócio;Construir soluções com mentalidade DevOps e MLOps, utilizando automações, versionamento, CI/CD e monitoramento.RequirementsO que você precisa para assumir o desafioExperiência sólida com Python e bibliotecas de dados e machine learning (Pandas, Scikit-learn, etc.);Vivência com PySpark ou ferramentas de processamento distribuído;Experiência no tratamento e classificação de dados textuais não estruturados (ex: nomes e descrições de produtos, marcas, categorias), usando regex, Fuzzy Matching, embeddings ou LLMs;Experiência com machine learning aplicado a problemas como classificação e regressão;Domínio de SQL, com experiência em modelagem de dados, otimização de consultas e organização de bases relacionais para consumo analítico;Habilidade de colaborar em equipes multidisciplinares, com boa comunicação e visão de negócio;Diferencial: domínio de frameworks como TensorFlow ou PyTorch;Diferencial: experiência/base sólida em webscrapping;Diferencial: experiência com sistemas de recomendação, otimização ou personalização em larga escala;Diferencial: experiência com ingestão de dados externos e integração com fontes diversas (APIs, arquivos, dados públicos em escala);Diferencial: familiaridade com ferramentas de orquestração como Airflow ou Kubeflow;Diferencial: vivência em ambientes de e-commerce ou mercados com alta complexidade competitiva.BenefíciosAssistência médica e odontológica, estendendo-se aos dependentes;Parceira com Gympass e TotalPass;Vale Refeição/Alimentação flexível;Vale Transporte, Vale Mobilidade ou Estacionamento no local;Benefício flexível;Zenklub;Bônus anual discricionário, atrelado à performance.VEM FAZER HISTÓRIA COM A GENTE.O QUE TE FAZ ÚNICO, NOS FAZ MELHORES! 🧡Show moreShow less",N/A,On-site/Hybrid,https://www.linkedin.com/jobs-guest/jobs/api/jobPosting/4344888085,2026-08-13
CIENTISTA DE DADOS ESPECIALISTA,Bauducco,"Guarulhos, São Paulo, Brazil",1 week ago,"Enxergar o outro como parte da nossa família é um dos valores da Bauducco. Por isso, aqui você vai encontrar pessoas de diferentes lugares, histórias, mas que acreditam na importância da união de um time e no poder do apoio e do acolhimento, que trabalham com paixão.Aqui, valorizamos e investimos nas relações humanas, proporcionando um ambiente participativo, diverso, integrado e comprometido. Queremos que você seja a melhor versão de si e se sinta bem onde estiver. O que você vai encontrar na Bauducco é gente que gosta do que faz e inquieta para trilhar uma carreira de sucesso, crescendo junto com a empresa.Buscamos um(a) CIENTISTA DE DADOS ESPECIALISTA, para atuar na construção de soluções avançadas de machine learning, com forte atuação em ambientes modernos de dados na nuvem.Se essa vaga é a sua cara, você também é apaixonado pelo que faz, venha conhecer o desafio que a Bauducco está te oferecendo!Responsabilidades e atribuições🍪Desenvolver, treinar e validar modelos de machine learning para problemas de negócio usando dados estruturados e não estruturados (regressão, classificação, forecasting, etc.).🍪Realizar análise exploratória de dados (EDA) e feature engineering em larga escala.🍪Trabalhar com grandes volumes de dados utilizando PySpark e ambientes distribuídos.🍪Construir pipelines de machine learning (treinamento, validação e inferência).🍪Realizar deploy de modelos em ambientes produtivos (batch e/ou near real-time).🍪Monitorar performance de modelos (drift, métricas, re-treinamento).🍪Versionar experimentos e modelos utilizando ferramentas como MLflow.🍪Colaborar com times de engenharia de dados para consumo eficiente dos dados (Lakehouse / Medallion).🍪Traduzir problemas de negócio em soluções analíticas escaláveis.Requisitos e qualificações🍪Ciência de Dados & Machine Learning - Experiência sólida com algoritmos como: Regressão Linear; Random Forest; Gradient Boosting; SVM; XGBoost, LightGBM e CatBoost.🍪Conhecimento em avaliação de modelos: MAE, RMSE, R². Experiência com validação e tuning de modelos.🍪Linguagens & Ferramentas - Python avançado para Data Science: Pandas, NumPy; Scikit-learn.🍪Experiência com bibliotecas de ML: XGBoost; LightGBM; CatBoost.🍪Processamento distribuído: Experiência com Apache Spark (PySpark); Manipulação de dados em larga escala.🍪Plataforma de Dados: Experiência com Azure Databricks. Conhecimento em arquitetura: Lakehouse e Medallion (Bronze, Silver, Gold).🍪MLOps & Deploy - Experiência com deploy de modelos. Versionamento de modelos e experimentos (MLflow ou similar). Serialização de modelos (ex: pickle).🍪Dados: SQL avançado. Experiência com modelagem de dados para analytics.Informações adicionais🍪🍪🍪Além do salário, você terá como benefícios:🎉 Vale transporte, Estacionamento ou Fretado saindo de duas estações de metrô;🍽️ Refeição no local;🛒 Vale Alimentação;🏥 Assistência Médica e Odontológica;💵 Previdência Privada;💵PPR - Participação nos Lucros e Resultados;☂️ Seguro de Vida;💊 Convênio Farmácia;💸 Descontos nos Produtos da Bauducco;🏋 Wellhub;🚀 Venha fazer parte da nossa equipe e aproveite todos esses benefícios! 💛💛💛Show moreShow less",N/A,On-site/Hybrid,https://www.linkedin.com/jobs-guest/jobs/api/jobPosting/4445543380,2026-08-13
"Business Data Scientist, gTech Ads (English, Portuguese)",Google,Greater São Paulo Area,3 days ago,"Please submit your resume in English - we can only consider applications submitted in this language.Minimum qualifications:Master's degree in a quantitative discipline such as Statistics, Engineering, Sciences, or equivalent practical experience.3 years of experience using analytics to solve product or business problems, coding (e.g., Python, R, SQL), querying databases or statistical analysis, or a relevant PhD degree.Ability to communicate in English and Portuguese fluently to engage with clients in the region.Preferred qualifications:4 years of experience using analytics to solve product or business problems, coding (e.g., Python, R, SQL), querying databases or statistical analysis, or a relevant PhD degree.Experience leveraging data insights into storytelling for business stakeholders.Experience delivering insights from ML to customers (problem scoping/definition, modeling, interpretation).Experience using or deploying digital analytics and measurement solutions.Industry experience, including: retail, financial services/retail banking, insurance, telecommunications, automotive and Consumer Packaged Goods (CPG).Understanding of the statistical algorithms such as Bayesian models typically used in Marketing Analytics and MMMs.About The JobgTech Ads is responsible for all support and media and technical services for customers big and small across our entire Ad products stack. We help our customers get the most out of our Ad and Publisher products and guide them when they need help. We provide a range of services from enabling better self help and in-product support, to providing better support through interactions, setting up accounts and implementing ad campaigns, and providing media solutions for customers business and marketing needs and providing complex technical and measurement solutions along with consultative support for our large customers. These solutions range from bespoke and customized ones for our customers to scalable support for millions of customers worldwide. Based on the evolving needs of our ads customers, we partner with Sales, Product and Engineering teams within Google to develop better solutions, tools, and services to improve our products and enhance our client experience. As a cross-functional and global team, we ensure our customers get the best return on investment with Google and we remain a trusted partner.The Google Customer Solutions (GCS) Partner Engineering team in gTech Ads consists of engineers and data scientists providing custom solutions and technical consulting to Google’s partners.As a data scientist, you will combine consulting and technical skills to solve complex marketing challenges for our largest advertisers. You will apply best practices and Google’s ML capabilities to execute gTech’s goals, delivering innovative, high-impact solutions through cross-functional collaboration.In gTech Users and Products (gUP), our mission is to advocate for Google’s users by creating helpful and trusted experiences across the product ecosystem. We achieve this by meeting partners and consumers where they are with support and help, representing their needs with our product partners and proposing fixes and features that elevate their engagement with Google's product ecosystem. Additionally we provide a range of product services that ensure our products are optimized for every user, no matter where they are in the world (e.g., localization, digitization, partner integration and more).ResponsibilitiesLead Data Science client engagements focusing on marketing effectiveness and portfolio management, utilizing deep expertise in Marketing Mix Models (MMMs), ML, and statistics.Partner with customers, sales, and internal teams to unpack problems and build end-to-end statistical modeling frameworks, translating complex data into actionable strategic insights and co-presenting recommendations to integrate into business processes.Collaborate with Product/Engineering teams to increase and optimize capabilities of our Applied DS team, employing methods which create opportunities for scale, proactively helping to drive innovation.Develop comprehensive understanding of Google data structures, and metrics, advocating for product changes where needed.Engage key stakeholders to evaluate data and model readiness, successfully scaling proof-of-concepts into comprehensive solutions.Google is proud to be an equal opportunity workplace and is an affirmative action employer. We are committed to equal employment opportunity regardless of race, color, ancestry, religion, sex, national origin, sexual orientation, age, citizenship, marital status, disability, gender identity or Veteran status. We also consider qualified applicants regardless of criminal histories, consistent with legal requirements. See also Google's EEO Policy and EEO is the Law. If you have a disability or special need that requires accommodation, please let us know by completing our Accommodations for Applicants form .Show moreShow less",N/A,On-site/Hybrid,https://www.linkedin.com/jobs-guest/jobs/api/jobPosting/4451135329,2026-08-13
Cientista de Dados Sênior,Porto,"São Paulo, São Paulo, Brazil",1 day ago,"Descrição da vagaA Gerência de Ciência de Dados tem como missão disseminar o conhecimento analítico na Porto Seguro e apoiar as diversas áreas da empresa na tomada de decisão, baseada em análise. Além de atuar como uma consultoria, ela também é provedora de inovações e soluções de Inteligência Artificial para toda a vertical de seguros.Responsabilidades e atribuiçõesParticipar da estruturação de problemas de negócio e relacionar esses problemas com tecnologias, modelagem estatística e matemática;Planejar, desenvolver e manter modelos de machine learning e séries temporais;Realizar processo de ETL (extração, transformação e validação) de dados para o desenvolvimento de análises;Auxiliar os times de negócio a interpretarem os resultados e dar recomendações para melhoria dos processos;Participar da validação e implementação dos modelos desenvolvidos.Requisitos e qualificaçõesGraduação em estatística, engenharias, economia, matemática, ciência da computação, ciências atuariais, ou áreas correlatas;Python: Domínio na manipulação e transformação de dados com Pandas e NumPy, e proficiência na construção e avaliação de modelos com bibliotecas como Scikit-learn, XGBoost e/ou TensorFlow/PyTorch. Habilidade para escrever código limpo, modular e versionado (Git)Modelos preditivos: Regressão logística, Random Forest, XGBoost, CatBoost, LightGBM, etc;Proficiência em validar a performance do modelo usando métricas de negócio, não apenas métricas técnicas;Traduzir um problema de negócio em um problema de ML bem definido.Diferencial:Mestrado/Doutorado em estatística, economia, pesquisa operacional ou áreas correlatas;Experiência em empresas de varejo ou segmento financeiro e seguradora;Experiência com modelagem estatística e de machine learning voltada para inteligência de ofertas, sistemas de recomendação, NBO, teste A/B;Experiência com nuvem (AWS, GCP ou Azure): Deve ser capaz de provisionar recursos e trabalhar com serviços-chave, como BigQuery (consultas avançadas, performance tuning), Cloud Storage (gestão de dados) e, idealmente, Vertex AI (treinamento e deployment de modelos);Experiência com MLOps e Visão Computacional.Informações adicionaisNossos benefícios e local de trabalho:Vale Alimentação e Refeição Flexíveis;Plano de Saúde;Plano Odontológico;Wellhub e TotalPass;Academia Bio Ritmo exclusiva para Colaboradores: no Complexo Matriz;Participação nos Lucros - PLR;Programa de Ações: Porto em Ação complementar à PLR até 2025;Quadras de Areia e Poliesportiva: no Complexo Matriz;Vale-Transporte;Serviços de Transporte de Vans; disponibilizadas nas principais estações de acesso à Porto (Luz, Barra Funda, Santa Cecília e Júlio Prestes);Licença Parental Estendida: até 40 dias para todas as configurações familiares;Licença Maternidade: Estendida de 6 meses;Ambulatório Médico com Especialidades: no Complexo Matriz e Barra Funda;Auxílio creche ou babá;Seguro de Vida;Previdência Privada: PortoPrev;Desconto em Produtos e Serviços;Bolsa de estudos: Reembolso para graduação, pós ou MBA;Corridas mensais: subsídio para as principais corridas de ruas de São Paulo;Reembolso para idiomas (inglês ou espanhol);Teatro Porto: sessões exclusivas para Colaboradores;Biblioteca;Sala de descanso: no completo Matriz;Salão de jogos: no completo Matriz;Serviços de massagem e podologia: no completo Matriz.Local de trabalho: Campos Elíseos – Centro de São Paulo - SP.Na Porto, Você Importa!A Porto é muito mais que uma seguradora: é um ecossistema gigante que utiliza tecnologia para criar soluções, através de quatro verticais de negócio:Porto Bank, Porto Saúde, Porto Seguro e Porto Serviço.A reputação e o reconhecimento conquistados ao longo de mais de 80 anos reforçam o tamanho da Porto, uma empresa referência em negócios, feita para e por pessoas.Aqui, bate no peito de 13 mil colaboradores oorgulho de fazer parte de uma organização sólida e ética,que transforma sonhos em realidades fantásticaspara os nossos mais de 18 milhões de clientes. São mais de 101 sucursais e escritórios regionais em todo o Brasil.O aprendizado faz parte do nosso DNA, e aqui, você teráincentivos, ferramentas e gente boa para você aprender e crescer, a cada dia,um ambiente de acolhimento e segurança, onde cada um possa ser e se orgulhar de quem se é, promovendo um espaço de respeito evivendo de forma integral e com bem-estar, em uma empresa genuinamente humana.DIVERSIDADE & INCLUSÃO NA PORTONa Porto, valorizamos a diversidade e acreditamos que um time plural é essencial para o desenvolvimento do nosso negócio, da sociedade e de cada indivíduo. Afinal, a inovação nasce de visões únicas!Juntos, trabalhamos diariamente para construir um espaço seguro, livre e respeitoso. Por isso,incentivamos fortemente a candidatura de mulheres, pessoas negras e indígenas, pessoas com deficiência e pessoas LGBTQIA+em todas as nossas vagas.Show moreShow less",N/A,On-site/Hybrid,https://www.linkedin.com/jobs-guest/jobs/api/jobPosting/4431921672,2026-08-13
Analista Inteligencia Artificial,Pashal,Greater São Paulo Area,2 weeks ago,"Desenvolver, implementar e manter modelos de Machine Learning e Inteligência Artificial. Analisar grandes volumes de dados para identificar padrões e insights. Colaborar com equipes multidisciplinares para integrar soluções de IA em produtos e serviços. Monitorar e otimizar o desempenho de modelos de IA em produção. Pesquisar e aplicar novas tecnologias e metodologias em IA. Formação superior completa em Ciência da Computação, Engenharia, Estatística ou áreas correlatas.Experiência comprovada com desenvolvimento e implementação de soluções de Inteligência Artificial e Machine Learning.Proficiência em linguagens de programação como Python e R.Conhecimento em frameworks de IA (TensorFlow, PyTorch, Keras).Experiência com bancos de dados e ferramentas de Big Data.Habilidade para trabalhar em equipe e comunicar ideias complexas de forma clara.Capacidade analítica e de resolução de problemas.Show moreShow less",N/A,On-site/Hybrid,https://www.linkedin.com/jobs-guest/jobs/api/jobPosting/4443246461,2026-08-13
Pessoa Cientista de Dados - Vaga afirmativa para pessoas LGBTQIAPN+,Artefact,Greater São Paulo Area,2 weeks ago,"A abertura atual é para a Artefact do Brasil, estamos em modelo Free Office.Quem nós somosNós da Artefact LatAm acreditamos e vivemos uma cultura com base na empatia!Um ambiente de trabalho saudável é um lugar onde todas as vozes são ouvidas, respeitadas e valorizadas.Temos como nosso compromisso a construção de um ambiente mais diverso e inclusivo, porque a empatia é para todas as pessoas, independentemente de etnia, cor, gênero, orientação sexual, identidade de gênero, deficiência ou crença religiosa.Queremos conosco mentes e corações incríveis! Venha ser Artefact!O Que Você Estará FazendoVocê se juntará à nossa equipe de Dados e Consultoria, que ajuda os clientes a transformar e melhorar sua estratégia de dados aplicando análises avançadas para gerar insights que criam valor de negócio a partir de big data e inteligência artificial.Inovar. Você trabalhará com sua equipe, composta por consultores, cientistas de dados, e engenheiros, para identificar as necessidades dos clientes e definir soluções inovadoras.Aprender e Compartilhar. Você trabalhará em uma equipe colaborativa que promove o compartilhamento de conhecimento. Você aprenderá com outras pessoas, compartilhará conhecimento e ficará a par das novidades/atualizações do setor.Desenvolver. Você participará da solução do início ao fim. Com o auxílio de cientistas seniores você gerenciará a concepção e a implementação, além de otimizar o desempenho e a escalabilidade.Atuar em toda a cadeia de valor dos projetos (coleta e tratamento de dados, análise exploratória de dados, aplicação de modelos de aprendizado de máquina, produtização de modelos)Popularizar termos técnicos ou soluções para perfis mais orientados a negócios, pode trabalhar em uma equipe com perfis muito diversificadosPriorizar suas tarefas, respeitar prazos e se levantar a mão em caso de riscos ou problemasO Que Nós Estamos ProcurandoTer cursado um curso de graduação em ciência de dados, aprendizado de máquina, matemática, ciência da computação, estatística, engenharia, economia ou uma área relacionada.Desejável um primeiro conhecimento em estatística e programação (Python/R).Curiosidade: você está sempre buscando soluções inovadoras para seus clientes, você está envolvido em toda a cadeia de valorColaboração: o compartilhamento de conhecimento é essencial para você e você participa ativamente da difusão de informações dentro da ArtefactEmpreendedorismo: você traz soluções, novas ideias, inovaçõesO que oferecemosVR/VTFree office (trabalhe de casa ou de onde quiser!)GympassSeguros: Vida, saúde e odontológicoEncontros Bimestrais (Famoso “Get Together” onde nos encontramos para estarmos juntos, com oficinas, palestras, treinamentos e aquele happy hour!)Woba (pode marcar para trabalhar em coworking onde quiser!)Avaliações semestrais (com oportunidade de promoção)Por que você deveria se juntar a nósArtefact é o lugar para estar: venha e construa o futuro da área de dadosProgresso: cada dia oferece novos desafios e novas oportunidades de aprenderCultura: Empatia e Colaboração está no nosso DNAEmpreendedorismo: você se juntará a uma equipe de empreendedores motivados. Não desistiremos até que façamos uma grande diferença nesta indústria!Junte-se a nós!Show moreShow less",N/A,On-site/Hybrid,https://www.linkedin.com/jobs-guest/jobs/api/jobPosting/4436905068,2026-08-13
Cientista de Dados Sênior,Tecnobank,"São Paulo, São Paulo, Brazil",2 hours ago,"Venha deixar a sua digital na Tecnobank.Todos os dias, milhões de pessoas financiam veículos sem imaginar a tecnologia que torna esse processo possível. É aí que entramos.Há mais de18 anos, desenvolvemos soluções que conectam dados, instituições e pessoas para tornar ocrédito automotivo mais simples, ágil e seguro. Estamos presentes em21 estados, apoiando a transformação de um mercado essencial para milhões de brasileiros.E essa transformação começa pelas pessoas que fazem parte da Tecnobank.Aqui, valorizamos o protagonismo, a colaboração e o desenvolvimento contínuo. Incentivamos novas ideias, reconhecemos quem faz acontecer e acreditamos quegrandes resultados são construídos pela digital de cada colaborador.Se você busca desafios, aprendizado e a oportunidade de gerar impacto todos os dias, seu lugar pode ser aqui.ComoCientista de Dados Sênior, você será responsável por Desenvolver e evoluir soluções de Ciência de Dados, Machine Learning e Inteligência Artificial que transformem desafios de negócio em resultados, garantindo qualidade, governança e geração de valor para a empresa.Responsabilidades e atribuiçõesAtuar como referência técnica em Ciência de Dados, alinhado às diretrizes, políticas, indicadores, níveis de serviço e valores da empresa.Compreender desafios de negócio e traduzi-los em soluções analíticas baseadas em dados, estatística, Machine Learning e Inteligência Artificial.Atuar em parceria com as áreas de negócio, Produtos, Tecnologia, Comercial e Arquitetura na concepção e evolução de produtos orientados a dados.Desenvolver, validar, implantar e evoluir modelos estatísticos e de Machine Learning para risco de crédito, fraude, compliance, precificação, recomendação, segmentação, previsão e otimização de processos.Conduzir análises exploratórias, engenharia de atributos, experimentos estatísticos e testes A/B, mensurando a performance dos modelos e o impacto das soluções no negócio.Desenvolver PoCs, MVPs e soluções inovadoras, avaliando a viabilidade técnica, financeira e operacional.Documentar e monitorar modelos em produção, identificando degradações de performance e propondo ações de correção, retreinamento ou evolução.Garantir a qualidade, governança, segurança e conformidade dos dados e modelos com a LGPD, regulamentações aplicáveis e normas internas.Apoiar equipes multidisciplinares e decisões estratégicas por meio de análises quantitativas, indicadores, modelos preditivos e interpretação de resultados.Disseminar boas práticas, apoiar profissionais menos experientes e promover uma cultura orientada por dados, com uso ético e responsável de Inteligência Artificial.Requisitos e qualificaçõesFormação mínima:Graduação concluída.Área de estudo:Ciência da Computação, Engenharia da Computação, Sistema de informação, Engenharia de software, Estatística, Matemática, Ciência de dados e áreas correlatas.Desejável 05 anos como Analista de Dados / Cientista de Dados orientado a construção de modelagens e aplicações de dados para negócios e produtos (ex: score, risco, precificação, BI ou analytics).Conhecimentos ObrigatóriosProgramação e dados: Python, SQL, Pandas, NumPy e Jupyter Notebook.Machine Learning e estatística: Scikit-Learn, XGBoost, LightGBM ou CatBoost; estatística aplicada, engenharia de atributos, séries temporais, testes A/B e desenvolvimento, validação e avaliação de modelos preditivos.Análise e visualização: construção de indicadores, dashboards e análises para tomada de decisão, com conhecimento em Power BI.Engenharia e integração de dados: preparação, tratamento, transformação e validação de dados, integração entre fontes e consumo ou desenvolvimento de APIs; Apache Spark desejável.Diferenciais desejáveisMachine Learning avançado, otimização de modelos e análise de performance, robustez e estabilidade.Deep Learning, NLP, Transformers e soluções de IA Generativa, incluindo LLMs, RAG, embeddings e busca semântica.MLOps e DataOps, com versionamento, automação, monitoramento de drift e retreinamento de modelos.Arquitetura de dados e IA, integração de modelos a sistemas e uso de serviços em nuvem.IA responsável, com explicabilidade, mitigação de vieses, privacidade, segurança, governança e conformidade com a LGPD.Informações adicionaisBenefícios que fazem a diferença🍽️ Vale-alimentação e Vale-refeição (crédito mensal de R$ 2.080,76) entre ambos)💳 Ajuda de custo (home office) - R$ 260,00 para despesas gerais (Cartão Caju)🩺 Plano de saúde e odontológico SulAmérica, extensivo aos dependentes (sem mensalidade, apenas coparticipação)🦷 Assistência odontológica (gratuita também para os dependentes)🛡️ Seguro de vida👶 Auxílio-creche para filhos de até 71 meses👨‍👩‍👧‍👦 Licença parental estendida🏃 Wellhub (antigo Gympass) para cuidas da saúde e bem-estar🎉 Day off de aniversário, com utilização em até dois meses após a data📚 Descontos e parcerias com instituições de ensino💰 Participação nos Lucros e Resultados (PLR)Show moreShow less",N/A,On-site/Hybrid,https://www.linkedin.com/jobs-guest/jobs/api/jobPosting/4450482323,2026-08-13
Cientista de Dados - Sênior,EY,"São Paulo, São Paulo, Brazil",2 weeks ago,"Na EY, estamos comprometidos em moldar seu futuro com confiança.Nós ajudaremos você a ter sucesso em um ambiente globalmente conectado, repleto de equipes diversas, e a levar sua carreira para onde você desejar.Venha para EY e ajude-nos a construir um mundo de negócios melhor.Sobre a oportunidade:Se você é apaixonado(a) por inovação, inteligência artificial e deseja impactar o setor financeiro com soluções de GenAI e Ciência de Dados, esta é a sua chance! Na EY, você terá a oportunidade de atuar em projetos de ponta, colaborando com equipes multidisciplinares e desenvolvendo soluções que transformam negócios, potencializando resultados e promovendo eficiência. Venha ser protagonista na revolução tecnológica do mercado financeiro!Você assumirá as seguintes responsabilidades:Desenvolver soluções de IA ponta a ponta, desde a descoberta até o deploy e monitoramento, incluindo modelagem (NLP/ML/LLMs), APIs e integrações. Projetar e evoluir chatbots e canais conversacionais com NLP/NLU, promovendo melhoria contínua. Construir integrações via APIs/JSON, microserviços e eventos, além de implantar MLOps com pipelines, versionamento e observabilidade. Analisar dados conversacionais e recomendar ações baseadas em KPIs, garantindo qualidade por meio de testes e validações. Atuar em métodos ágeis, colaborando com áreas de negócio, design, engenharia e segurança.Requisitos e habilidades que buscamos:Formação em Estatística, Matemática, Ciência/Engenharia da Computação, Sistemas de Informação, Engenharia de Produção ou áreas de tecnologia afins.Experiência aplicando IA/ML/GenAI em domínios como Atendimento e Conversational AI, Risco, Crédito, Cobrança, Fraude & AML, Personalização, Next Best Action/Offer, Operações & Eficiência;Domínio das ferramentas: Python (pandas, numpy, scikit-learn, PySpark), SQL, JavaScript/Node.js, IBM Watson Assistant/Watsonx, Azure OpenAI, OpenAI, Hugging Face, spaCy, transformers, Rasa (desejável), FAISS, Azure AI Search, PGVector, MLflow/Databricks, SageMaker, Vertex AI, Azure ML, Docker, Kubernetes, CI/CD, Spark/Databricks, Airflow, Kafka/Event Hubs, APIs REST/JSON, webhooks, microserviços, Excel, Power BI, VS Code, Git/GitFlow, Jira/Confluence.Conheça alguns de nossos benefícios: Assistência médica e odontológica, Auxílio creche, Plataforma de benefícios e descontos exclusivos EY, Incentivos à educação, Day off de aniversário, Gympass/Wellhub, Participação nos Lucros (PLR), Previdência privada, Vale Alimentação e/ou Vale Alimentação e Transporte, e muito maisO que oferecemos:Na EY, você se desenvolve com habilidades voltadas para o futuro e se abastece de experiências de classe mundial. Nós capacitaremos você em um ambiente flexível e potencializaremos seus talentos extraordinários em uma cultura diversa e inclusiva, com equipes globalmente conectadas.Pelo 4º ano consecutivo, a EY está na lista do Great Place to Work como uma das melhores empresa para se trabalhar, com destaque para as categorias de diversidade. Você poderá fazer parte de nossos programas e grupos que, juntos a inúmeras iniciativas internas, apoiam nossa constante busca pela equidade.Você gostaria de moldar seu futuro com confiança? Inscreva-se hoje!Para ajudar a criar a melhor experiência durante o processo de recrutamento, por favor, descreva qualquer acessibilidade você possa precisar.Saiba mais sobre como é trabalhar na EY:Carreiras na EY LinkedIn @EY Instagram @eybrasilcarreiras#GenAI #IAGenerativa #CiênciadeDados #MachineLearning #DeepLearning #FinancialServices #TechEY #FSOEY #DataScience #InteligênciaArtificial #CarreiraEYShow moreShow less",N/A,On-site/Hybrid,https://www.linkedin.com/jobs-guest/jobs/api/jobPosting/4424817708,2026-08-13
Especialista de Modelagem I,Serasa Experian,"São Paulo, São Paulo, Brazil",2 weeks ago,"Company DescriptionA Serasa Experian é a primeira e a maior Datatech do Brasil. Líder em soluções de inteligência para análise de riscos e oportunidades, com foco nas jornadas de crédito, autenticação e prevenção à fraude. Com tecnologia de ponta, inovação e os melhores talentos, transforma a incerteza do risco na melhor decisão, ajudando pessoas a realizarem seus sonhos e empresas de todos os portes e segmentos a prosperarem.Temos 22.000 pessoas operando em 32 países e a cada dia estamos investindo em novas tecnologias, profissionais talentosos e inovação para ajudar todos os clientes a maximizarem cada oportunidade. Com sede corporativa em Dublin, Irlanda, a Experian está listada na Bolsa de Valores de Londres (EXPN) e compõe o índice FTSE 100.Job DescriptionEstamos em busca de um(a) profissional para integrar o nossoTime de Modelagem de Crédito— um ambiente ondedados, tecnologia e negócio caminham juntospara transformar decisões estratégicas.O poder dos dados está em nosso DNA. É a partir dele que desenvolvemos soluções analíticas capazes de potencializar a qualidade e a efetividade das decisões dos nossos clientes. Utilizamostécnicas estatísticas avançadas e Machine Learning, explorando dados de toda a organização para construirmodelos de risco de créditocustomizados às necessidades de cada negócio. Esses modelos são ferramentas essenciais para que nossos clientes otimizem e maximizem suas decisões.Nossa missão é apoiar clientes e parceiros cominteligência analítica aplicada ao negócio.Principais responsabilidadesNo Dia a Dia, Você IráDesenvolver modelos de risco de crédito utilizando técnicas estatísticas e soluções de Machine Learning, com foco em Python;Manipular, explorar e analisar grandes bases de dados utilizando Python;Conduzir estudos ad hoc e análises estatísticas para apoio à tomada de decisão;Interpretar resultados analíticos, avaliando sua coerência, relevância e impacto para o negócio;Traduzir análises e conceitos técnicos complexos em insights claros e objetivos, adequados a diferentes públicos, incluindo clientes de diversos segmentos e áreas internas.QualificaçõesBuscamos Um(a) Profissional Que TenhaExperiência sólida em Python para manipulação, análise de dados e desenvolvimento de modelos estatísticos e de Machine Learning;Boa capacidade de comunicação, com facilidade para interagir com clientes internos e externos;Perfil proativo, com foco em resultados, qualidade e entrega de valor;Postura analítica, questionadora e curiosa, com interesse contínuo em aprendizado, evolução técnica e identificação de padrões e oportunidades de melhoria;Capacidade de propor soluções alinhadas às estratégias do negócio.Conhecimento em GenAI será considerado um diferencial.QualificationsQualificaçõesPythonPacote OfficeGenAIRaciocínio AnalíticoModelagem EstatísticaAdditional InformationA Serasa Experian é muito mais do que você imagina. Com o propósito de criar um futuro melhor, ampliando oportunidades para pessoas e empresas, no Brasil somos mais de 4 mil pessoas que atuam em diversos times e especialidades. Aqui, cada conhecimento e diversidade se complementa e você pode trabalhar no que mais ama, estamos comprometidos a construir uma cultura inclusiva e um ambiente no qual pessoas possam equilibrar a carreira com seus compromissos e interesses pessoais, prezando pelo bem-estar.A gente se dedica muito em ser uma das melhores e mais inovadoras empresas para se trabalhar do país, possibilitando experiências e carreiras incríveis para nossas pessoas. Nossa forte abordagem de pessoas em primeiro lugar é reconhecida externamente por meio de diversas certificações de mercado: fomos premiados pelo Great Place To Work™ em 24 países e pela certificação internacional Top Employers, além de sermos reconhecidos como uma das melhores empresas para jovens profissionais e contarmos com uma avaliação de 4,6 no Glassdoor. Cada reconhecimento nos indica que estamos no caminho certo, proporcionando um ambiente de trabalho cada vez melhor para nossos talentos.Experian Careers - Creating a better tomorrow togetherFind out what its like to work for Experian by clicking hereShow moreShow less",N/A,On-site/Hybrid,https://www.linkedin.com/jobs-guest/jobs/api/jobPosting/4446371610,2026-08-13
Cientista de Dados Pleno,Eletromidia,"São Paulo, São Paulo, Brazil",1 day ago,"Descrição da vagaCONECTAMOS HISTÓRIAS, PESSOAS E CIDADES!Somos o maior veículo de mídia Out of Home do Brasil, impactando mais de22 milhões de pessoas todos os diascom criatividade, inovação e resultados. Com uma atuação ampla e uma presença marcante, transformamos o dia a dia urbano em experiências únicas e surpreendentes.Valorizamos a diversidade e inclusão, buscando distintos perfis, gêneros, raças, orientações e identidades, porque acreditamos que a pluralidade nos ajuda a encontrar, juntos, soluções inovadoras e sustentáveis!Nosso time é movido por desafios e pela paixão de fazer acontecer. Valorizamos a ética, a inovação, o respeito e o compromisso em entregar soluções que conectam marcas e pessoas de forma extraordinária.Quer fazer parte dessa transformação?#VemSerEletroTeam 🚀🧡Responsabilidades e atribuições💡 Aqui, Você VaiSer umapeça-chaveno nosso time de Dados, ajudando a transformar a forma como medimos, analisamos e apresentamos os resultados das campanhas OOH. Seu papel será analisar audiências, alcance, impactos e KPIs exclusivos para contar histórias que encantem nossos clientes e potencializem os resultados.Você também será um agente da cultura data-driven dentro da Eletromidia, colaborando com diferentes áreas para tornar o uso de dados cada vez mais natural e estratégico.Suas Principais ResponsabilidadesAnalisar e interpretar dados das campanhas OOH, contribuindo com insights e análises que embasam decisões comerciais e estratégicas;Colaborar com áreas como:Relações Governamentais: traduzir dados de impacto social em argumentos para regulamentação;Time Comercial & Client Solutions: apoiar com análises, projeções e storytelling que impulsionem vendas;Projetos Especiais: cocriar estudos que mostrem a força das nossas telas em campanhas 360º;Recursos Humanos, Financeiro e Jurídico: apoiar com métricas, modelagens de ROI e compliance;Sugerir melhorias em processos, relatórios e modelos, com foco em automação e escalabilidade;Criar dashboards, visualizações e análises que comuniquem de forma clara e impactante;Promover boas práticas e apoiar iniciativas de capacitação analítica dentro da empresa.Requisitos e qualificações🎯 O Que Esperamos De VocêPré-requisitos (must-have)Experiência prática em Data Science ou Analytics, com domínio em Python ou R;Conhecimento em modelagem estatística, testes A/B e visualizações de dados (como Plotly, Looker, etc.);Familiaridade com bancos de dados SQL/NoSQL, versionamento com Git e uso de pipelines em cloud (preferência por GCP);Curiosidade analítica, foco em resolver problemas reais de negócio e boa comunicação com áreas não técnicas.Diferenciais (nice-to-have)Experiência anterior em mídia, varejo, advertising ou mobilidade urbana;Conhecimento sobre métricas de OOH ;Participação em projetos multidisciplinares ou squads ágeis;Inglês e/ou espanhol fluente é um diferencial.Se você identifica padrões onde os outros veem ruído, vibra quando suas análises se transformam em decisões e quer crescer junto com a maior empresa de mídia OOH do Brasil, vem com a gente construir o futuro da Eletromidia!Vem colocar seu talento no maior palco de OOH do Brasil! Bora dominar o mercado juntos? ✨Informações adicionais✨ Os Nossos Benefícios São🏥 Assistência médica e odontológica: mais cuidado e bem-estar para você viver com tranquilidade;🔐 Seguro de vida: porque o futuro também merece cuidado;🍽️ Cartão flexível (Refeição/Alimentação): escolha onde usar e aproveite cada refeição do seu jeito;🚌 Vale Transporte: mobilidade garantida para você ir e voltar com mais flexibilidade;💰 PLR anual: batemos metas juntos, comemoramos juntos;💪 Total Pass: aquele empurrãozinho para prática de atividade físicas;🎉 Day Off no seu aniversário: um presente nosso para você curtir o seu dia;🎁 Sorteios de ingressos para diversas experiências: cultura, entretenimento e lazer;📱 Clube de Descontos Samsung: parceria para aquisição de produtos eletrônicos com condições especiais para colaboradores;🎓 Parcerias educacionais: descontos exclusivos em instituições de ensino parceiras, incluindo cursos de especialização, graduação, MBA, extensão e idiomas;🏢 Convênio +Sesc: acesso a centros de lazer, atividades culturais, físicas e de entretenimento, promovendo bem-estar e qualidade de vida.Sobre NósAcreditamos no poder transformador de cada membro da nossa equipe, trabalhando juntos em uma jornada coletiva. Afinal, nossas conexões são feitas de pessoas para pessoas.Valorizamos a diversidade e inclusão, buscando distintos perfis, gêneros, raças, orientações e identidades, porque acreditamos que a pluralidade nos ajuda a encontrar, juntos, soluções inovadoras e sustentáveis!Aqui, você se juntará a um time talentoso e dedicado a dados, formado por profissionais qualificados e comprometidos com a excelência. Valorizamos a colaboração e a criatividade para encontrar as melhores soluções para nossos clientes e o mercado deOOH.QUER FAZER PARTE DESSA TRANSFORMAÇÃO?#VemSerEletroTeam 🧡Show moreShow less",N/A,On-site/Hybrid,https://www.linkedin.com/jobs-guest/jobs/api/jobPosting/4453010480,2026-08-13
Data Scientist / Deployment Engineer,Shift Technology,"São Paulo, São Paulo, Brazil",1 month ago,"Shift delivers AI agents that transform insurers' most critical work. By combining deep industry expertise and unmatched data resources, Shift provides proven results that have earned the trust of hundreds of the world's leading insurers. Our insurance-grade AI is accurate, explainable, and secure—empowering human experts to move with unmatched speed, total confidence, and a renewed focus on the people they serve.Your browser does not support the video tag.Our culture is built on innovation, trust, and a drive to transform the insurance industry through our SaaS platform. We come from more than 50 different countries and cultures and together we are creating the future of insurance.Learn more at www.shift-technology.comShift Technology is a global leader in insurance-grade AI, dedicated to transforming the industry’s most critical workflows. We build and deploy advanced AI solutions that empower insurance teams to work smarter, detect fraud and risk, assess liability, and automate complex claim processes with unmatched speed and accuracy.Trusted by over 120 customers across 30 countries, we combine deep industry expertise with cutting-edge agentic AI to help human experts make faster, more confident decisions and deliver exceptional service to millions of policyholders worldwide. Our culture is built on innovation, trust, and a drive to transform the insurance industry through our SaaS platform. We come from more than 50 different countries and cultures, and together we are creating the future of insurance.About the TeamThis role is part of the Data Science team, which is the largest department in our organization, consisting of close to 200 Data Scientists throughout the world.Our Data Scientists work in a full-lifecycle role across a broad range of subjects, acquiring extensive technical and professional experience in data science, data engineering, software engineering, business understanding, and client engagement.Team Impact & FocusThe Data Science team actively participates in the definition and development of our suite of products focused on fraud detection, anti-money laundering, and claim automation.We possess deep technical and professional experience across coding, data science, data engineering, and client interactions.We work with a highly diverse set of data types, including structured data, free text, documents, and images.Our company is small enough that each person’s achievements have an impact on our overall performance, yet big enough to be a world leader and innovator in our domain.You will work alongside technical experts, playing a key role in deploying our enterprise-level solutions to our clients.Local Context:You will be joining the Brazilian Data Science team, which works mostly for US Property & Casualty (P&C) customers. Our main focus is deploying solutions to new clients, maintaining client production, and contributing to the development of our Fraud Detection Solution.Role Purpose & ResponsibilitiesYour primary purpose is to learn and assist in deploying Shift Technology’s solutions to new clients as well as support the maintenance of solutions for existing clients. Under the guidance of senior engineers, this includes participating in managing data pipelines, executing ETL processes, and developing, testing, tuning, and deploying fraud detection models.Working alongside experienced team members within a designated pod of clients, you will execute the following duties:Client Implementation Support:Assist in implementing Claim Fraud Detection (CFD) for new clients, focusing on ETL setup, detection implementation, and workflow automation.Feature Deployment:Help roll out new platform features to existing clients.Optimization:Contribute to continuous improvements across existing client environments and pipelines.Stakeholder Engagement:Collaborate with internal teams to collect user feedback, help prepare business case materials, and assist in reporting regularly on solution performance to stakeholders.Requirements & SkillsWe are looking for arecently graduated candidateor a professional with1 to 2 years of experiencein a similar technical environment (such as deployment engineering, data science, data engineering, or software engineering).Software Engineering:A strong background in an OOP language (such as C#, C/C++, or Java) and SQL. We thrive on people who can write maintainable, production-quality code that runs every day without breaking.AI Competency:AI-savvy with a clear understanding of statistics, machine learning, and data solutions. Must be able to communicate these concepts internally and explain how the product works to clients.Client Interaction:Client-facing comfort. You need to be open to communicating directly with our clients on a regular basis.Business Acumen:Business smart. We do not expect prior knowledge of the insurance sector, but you must be eager to learn and master the business aspects of our products.Collaboration:A dedicated team player who works effectively with a diverse group of people and collaborates well across multiple teams.Language:Fluency in English alongside good overall communication skills is a strict requirement.Job OverviewEmployment Type:This is a permanent, full-time CLT position.Location:This is a Hybrid role based in São Paulo, Brazil.Benefits & PerksHealth Insurance:AMIL ONE S6500 BlackDental Insurance:AMIL DENTAL 205Meal Voucher:R$1,026Extended Parental Leave: 30 daysPrivate Pension with company matchingTo support our permanent, full time employees at every stage of their careers and lives, we provide a competitive total rewards and benefits package. Here are the global benefits we’d like to highlight:Flexible remote and hybrid working optionsCompetitive Salary and a variable component tied to personal and company performanceMultiple Learning and Development opportunities, including Focus Fridays, a half-day each month to focus on learning and personal growthGenerous PTO and paid holidaysMental health benefits2 MAD Days per year (Make A Difference Days for paid volunteering)Additional benefits may be offered by country, based on your eligibility - ask your recruiter for more information. Intern and Apprentice positions may receive some of these benefits - ask your recruiter for more details.AI tools are used to help review applications for this role. Read ourAI in Recruitment Noticefor what the AI considers, how to request a human review, and our most recent bias audit.At Shift we strive to be a diverse and inclusive workforce.We welcome applications from and hire people who will contribute to the diversity of our company,without regard to race, color, religion, marital status, age, national or ethnic origin, physical or mental disability, medical condition, pregnancy, genetic information, gender identity or expression, sexual orientation, or other non-merit criteria.Shift Technology is committed to providing reasonable accommodations for qualified individuals with disabilities in our application and employment process. Should you require accommodation, please email accommodation@shift-technology.com and we will work with you to meet your accessibility needs.Please be aware of scammers and only trust correspondence that comes from emails ending in ""shift-technology.com"". We will never do initial outreach to you via Whatsapp/Text/SMS, never ask for banking information or personal identification numbers (ex. Social Security Number) as part of our recruitment process.Shift Technology does not accept unsolicited CVs from recruiters or employment agencies in response to the Shift Technology Careers page or a Shift Technology social media post. Any unsolicited CVs, including those submitted directly to hiring managers, are deemed to be the property of Shift Technology.Show moreShow less",N/A,Remote,https://www.linkedin.com/jobs-guest/jobs/api/jobPosting/4436108295,2026-08-13
Principal Data Scientist,Bunge,"São Paulo, São Paulo, Brazil",1 day ago,"Cidade :São Paulo, BrasilEstado :São Paulo (BR-SP)País :Brasil (BR)Número da Vaga :45103Bunge has an exciting opportunity available for a Principal Data Scientist. In this role you will be part of a global team working on challenging, meaningful projects impacting core business activities. Since 1818, Bunge has been connecting farmers to consumers to deliver essential food, feed, and fuel to the world. Looking to the future, our ambition is to continuously reinvent ourselves, leveraging data to be at the forefront of analytics, technology and talent to accomplish our purpose in a better, faster and simpler way. Bunge is committed to operating and thriving in the digital world – creating world class agile teams where teammates are empowered and encouraged to collaborate and test and learn to succeed. At Bunge, people don’t just come here to work, they come here to grow – solving challenges that directly impact the world with a diverse team of thinkers and doers. Bunge offers a strong compensation and benefits package, generous paid time off program, flexible work arrangements, and opportunity to progress. Our hybrid work environment provides a balance of in-office and remote work.Most importantly, in all we do we live our values:Act as One Team by fostering inclusion, collaboration, and respectDrive for Excellence by being agile, innovative and efficientDo What's Right by acting safely, ethically, and sustainablyOverviewWe are seeking a highly motivated and experienced Principal Data Scientist with strong expertise in pricing optimization to join our growing team. As Principal Data Scientist, you will be a critical technical lead of the Business Technology Data and Analytics team, responsible for leading the construction and optimization of large-scale models to solve business problems and communicate the value to the business stakeholders. You will also be responsible for working with cross-functional teams to identify and prioritize data analytics initiatives, driving significant impact throughout our global value chains.Essential Functions:Design, create, test and implement complex modeling and algorithmic systems that drive value throughout the organization.Responsible for leading large-scale data science initiatives from POC to productionDesign and structure reusable codebase utilizing data science best practice and supports the sustainability of our technical portfolio.Collaborate with various stakeholders to understand business problems to implement scalable and sustainable solutions.Work closely with Data Scientists, Analysts and Data Engineers to build and deliver valuable analytical solutions.Communicates and document the design, functioning and output of the analytical models/solutions developed to a variety of audience.Ensure timely deliverables and testing for regular maintenance of solutions over timeCommunicate data insights and value articulation to stakeholders.Serve as a technical lead and point of contacts to product managers, business partners and collaborators.Contribute to a culture of learning through technical mentoring and tools sharing.Minimum Requirements:Post graduate degree in STEM field or Bachelor degree with a combination of years of experience as in Data Science or Computer Science, IT or a related field.Strong foundations in math, analytics and computer science, knowledge of machine learning methods, statistical models, advanced data science programming.5+ years of hands-on working experience / fluency in Python and SQL.Comfortable with scripting language such as bash.Experience writing reusable and maintainable code with version control, ability to transform a project from POC to production.Experience building and deploying resilient data and modeling pipelines in the cloud environment.Experience with at least one major cloud platform (GCP, AWS or Azure), with preference to GCP services including but not limited to Compute Engine, Big Query, Cloud Run, and Cloud Composer.Creative and self-motivated. Demonstrate drive to learn new skills and solve challenging problems.Act as a great team player in a global environment, take responsibility to consistently build better solutions both in technical quality and business impact.Preferred Qualifications:Good understanding of software development best practice, and ability to apply that to machine learning projects, including unit tests, CI/CD integration.Experience using Infrastructure as Code (IaC) such as Terraform.Experience implementing Kubernetes and Docker (or similar container engine) solutionsObtained Google Cloud Professional certifications in area such as MLE, data engineer, DevOps engineer.Experience working with customer analytics and pricing optimization, domain knowledge in global agri-business is a plus.Na Bunge, nosso objetivo é conectar agricultores a consumidores para fornecer alimentos, ingredientes para nutrição animal e combustível essenciais para o mundo. Como uma fornecedora líder de soluções para o agronegócio, nossa equipe de aproximadamente 37.000 colaboradores dedicados atua em parceria com agricultores ao redor do mundo para movimentar commodities agrícolas de onde são produzidas para onde são necessárias — de maneira mais rápida, inteligente e eficiente. Somos uma empresa líder mundial em originação, armazenamento, distribuição, além de processamento e refino de oleaginosas, oferecendo um amplo portfólio de óleos, gorduras e proteínas de origem vegetal. Atuamos lado a lado com nossos clientes em ambas as pontas da cadeia de valor para fornecer produtos de qualidade e desenvolver soluções inovadoras e personalizadas que atendam às necessidades em constante evolução dos consumidores. Com mais de 200 anos de experiência e presença em mais de 50 países, temos o compromisso de fortalecer a segurança alimentar global, promover a sustentabilidade e contribuir para a prosperidade das comunidades onde operamos. A Bunge tem sede registrada em Genebra, Suíça, e sua sede corporativa está localizada em St. Louis, Missouri, EUA. Saiba mais em bunge.com.br.Diariamente, nossos profissionais incorporam os valores que são a essência da Bunge:SOMOS UM SÓ TIME– Colaborativo, respeitoso e inclusivoLIDERAMOS O CAMINHO – Somos ágeis, Empoderados e inovadoresFAZEMOS O QUE É CERTO – Com segurança, de forma sustentável e com integridadeReconhecemos que nosso sucesso depende da variedade de perspectivas que cada um de nossos colaboradores agrega à Bunge. Estamos empenhados em promover práticas para nutrir uma cultura de pertencimento para todos. Globalmente, apoiamos os Princípios de Empoderamento das Mulheres, de ONU Mulheres. No Brasil, somos associados ao Mover - Movimento pela Equidade Racial, e fomos eleitos pela ferramenta global Disability Index Report® como um dos melhores locais para se trabalhar em relação à inclusão de pessoas com deficiência. Atuamos continuamente em prol de nosso compromisso de deixar um legado positivo em todas as comunidades onde atuamos.Se você se identifica com esses valores, junte-se a nós! Valorizamos e investimos em pessoas que acreditam em nosso propósito e o vivenciam com entusiasmo a cada dia – pessoas que têm #OrgulhodeSerBungeShow moreShow less",N/A,Remote,https://www.linkedin.com/jobs-guest/jobs/api/jobPosting/4416004591,2026-08-13
Analista de Modelagem e IA - NPL,ARC4 - Gestão de Ativos,"São Paulo, São Paulo, Brazil",3 weeks ago,"No seu dia a dia:Desenvolver, validar e monitorar modelos analíticos para recuperação de crédito (NPL).Realizar análises de dados e gerar insights para apoiar a tomada de decisão.Implementar e acompanhar o desempenho de modelos em produção.Construir modelos de propensão de pagamento, recuperação de crédito, projeções financeiras e comportamento de pagamento.Realizar tratamento de dados, criação de variáveis e evolução de bases analíticas.Apoiar áreas como Cobrança, Pricing, Produtos e Operações por meio de análises e recomendações.Trabalhar em parceria com equipes de Dados, Engenharia e IA no desenvolvimento de soluções analíticas.Esperamos de você:Formação superior em Estatística, Matemática, Engenharia, Economia, Ciência de Dados ou áreas correlatas.Experiência com modelagem estatística, Machine Learning e análise de dados.Conhecimento em Python e SQL em manipulação de grandes volumes de dados.Ferramentas de visualização de dados.Experiência com construção de bases analíticas e feature engineering.Conhecimento em técnicas de classificação, regressão e modelagem preditiva.Capacidade de transformar análises em recomendações para o negócio.Perfil analítico, proativo e colaborativo.Diferenciais:Experiência em crédito, cobrança, risco ou recuperação de ativos (NPL).Conhecimento em Survival Analysis.Passagem por bancos, fintechs ou consultorias.Modelo de trabalho: Híbrido (4 dias presenciais no escritório e 1 dia de home office) - São Paulo - Av. Pres. Juscelino Kubitschek, 1830Benefícios:Participação nos Lucros e Resultados (PLR)Auxílio Alimentação e RefeiçãoSeguro Saúde e OdontológicoVale TransporteGympassPrograma de Apoio Pessoal (EAP)Show moreShow less",N/A,On-site/Hybrid,https://www.linkedin.com/jobs-guest/jobs/api/jobPosting/4443096011,2026-08-13
Espec Tecnologia Informação II,Bunge,"São Paulo, São Paulo, Brazil",3 weeks ago,"City :Sao PauloState :São Paulo (BR-SP)Country :Brazil (BR)Requisition Number :43237Bunge has an exciting opportunity available for Senior Data Scientist. In this role you will be part of a global team working on challenging, meaningful projects impacting core business activities. Since 1818, Bunge has been connecting farmers to consumers to deliver essential food, feed, and fuel to the world. Looking to the future, our ambition is to continuously reinvent ourselves, leveraging data to be at the forefront of analytics, technology and talent to accomplish our purpose in a better, faster and simpler way. Bunge is committed to operating and thriving in the digital world – creating world class agile teams where teammates are empowered and encouraged to collaborate and test and learn to succeed.At Bunge, people don’t just come here to work, they come here to grow – solving challenges that directly impact the world with a diverse team of thinkers and doers. Bunge offers a strong compensation and benefits package, generous paid time off program, flexible work arrangements, and opportunity to progress. Our hybrid work environment provides a balance of in-office and remote work.Most importantly, in all we do we live our values:Act as One Team by fostering inclusion, collaboration, and respectDrive for Excellence by being agile, innovative and efficientDo What's Right by acting safely, ethically, and sustainablyOverview:We are seeking a highly motivated and experienced Senior Data Scientist with strong expertise in forecasting to join our growing team. As Senior Data Scientist, you will be responsible for driving the construction of regression and forecasting models to solve business problems, communicate to the technical team, and assure the delivery matches business expectations. You will also be responsible for working with cross-functional teams to identify and prioritize data analytics initiativesEssential Functions:Design, create, test, and implement complex models and algorithms that drive analytical solutions throughout the organization.Gives technical support for data scientists across multiple squads.Collaborate with business analyst and understand business problems to implement scalable and sustainable solutions.Define development standards and solution approach.Design and structure reusable codebaseCoordinate with MIS, Digital Specialists, and Data Engineers to deliver holistic analytical solutionsCommunicates the design, functioning and output of the analytical models/solutions developedEnsure timely analysis and testing for regular maintenance of solutions over timeCommunicate data insights to stakeholders.Qualifications:Master's degree in a STEM field preferred, or equivalent extensive practical experience in data science, with a proven track record of 3+ years in a senior or lead data scientist capacityExpert in programming languages like Python or RAdvanced knowledge in math, analytics and computer science, knowledge of machine learning methods, statistical models, advanced data science programming.Ability to develop robust and accurate models, ensuring integrity and reliability.Skilled in optimizing existing high-performing systems.Capable of writing maintainable and reusable code.Experience in building resilient data pipelines within cloud environments.Commitment to thorough and high-quality data preparation.Capable of mentoring Associates and other Data scientists and answer business questions to higher authorities and management.Model behavior as a great team player and teach new ideas.Communications with the project stakeholders on a regular basisProficient in data science, machine learning, Python, R, SQL, data analysis, analytical skills, teamwork, and communication skills.Can help business structure the problems/hypotheses they want to address and convert it into an advanced analytics approach including machine learningDevelop business awareness of possible use cases and help them to understand the necessary concepts of data science and optimization to ensure better communication across functions.At Bunge (NYSE: BG), our purpose is to connect farmers to consumers to deliver essential food, feed and fuel to the world. As a premier agribusiness solutions provider, our team of :37,000 dedicated employees partner with farmers across the globe to move agricultural commodities from where they’re grown to where they’re needed—in faster, smarter, and more efficient ways. We are a world leader in grain origination, storage, distribution, oilseed processing and refining, offering a broad portfolio of plant-based oils, fats, and proteins. We work alongside our customers at both ends of the value chain to deliver quality products and develop tailored, innovative solutions that address evolving consumer needs. With 200+ years of experience and presence in over 50 countries, we are committed to strengthening global food security, advancing sustainability, and helping communities prosper where we operate. Bunge has its registered office in Geneva, Switzerland and its corporate headquarters in St. Louis, Missouri. Learn more at Bunge.com.Every day our people exemplify these values, which represent Bunge at its core:We Are One Team – Collaborative, Respectful, InclusiveWe Lead The Way – Agile, Empowered, InnovativeWe Do What’s Right – Safety, Sustainability, With IntegrityIf this sounds like you, join us! We value and invest in people who believe in our purpose and are excited to live it every day – people who are #ProudtoBeBungeShow moreShow less",N/A,Remote,https://www.linkedin.com/jobs-guest/jobs/api/jobPosting/4435367451,2026-08-13
AI Developer - Remote,UL Solutions,"São Paulo, São Paulo, Brazil",4 days ago,"Job DescriptionTheAI Developeris responsible for designing, building, deploying, and supporting AI-powered solutions that deliver measurable business value across core business functions. This role combines software engineering, cloud infrastructure, MLOps, and Generative AI expertise to create scalable, production-ready applications and services.Working closely with product teams, engineers, and business stakeholders, the AI Developer will own initiatives from concept through deployment, ensuring solutions are secure, reliable, maintainable, and aligned with business objectives.The ideal candidate is highly hands-on, passionate about building real-world AI solutions, and experienced in deploying AI, machine learning, and Generative AI applications in cloud environments using Azure and modern DevOps practices.This position isremotefor Brazil.ResponsibilitiesAI Solution DevelopmentDesign, develop, deploy, and maintain production-ready AI and machine learning solutions.Translate business challenges into scalable AI-enabled applications and services.Build and integrate AI capabilities into enterprise systems and business workflows.Develop Generative AI solutions leveraging LLMs, Retrieval-Augmented Generation (RAG), and Agentic AI frameworks.Implement document intelligence and document-to-data processing pipelines.Software EngineeringDevelop clean, maintainable, and well-tested Python applications following software engineering best practices.Apply object-oriented design principles and scalable architecture patterns.Contribute to reusable frameworks, libraries, and technical standards.Design and support distributed and cloud-native applications.Cloud, DevOps & MLOpsBuild and maintain CI/CD pipelines for AI applications and supporting infrastructure.Implement Infrastructure as Code (IaC) practices.Deploy, monitor, and manage AI models and services in production environments.Configure cloud monitoring, logging, alerting, dashboards, and observability tools.Support model lifecycle management, performance monitoring, and operational reliability.Manage containerized solutions using Docker, Kubernetes, and Helm.Leverage Azure cloud services to build scalable AI platforms and solutions.Evaluation & Continuous ImprovementImplement testing, evaluation, and experimentation frameworks for AI solutions.Measure solution effectiveness through defined business and technical metrics.Apply A/B testing and other evaluation methodologies where appropriate.Continuously optimize solutions based on monitoring, feedback, and business outcomes.Collaboration & Ways of WorkingPartner with cross-functional teams to deliver business-aligned AI solutions.Communicate complex technical concepts to both technical and non-technical audiences.Participate in architecture reviews, solution design sessions, and technical discussions.Support and mentor team members through knowledge sharing and collaboration.Demonstrate strong alignment with UL Solutions' Ways of Working, fostering trust, accountability, and continuous improvement.QualificationsBachelor's degree in Computer Science, Data Science, Software Engineering, Data Analytics, or related field.Strong Python development experience.Experience building and deploying AI or machine learning solutions into production.Experience with cloud platforms (Azure preferred).Experience with Azure DevOps and CI/CD pipeline development.Experience with Infrastructure as Code (IaC).Experience with MLOps practices and model lifecycle management.Experience deploying and supporting scalable distributed systems.Experience working with APIs and enterprise system integrations.Experience with Docker, Kubernetes (K8s), and Helm.Understanding of software architecture, design patterns, and engineering best practices.Strong analytical and problem-solving skills.Excellent communication and collaboration skills.Experience working within Agile product development environments.Preferred QualificationsExperience with:Large Language Models (LLMs)Retrieval-Augmented Generation (RAG)Agentic AI frameworksGenerative AI applicationsDocument Intelligence solutionsAzure certifications.Experience designing enterprise AI platforms and architectures.Experience implementing AI evaluation frameworks and experimentation methodologies.Knowledge of responsible AI, security, governance, and compliance practices.Experience mentoring or providing technical guidance to other engineers.About UsA global leader in applied safety science, UL Solutions (NYSE: ULS) transforms safety, security and sustainability challenges into opportunities for customers in more than 110 countries. UL Solutions delivers testing, inspection and certification services, together with software products and advisory offerings, that support our customers’ product innovation and business growth. The UL Mark serves as a recognized symbol of trust in our customers’ products and reflects an unwavering commitment to advancing our safety mission. We help our customers innovate, launch new products and services, navigate global markets and complex supply chains, and grow sustainably and responsibly into the future. Our science is your advantage.Show moreShow less",N/A,Remote,https://www.linkedin.com/jobs-guest/jobs/api/jobPosting/4439272092,2026-08-13
