title,company,location,posted,description,applicants,work_mode,link,data_coleta
Data Scientist II,Banco Bradesco,"Osasco, São Paulo, Brazil",1 week ago,"Sobre o BradescoA gente acredita no poder da confiança. Confiança que aproxima, orienta e transforma a vida das pessoas no dia a dia. Entrar no Bradesco é fazer parte de um momento real de transformação. Um ambiente que combina a solidez de uma história construída ao longo de décadas com a evolução constante de quem está sempre olhando para frente. Aqui, você encontra espaço para aprender, crescer e assumir protagonismo na sua trajetória, com apoio, estrutura e oportunidades que acompanham o seu desenvolvimento. Mais do que trabalhar em uma grande instituição, é sobre fazer parte de um time que impacta milhões de pessoas, contribui para o desenvolvimento do país e constrói, todos os dias, um futuro mais acessível e sustentável para a sociedade.Sobre a áreaCRM: Gerencia estratégias de relacionamento com clientes por meio do uso de dados e inteligência analítica. Atua na segmentação de públicos e na personalização de ofertas, comunicações e jornadas, maximizando relevância e engajamento. Contribui para aquisição, fidelização e crescimento, apoiando decisões comerciais e a evolução da experiência do cliente.Como será seu dia a dia?Como Data Scientist II, você atuará na área de Cluster de Modelos e suas principais atividades serão:Desenvolver modelos de Machine Learning.Desenvolver modelos estatísticos.Construir modelos de propensão.Construir modelos de classificação.Desenvolver modelos de segmentação.Desenvolver modelos de recomendação.Realizar análises exploratórias (EDA).Desenvolver pipelines de dados.Modelo de trabalhoHíbrido - 1x PresencialUnidade: Osasco - SPPerfil que buscamosValorizamos quem entende o cliente em profundidade, trabalha em parceria e transforma conhecimento em entregas com impacto. Profissionais com senso de dono, consistência na execução e foco em resultado, que evoluem continuamente, compartilham aprendizados e usam tecnologia para transformar desafios em soluções relevantes para o negócio.RequisitosGraduação completa em Ciências de Dados, Ciências Contábeis, Matemática, Estatística, Economia, Engenharia, Computação, Sistemas de Informação ou áreas correlatas.Python.SQL.SAS.Databricks.Conhecimento em Machine Learning.Experiência com desenvolvimento de modelos analíticos.Boa base em algoritmos.Será um diferencial se você tiver:Pós-graduação ou MBA em áreas correlatas.Inteligência Artificial Generativa.Ferramentas de BI (Power BI ou Tableau).Arquitetura Databricks.O que você encontra aquiCuidar de vocêPlano de saúde e odontológicoSeguro de vidaViva Bem: programa de saúde, bem-estar e qualidade de vidaTotalPassCrescer com vocêUniversidade corporativa Bradesco (Unibrad)Parcerias educacionaisSegurança para o seu futuroParticipação nos lucros ou Bônus (conforme a elegibilidade de cargo)Previdência privadaCondições especiais em produtos e serviçosIsenção de Tarifas: condições especiais em diversos produtos e serviçosApoio à sua vida e à sua famíliaVale alimentação e refeição13ª cesta alimentaçãoAuxílio creche ou babáLicença Maternidade de 180 dias, acompanhamento assistencial da gestação até o pós-partoLicença Paternidade estendida de 20 diasVale transporte opcionalTudo pensado para apoiar sua jornada de crescimento com equilíbrio, segurança e oportunidade.DiversidadeNo Bradesco, diversidade é valor e estratégia. Trabalhamos para construir um ambiente inclusivo e um quadro de colaboradores que reflita a diversidade da sociedade brasileira. Por isso, valorizamos pessoas com diferentes histórias e características, como gênero, raça, orientação sexual, deficiência, idade e outras dimensões da diversidade.Se você acredita na confiança como base para transformar, gosta de desafios e quer crescer em um ambiente que evolui junto com você, seu lugar pode ser aqui. Vem ser Bradesco!Show moreShow less",N/A,On-site/Hybrid,https://www.linkedin.com/jobs-guest/jobs/api/jobPosting/4448363073,2026-08-15
Data Scientist II,Banco Bradesco,"Barueri, São Paulo, Brazil",3 days ago,"Sobre o BradescoA gente acredita no poder da confiança. Confiança que aproxima, orienta e transforma a vida das pessoas no dia a dia. Entrar no Bradesco é fazer parte de um momento real de transformação. Um ambiente que combina a solidez de uma história construída ao longo de décadas com a evolução constante de quem está sempre olhando para frente. Aqui, você encontra espaço para aprender, crescer e assumir protagonismo na sua trajetória, com apoio, estrutura e oportunidades que acompanham o seu desenvolvimento. Mais do que trabalhar em uma grande instituição, é sobre fazer parte de um time que impacta milhões de pessoas, contribui para o desenvolvimento do país e constrói, todos os dias, um futuro mais acessível e sustentável para a sociedade.Sobre a áreaCompras: Gerencia os processos de aquisição de bens e serviços, atuando no relacionamento com fornecedores e na negociação e gestão de contratos. Contribui para a eficiência e competitividade do banco por meio da otimização de custos, da governança e da sustentabilidade nas contratações. Apoia as áreas do negócio garantindo qualidade, conformidade e continuidade dos serviços.Como será seu dia a dia?Como Data Scientist II, você atuará na área de Inteligência e Compras e suas principais atividades serão:Desenvolver e manter modelos preditivos para apoiar análises e previsões relacionadas às compras e cadeia de suprimentos.Extrair, tratar, limpar e estruturar grandes volumes de dados, garantindo qualidade e confiabilidade das informações.Realizar análises estatísticas e estudos avançados para identificar oportunidades, tendências e solucionar problemas do negócio.Transformar dados em insights estratégicos e recomendações acionáveis, apoiando a tomada de decisão de compradores e gestores.Criar apresentações, relatórios e storytelling de dados, traduzindo informações técnicas em linguagem clara para o negócio.Atuar como parceiro das áreas de BI e Engenharia de Dados, contribuindo para a evolução dos processos analíticos e da governança de dadosIdentificar oportunidades de otimização de processos, redução de custos e melhoria da performance das negociações.Apoiar a construção de inteligência de compras, antecipando riscos, tendências de mercado e oportunidades estratégicas.Modelo de trabalhoHíbrido - 3x PresencialUnidade: Alphaville - SPPerfil que buscamosValorizamos quem entende o cliente em profundidade, trabalha em parceria e transforma conhecimento em entregas com impacto. Profissionais com senso de dono, consistência na execução e foco em resultado, que evoluem continuamente, compartilham aprendizados e usam tecnologia para transformar desafios em soluções relevantes para o negócio.RequisitosEnsino superior completo em Ciência da Computação, Engenharia, Sistemas de Informação ou áreas correlatas.Conhecimento em Python ou R.Experiência com Banco de Dados e SQLConhecimentos em Estatística e Machine LearningExperiência com versionamento de código utilizando GitSerá um diferencial se você tiver:Experiência em projetos de análise de dados aplicados às áreas de Compras, Suprimentos ou Operações.Vivência com análise e manipulação de dados provenientes de ERPs e plataformas corporativas, como SAP Ariba e ServiceNow.O que você encontra aquiCuidar de vocêPlano de saúde e odontológicoSeguro de vidaViva Bem: programa de saúde, bem-estar e qualidade de vidaTotalPassCrescer com vocêUniversidade corporativa Bradesco (Unibrad)Parcerias educacionaisSegurança para o seu futuroParticipação nos lucros ou Bônus (conforme a elegibilidade de cargo)Previdência privadaCondições especiais em produtos e serviçosIsenção de Tarifas: condições especiais em diversos produtos e serviçosApoio à sua vida e à sua famíliaVale alimentação e refeição13ª cesta alimentaçãoAuxílio creche ou babáLicença Maternidade de 180 dias, acompanhamento assistencial da gestação até o pós-partoLicença Paternidade estendida de 20 diasVale transporte opcionalTudo pensado para apoiar sua jornada de crescimento com equilíbrio, segurança e oportunidade.DiversidadeNo Bradesco, diversidade é valor e estratégia. Trabalhamos para construir um ambiente inclusivo e um quadro de colaboradores que reflita a diversidade da sociedade brasileira. Por isso, valorizamos pessoas com diferentes histórias e características, como gênero, raça, orientação sexual, deficiência, idade e outras dimensões da diversidade.Se você acredita na confiança como base para transformar, gosta de desafios e quer crescer em um ambiente que evolui junto com você, seu lugar pode ser aqui. Vem ser Bradesco!Show moreShow less",N/A,On-site/Hybrid,https://www.linkedin.com/jobs-guest/jobs/api/jobPosting/4443533144,2026-08-15
Data Scientist II,Banco Bradesco,"Osasco, São Paulo, Brazil",1 week ago,"Sobre o BradescoA gente acredita no poder da confiança. Confiança que aproxima, orienta e transforma a vida das pessoas no dia a dia. Entrar no Bradesco é fazer parte de um momento real de transformação. Um ambiente que combina a solidez de uma história construída ao longo de décadas com a evolução constante de quem está sempre olhando para frente. Aqui, você encontra espaço para aprender, crescer e assumir protagonismo na sua trajetória, com apoio, estrutura e oportunidades que acompanham o seu desenvolvimento. Mais do que trabalhar em uma grande instituição, é sobre fazer parte de um time que impacta milhões de pessoas, contribui para o desenvolvimento do país e constrói, todos os dias, um futuro mais acessível e sustentável para a sociedade.Sobre a áreaCrédito: Responsável pela estruturação, gestão e evolução das soluções de crédito do banco, atendendo diferentes perfis de clientes e necessidades financeiras. Atua na definição de políticas, análise e concessão de crédito, equilibrando competitividade, rentabilidade e controle de riscos. Contribui para o crescimento sustentável do negócio e para a eficiência na alocação de capital.Como será seu dia a dia?Como Data Scientist II, você atuará na área de Crédito - Principal e Private e suas principais atividades serão:Desenvolver análises de clusterização para identificar perfis, padrões comportamentais e segmentos ideais para tomada de decisão;Construir, validar e recalibrar modelos de precificação na visão cliente, monitorando performance e realizando ajustes contínuos;Explorar grandes volumes de dados internos e externos para criação de features relevantes que aprimorem a qualidade dos modelos;Realizar análises de sensibilidade para avaliar impactos de mudanças nos parâmetros de precificação e nas condições de mercado sobre a demanda;Traduzir insights complexos em recomendações claras e acionáveis, garantindo entendimento dos stakeholders e contribuindo para estratégias de rentabilidade alinhadas à elasticidade da demanda.Modelo de trabalhoHíbrido - 3x PresencialUnidade: Osasco - SPPerfil que buscamosValorizamos quem entende o cliente em profundidade, trabalha em parceria e transforma conhecimento em entregas com impacto. Profissionais com senso de dono, consistência na execução e foco em resultado, que evoluem continuamente, compartilham aprendizados e usam tecnologia para transformar desafios em soluções relevantes para o negócio.RequisitosGraduação superior completa em áreas como Economia, Engenharia, Estatística, Matemática, Administração ou áreas correlatas;Conhecimento em conceitos, modelos de precificação e análise de rentabilidade;Vivência com Python, SQL e PySpark;Vivência com Databricks;Será um diferencial se você tiver:Conhecimento em SAS;Conhecimento em linguagem de programação R;Inglês nível intermediário;O que você encontra aquiCuidar de vocêPlano de saúde e odontológicoSeguro de vidaViva Bem: programa de saúde, bem-estar e qualidade de vidaTotalPassCrescer com vocêUniversidade corporativa Bradesco (Unibrad)Parcerias educacionaisSegurança para o seu futuroParticipação nos lucros ou Bônus (conforme a elegibilidade de cargo)Previdência privadaCondições especiais em produtos e serviçosIsenção de Tarifas: condições especiais em diversos produtos e serviçosApoio à sua vida e à sua famíliaVale alimentação e refeição13ª cesta alimentaçãoAuxílio creche ou babáLicença Maternidade de 180 dias, acompanhamento assistencial da gestação até o pós-partoLicença Paternidade estendida de 20 diasVale transporte opcionalTudo pensado para apoiar sua jornada de crescimento com equilíbrio, segurança e oportunidade.DiversidadeNo Bradesco, diversidade é valor e estratégia. Trabalhamos para construir um ambiente inclusivo e um quadro de colaboradores que reflita a diversidade da sociedade brasileira. Por isso, valorizamos pessoas com diferentes histórias e características, como gênero, raça, orientação sexual, deficiência, idade e outras dimensões da diversidade.Se você acredita na confiança como base para transformar, gosta de desafios e quer crescer em um ambiente que evolui junto com você, seu lugar pode ser aqui. Vem ser Bradesco!Show moreShow less",N/A,On-site/Hybrid,https://www.linkedin.com/jobs-guest/jobs/api/jobPosting/4448652176,2026-08-15
Cientista de Dados,LUZA Group,"São Paulo, São Paulo, Brazil",3 weeks ago,"Venha fazer parte de um ecossistema vivo onde o futuro dos negócios é criado e vivido todos os dias. Faça parte desta transformação!Na LUZA Group, a paixão, a perseverança e a vontade de superar limites definem o nosso caminho para o sucesso.Fundada em 2006, somos uma multinacional portuguesa com mais de 1.200 profissionais talentosos e um volume de negócios. Com presença em mercados estratégicos como Portugal, Espanha, Marrocos, Brasil, México, Estados Unidos e China, oferecemos soluções inovadoras em engenharia, TI, design, consultoria, Indústria 4.0, treinamento e recrutamento. Tudo o que fazemos é movido pelo talento de nosso povo.Este é um momento de crescimento e oportunidade. O futuro pertence a mentes visionárias. Junte-se a nós!Cientista de DadosObjetivo da posiçãoO(a) Cientista de Dados atuará no desenvolvimento de análises, modelosestatísticos e soluções de machine learning para apoiar a tomada de decisão,geração de valor para o negócio e evolução da Plataforma Auren de Dados & IA.A posição exige capacidade de transformar problemas de negócio em hipótesesanalíticas, experimentos, modelos e recomendações acionáveis, trabalhando deforma integrada com times de dados, tecnologia, negócio e governança. Espera-seatuação prática em todo o ciclo da solução, desde a definição do problema até avalidação, documentação e eventual industrialização em ambiente produtivo.ResponsabilidadesTraduzir necessidades de negócio em problemas analíticos e hipótesestestáveis.Conduzir análises exploratórias, estatísticas e preditivas para identificarpadrões, oportunidades, riscos e alavancas de valor.Desenvolver modelos de machine learning, incluindo classificação, regressão,clusterização, séries temporais, previsão e detecção de anomalias, quandoaplicável.Realizar preparação, limpeza, transformação e enriquecimento de dados paraanálises e modelagem.Selecionar, testar e comparar abordagens analíticas considerando acurácia,interpretabilidade, custo, escalabilidade e aplicabilidade ao contexto donegócio.Avaliar resultados de modelos e experimentos, propondo melhorias e ajustescom base em métricas técnicas e de negócio.Apoiar a definição de variáveis, features e datasets confiáveis para casos deuso analíticos e de IA.Trabalhar em conjunto com arquitetos de dados, engenheiros de dados,engenheiros de IA e áreas usuárias para viabilizar soluções de ponta a ponta.Documentar hipóteses, premissas, metodologias, resultados e limitações dasanálises e modelos desenvolvidos.Apoiar a transição de protótipos para soluções escaláveis e sustentáveis emambiente corporativo.Utilizar ferramentas de IA generativa e automação, quando apropriado, paraacelerar exploração, prototipação, geração de código e documentação,sempre com validação técnica.Requisitos técnicosExperiência com Python para análise de dados e desenvolvimento demodelos.Sólido conhecimento de SQL e manipulação de dados em bases estruturadas.Vivência com bibliotecas e frameworks como pandas, numpy, scikit-learn,matplotlib, seaborn ou equivalentes.Conhecimento de estatística aplicada, probabilidade, inferência estatística edesenho de experimentos.Experiência com técnicas de machine learning supervisionado e nãosupervisionado.Capacidade de interpretar métricas de desempenho de modelos e de traduzirresultados técnicos em linguagem de negócio.Conhecimento de boas práticas de organização de código, versionamento edocumentação.Familiaridade com ambientes de dados e plataformas analíticas corporativas.Capacidade de trabalhar com dados de múltiplas fontes, com atenção àqualidade, consistência e rastreabilidade.DiferenciaisExperiência com séries temporais, previsão de demanda, otimização,detecção de anomalias ou problemas de manutenção preditiva.Experiência com projetos em setores regulados, industriais ou deinfraestrutura crítica.Conhecimento de ferramentas de cloud e plataformas de dados modernas.Experiência com MLOps, versionamento de modelos e implantação emprodução.Vivência com IA generativa, embeddings, LLMs ou uso de ferramentas decopiloto para acelerar trabalho analítico.Experiência com visualização de dados e ferramentas de BI, como Power BI ousimilares.Conhecimento de técnicas de explicabilidade, interpretabilidade e AIreponsável.Perfil esperadoBuscamos um(a) profissional com raciocínio analítico forte, curiosidade intelectuale disciplina metodológica. A pessoa deve ter autonomia para investigar problemas,estruturar análises e sustentar conclusões com base em evidências.Espera-se capacidade de colaboração com perfis técnicos e de negócio, boacomunicação, organização e postura orientada a resultado. Também é importanteter maturidade para lidar com ambiguidade, priorizar o que gera valor e evoluirsoluções de forma incremental, sem perder rigor técnico.O que oferecemosWellhub;OnHappy;Sesc;Horário Flexível.Show moreShow less",N/A,On-site/Hybrid,https://www.linkedin.com/jobs-guest/jobs/api/jobPosting/4444791057,2026-08-15
Data Scientist II,Banco Bradesco,"Osasco, São Paulo, Brazil",1 week ago,"Sobre o BradescoA gente acredita no poder da confiança. Confiança que aproxima, orienta e transforma a vida das pessoas no dia a dia. Entrar no Bradesco é fazer parte de um momento real de transformação. Um ambiente que combina a solidez de uma história construída ao longo de décadas com a evolução constante de quem está sempre olhando para frente. Aqui, você encontra espaço para aprender, crescer e assumir protagonismo na sua trajetória, com apoio, estrutura e oportunidades que acompanham o seu desenvolvimento. Mais do que trabalhar em uma grande instituição, é sobre fazer parte de um time que impacta milhões de pessoas, contribui para o desenvolvimento do país e constrói, todos os dias, um futuro mais acessível e sustentável para a sociedade.Sobre a áreaCrédito: Responsável pela estruturação, gestão e evolução das soluções de crédito do banco, atendendo diferentes perfis de clientes e necessidades financeiras. Atua na definição de políticas, análise e concessão de crédito, equilibrando competitividade, rentabilidade e controle de riscos. Contribui para o crescimento sustentável do negócio e para a eficiência na alocação de capital.Como será seu dia a dia?Como Data Scientist II, você atuará na área de Crédito - Negócios e suas principais atividades serão:Desenvolver análises de clusterização para identificar perfis, padrões comportamentais e segmentos ideais para tomada de decisão;Construir, validar e recalibrar modelos de precificação na visão cliente, monitorando performance e realizando ajustes contínuos;Explorar grandes volumes de dados internos e externos para criação de features relevantes que aprimorem a qualidade dos modelos;Realizar análises de sensibilidade para avaliar impactos de mudanças nos parâmetros de precificação e nas condições de mercado sobre a demanda;Traduzir insights complexos em recomendações claras e acionáveis, garantindo entendimento dos stakeholders.Modelo de trabalhoHíbrido - 3x PresencialUnidade: Osasco - SPPerfil que buscamosValorizamos quem entende o cliente em profundidade, trabalha em parceria e transforma conhecimento em entregas com impacto. Profissionais com senso de dono, consistência na execução e foco em resultado, que evoluem continuamente, compartilham aprendizados e usam tecnologia para transformar desafios em soluções relevantes para o negócio.RequisitosGraduação superior completa em Economia, Estatística, Engenharia, Matemática, Administração ou áreas correlatas;Conhecimento em modelos de precificação e análise de rentabilidade;Vivência com Python e SQL;Vivência com Databricks;Será um diferencial se você tiver:Inglês nível intermediário.O que você encontra aquiCuidar de vocêPlano de saúde e odontológicoSeguro de vidaViva Bem: programa de saúde, bem-estar e qualidade de vidaTotalPassCrescer com vocêUniversidade corporativa Bradesco (Unibrad)Parcerias educacionaisSegurança para o seu futuroParticipação nos lucros ou Bônus (conforme a elegibilidade de cargo)Previdência privadaCondições especiais em produtos e serviçosIsenção de Tarifas: condições especiais em diversos produtos e serviçosApoio à sua vida e à sua famíliaVale alimentação e refeição13ª cesta alimentaçãoAuxílio creche ou babáLicença Maternidade de 180 dias, acompanhamento assistencial da gestação até o pós-partoLicença Paternidade estendida de 20 diasVale transporte opcionalTudo pensado para apoiar sua jornada de crescimento com equilíbrio, segurança e oportunidade.DiversidadeNo Bradesco, diversidade é valor e estratégia. Trabalhamos para construir um ambiente inclusivo e um quadro de colaboradores que reflita a diversidade da sociedade brasileira. Por isso, valorizamos pessoas com diferentes histórias e características, como gênero, raça, orientação sexual, deficiência, idade e outras dimensões da diversidade.Se você acredita na confiança como base para transformar, gosta de desafios e quer crescer em um ambiente que evolui junto com você, seu lugar pode ser aqui. Vem ser Bradesco!Show moreShow less",N/A,On-site/Hybrid,https://www.linkedin.com/jobs-guest/jobs/api/jobPosting/4448642350,2026-08-15
Cientista de Dados,Votorantim Cimentos,"São Paulo, São Paulo, Brazil",1 week ago,"Há 90 anos construímos o futuro do Brasil e da construção. Somos uma multinacional brasileira de construção e soluções sustentáveis, presente em 9 países, com mais de 13.900 pessoas. Aqui, o desenvolvimento é real: somos uma escola formadora, com mobilidade entre áreas e negócios, ambiente exigente e respeitoso, e carreiras construídas ao longo do tempo. Na Votorantim Cimentos, nada nasce pronto. Tudo é construção — e a sua carreira pode ser a próxima.Responsabilidades e atribuiçõesPrincipais Responsabilidades:Preparar, validar e organizar bases de dados, avaliando qualidade, inconsistências, outliers e premissas utilizadas;Executar, manter, testar e melhorar modelos analíticos e preditivos, conectando resultados aos indicadores do negócio;Construir análises, indicadores, painéis, testes e simulações para acompanhar performance e orientar priorizações;Documentar metodologias, regras de negócio, limitações e resultados para garantir continuidade e sustentação das soluções;Comunicar recomendações de forma clara e pragmática, utilizando Copilot ou ferramentas similares para acelerar análises, documentação e revisão técnica.Requisitos e qualificaçõesFormação necessária:Superior completo em Engenharias, Ciência da Computação, Sistemas de Informação, Estatística, Matemática, Matemática Aplicada, Economia, Administração com foco analítico ou áreas correlatas.Conhecimentos necessários:Python aplicado à análise, tratamento e modelagem de dados, incluindo bibliotecas como pandas, numpy, scikit-learn ou similares;SQL e manipulação de bases relacionais, incluindo relacionamento entre tabelas, granularidade, qualidade dos dados e otimização de consultas;Estatística aplicada e validação analítica, incluindo probabilidade, correlação, testes de hipótese, métricas de erro e interpretação de resultados;Modelagem preditiva, incluindo preparação dos dados, treino, validação, interpretação e acompanhamento de modelos;Raciocínio lógico, organização analítica e comunicação clara para explicar premissas, limitações e recomendações para públicos técnicos e não técnicos.Conhecimentos desejáveis:Experiência com Azure, Databricks, PySpark, notebooks, jobs ou pipelines de dados;Conhecimento de Qlik Sense, QVDs, Excel avançado ou ferramentas de BI;Experiência com séries temporais, forecast, segmentação, modelos de propensão, otimização ou experimentação;Vivência em contextos comerciais, vendas, marketing, precificação, CRM, território ou lead scoring, com noções de documentação, governança e controle de custos em soluções de dados.Informações adicionaisBenefícios que apoiam sua jornadaNa Votorantim Cimentos, oferecemos benefícios para apoiar sua saúde, sua família e seus planos para o futuro:Saúde e bem-estarPlano médico ou seguro-saúde;Plano odontológico;Telemedicina;Auxílio-medicamentos*;Apoio à saúde mental e Pilar 24h;TotalPass e programas de qualidade de vida*.Apoio à famíliaAuxílio-creche ou babá*;Apoio para material escolar*;Programa VC e Seu Bebê*;Vale-enxoval e licença parental estendida*;Benefícios de fim de ano*.Alimentação e mobilidadeVale-alimentação, vale-refeição ou acesso ao refeitório*;Vale-transporte, fretado ou estacionamento*.Segurança financeira e reconhecimentoSeguro de vida;Previdência privada*;Participação nos resultados ou remuneração variável*;Day off de aniversário*;Programa de reconhecimento por tempo de casa.O pacote de benefícios pode variar conforme o negócio, a unidade de trabalho, o cargo, o acordo coletivo e as regras de elegibilidade. Consulte as condições aplicáveis a esta oportunidade ao longo do processo seletivo.Show moreShow less",N/A,On-site/Hybrid,https://www.linkedin.com/jobs-guest/jobs/api/jobPosting/4451061414,2026-08-15
Data Scientist III,Banco Bradesco,"Osasco, São Paulo, Brazil",1 week ago,"Sobre o BradescoA gente acredita no poder da confiança. Confiança que aproxima, orienta e transforma a vida das pessoas no dia a dia. Entrar no Bradesco é fazer parte de um momento real de transformação. Um ambiente que combina a solidez de uma história construída ao longo de décadas com a evolução constante de quem está sempre olhando para frente. Aqui, você encontra espaço para aprender, crescer e assumir protagonismo na sua trajetória, com apoio, estrutura e oportunidades que acompanham o seu desenvolvimento. Mais do que trabalhar em uma grande instituição, é sobre fazer parte de um time que impacta milhões de pessoas, contribui para o desenvolvimento do país e constrói, todos os dias, um futuro mais acessível e sustentável para a sociedade.Sobre a áreaCRM: Gerencia estratégias de relacionamento com clientes por meio do uso de dados e inteligência analítica. Atua na segmentação de públicos e na personalização de ofertas, comunicações e jornadas, maximizando relevância e engajamento. Contribui para aquisição, fidelização e crescimento, apoiando decisões comerciais e a evolução da experiência do cliente.Como será seu dia a dia?Como Data Scientist III, você atuará na área de Insights e suas principais atividades serão:Estruturar dados para consumo analítico.Desenvolver pipelines.Trabalhar com Databricks.Desenvolver soluções utilizando Python.Organizar bases de dados.Garantir qualidade dos dados.Apoiar a migração para Cloud.Trabalhar junto às demais Squads.Modelo de trabalhoHíbrido - 1x PresencialUnidade: Osasco - SPPerfil que buscamosValorizamos quem entende o cliente em profundidade, trabalha em parceria e transforma conhecimento em entregas com impacto. Profissionais com senso de dono, consistência na execução e foco em resultado, que evoluem continuamente, compartilham aprendizados e usam tecnologia para transformar desafios em soluções relevantes para o negócio.RequisitosEnsino Superior Completo.Python.Engenharia de Dados.Databricks.Analytics.Será um diferencial se você tiver:CRM.Mercado Financeiro.Inglês intermediário.Conhecimento em Modelos de Propensão.O que você encontra aquiCuidar de vocêPlano de saúde e odontológicoSeguro de vidaViva Bem: programa de saúde, bem-estar e qualidade de vidaTotalPassCrescer com vocêUniversidade corporativa Bradesco (Unibrad)Parcerias educacionaisSegurança para o seu futuroParticipação nos lucros ou Bônus (conforme a elegibilidade de cargo)Previdência privadaCondições especiais em produtos e serviçosIsenção de Tarifas: condições especiais em diversos produtos e serviçosApoio à sua vida e à sua famíliaVale alimentação e refeição13ª cesta alimentaçãoAuxílio creche ou babáLicença Maternidade de 180 dias, acompanhamento assistencial da gestação até o pós-partoLicença Paternidade estendida de 20 diasVale transporte opcionalTudo pensado para apoiar sua jornada de crescimento com equilíbrio, segurança e oportunidade.DiversidadeNo Bradesco, diversidade é valor e estratégia. Trabalhamos para construir um ambiente inclusivo e um quadro de colaboradores que reflita a diversidade da sociedade brasileira. Por isso, valorizamos pessoas com diferentes histórias e características, como gênero, raça, orientação sexual, deficiência, idade e outras dimensões da diversidade.Se você acredita na confiança como base para transformar, gosta de desafios e quer crescer em um ambiente que evolui junto com você, seu lugar pode ser aqui. Vem ser Bradesco!Show moreShow less",N/A,On-site/Hybrid,https://www.linkedin.com/jobs-guest/jobs/api/jobPosting/4448328985,2026-08-15
Data Scientist I,Banco Bradesco,"Osasco, São Paulo, Brazil",1 week ago,"Sobre o BradescoA gente acredita no poder da confiança. Confiança que aproxima, orienta e transforma a vida das pessoas no dia a dia. Entrar no Bradesco é fazer parte de um momento real de transformação. Um ambiente que combina a solidez de uma história construída ao longo de décadas com a evolução constante de quem está sempre olhando para frente. Aqui, você encontra espaço para aprender, crescer e assumir protagonismo na sua trajetória, com apoio, estrutura e oportunidades que acompanham o seu desenvolvimento. Mais do que trabalhar em uma grande instituição, é sobre fazer parte de um time que impacta milhões de pessoas, contribui para o desenvolvimento do país e constrói, todos os dias, um futuro mais acessível e sustentável para a sociedade.Sobre a áreaCrédito: Responsável pela estruturação, gestão e evolução das soluções de crédito do banco, atendendo diferentes perfis de clientes e necessidades financeiras. Atua na definição de políticas, análise e concessão de crédito, equilibrando competitividade, rentabilidade e controle de riscos. Contribui para o crescimento sustentável do negócio e para a eficiência na alocação de capital.Como será seu dia a dia?Como Data Scientist I, você atuará na área de Gerenciado e suas principais atividades serão:Realizar análises exploratórias para entender comportamentos e oportunidades de negócio.Desenvolver e validar modelos estatísticos e preditivos.Construir segmentações e clusterizações de clientes.Explorar hipóteses e responder perguntas estratégicas através dos dados.Desenvolver análises utilizando Python e SQL.Apresentar resultados e recomendações para stakeholders.Monitorar resultados e performance de modelos analíticos.Participar de projetos estratégicos de Ciência de Dados.Modelo de trabalhoHíbrido - 3x PresencialUnidade: Osasco - SPPerfil que buscamosValorizamos quem entende o cliente em profundidade, trabalha em parceria e transforma conhecimento em entregas com impacto. Profissionais com senso de dono, consistência na execução e foco em resultado, que evoluem continuamente, compartilham aprendizados e usam tecnologia para transformar desafios em soluções relevantes para o negócio.RequisitosFormação superior completa ou em andamento em Estatística, Matemática, Economia, Engenharia, Ciência de Dados ou áreas correlatas.Conhecimento em Python.Conhecimento em SQL.Conhecimento em Estatística aplicada.Experiência ou conhecimento em análise e manipulação de dados.Conhecimento em Machine Learning básico ou intermediário.Perfil analítico com capacidade de resolução de problemas.Interesse em atuar na interseção entre negócio e dados.Será um diferencial se você tiver:Conhecimento em PySpark.Conhecimento em Databricks.Conhecimento em Power BI.Experiência com projetos de modelagem estatística ou Machine Learning.O que você encontra aquiCuidar de vocêPlano de saúde e odontológicoSeguro de vidaViva Bem: programa de saúde, bem-estar e qualidade de vidaTotalPassCrescer com vocêUniversidade corporativa Bradesco (Unibrad)Parcerias educacionaisSegurança para o seu futuroParticipação nos lucros ou Bônus (conforme a elegibilidade de cargo)Previdência privadaCondições especiais em produtos e serviçosIsenção de Tarifas: condições especiais em diversos produtos e serviçosApoio à sua vida e à sua famíliaVale alimentação e refeição13ª cesta alimentaçãoAuxílio creche ou babáLicença Maternidade de 180 dias, acompanhamento assistencial da gestação até o pós-partoLicença Paternidade estendida de 20 diasVale transporte opcionalTudo pensado para apoiar sua jornada de crescimento com equilíbrio, segurança e oportunidade.DiversidadeNo Bradesco, diversidade é valor e estratégia. Trabalhamos para construir um ambiente inclusivo e um quadro de colaboradores que reflita a diversidade da sociedade brasileira. Por isso, valorizamos pessoas com diferentes histórias e características, como gênero, raça, orientação sexual, deficiência, idade e outras dimensões da diversidade.Se você acredita na confiança como base para transformar, gosta de desafios e quer crescer em um ambiente que evolui junto com você, seu lugar pode ser aqui. Vem ser Bradesco!Show moreShow less",N/A,On-site/Hybrid,https://www.linkedin.com/jobs-guest/jobs/api/jobPosting/4450747171,2026-08-15
Data Scientist Specialist,Banco Bradesco,"Osasco, São Paulo, Brazil",1 week ago,"Sobre o BradescoA gente acredita no poder da confiança. Confiança que aproxima, orienta e transforma a vida das pessoas no dia a dia. Entrar no Bradesco é fazer parte de um momento real de transformação. Um ambiente que combina a solidez de uma história construída ao longo de décadas com a evolução constante de quem está sempre olhando para frente. Aqui, você encontra espaço para aprender, crescer e assumir protagonismo na sua trajetória, com apoio, estrutura e oportunidades que acompanham o seu desenvolvimento. Mais do que trabalhar em uma grande instituição, é sobre fazer parte de um time que impacta milhões de pessoas, contribui para o desenvolvimento do país e constrói, todos os dias, um futuro mais acessível e sustentável para a sociedade.Sobre a áreaSegurança Corporativa: Responsável pela proteção de pessoas, informações e ativos da instituição. Atua na prevenção, monitoramento e resposta a riscos e incidentes, garantindo a segurança física e corporativa. Contribui para a continuidade dos negócios e a integridade das operações, fortalecendo a resiliência e a proteção institucional.Como será seu dia a dia?Como Data Scientist Specialist, você atuará na área de Dados e Modelagem e suas principais atividades serão:Desenvolver, implementar e evoluir modelos de Machine Learning para prevenção à fraude, risco e tomada de decisão.Conduzir projetos analíticos de ponta a ponta, desde a identificação da oportunidade até a implantação em produção.Realizar preparação, exploração e análise de dados para geração de insights e desenvolvimento de modelos preditivos.Desenvolver soluções de Inteligência Artificial e IA Generativa aplicadas a desafios de negócio.Implementar processos de deploy, monitoramento, manutenção e acompanhamento de performance dos modelos.Trabalhar em parceria com áreas de Dados, Engenharia e Negócio para traduzir desafios de negócio em soluções analíticas.Atuar como referência técnica para o time em temas relacionados a Ciência de Dados, Machine Learning e IA.Acompanhar tendências de mercado, novas tecnologias e oportunidades de aplicação de Inteligência Artificial.Modelo de trabalhoHíbrido - 3x PresencialUnidade: Osasco - Matriz ou Curitiba - XaximPerfil que buscamosValorizamos quem entende o cliente em profundidade, trabalha em parceria e transforma conhecimento em entregas com impacto. Profissionais com senso de dono, consistência na execução e foco em resultado, que evoluem continuamente, compartilham aprendizados e usam tecnologia para transformar desafios em soluções relevantes para o negócio.RequisitosGraduação completa em Estatística, Matemática, Ciência da Computação, Engenharia, Sistemas de Informação ou áreas correlatas.Pós-graduação, MBA ou especialização em Data Science, Machine Learning, Inteligência Artificial ou áreas afins.Experiência prática em Machine Learning aplicado, especialmente em problemas de classificação, detecção de anomalias e modelagem preditiva.Vivência no desenvolvimento de modelos para ambientes de produção, incluindo monitoramento e acompanhamento de performance.Experiência com Databricks e processamento de grandes volumes de dados.Conhecimento em todo o ciclo de vida de modelos analíticos, desde a preparação dos dados até a operacionalização das soluções.Experiência em atuação conjunta com áreas multidisciplinares e stakeholders de diferentes níveis organizacionais.Domínio de Python e SQL.Será um diferencial se você tiver:Experiência em prevenção à fraude, PLDFT (Prevenção à Lavagem de Dinheiro e Financiamento do Terrorismo), análise de risco ou contextos similares.Vivência em problemas relacionados à detecção de anomalias e identificação de comportamentos suspeitos.Conhecimento e aplicação de IA Generativa, incluindo LLMs, RAG e agentes inteligentes.Experiência em integração de modelos e aplicações por meio de APIs.O que você encontra aquiCuidar de vocêPlano de saúde e odontológicoSeguro de vidaViva Bem: programa de saúde, bem-estar e qualidade de vidaTotalPassCrescer com vocêUniversidade corporativa Bradesco (Unibrad)Parcerias educacionaisSegurança para o seu futuroParticipação nos lucros ou Bônus (conforme a elegibilidade de cargo)Previdência privadaCondições especiais em produtos e serviçosIsenção de Tarifas: condições especiais em diversos produtos e serviçosApoio à sua vida e à sua famíliaVale alimentação e refeição13ª cesta alimentaçãoAuxílio creche ou babáLicença Maternidade de 180 dias, acompanhamento assistencial da gestação até o pós-partoLicença Paternidade estendida de 20 diasVale transporte opcionalTudo pensado para apoiar sua jornada de crescimento com equilíbrio, segurança e oportunidade.DiversidadeNo Bradesco, diversidade é valor e estratégia. Trabalhamos para construir um ambiente inclusivo e um quadro de colaboradores que reflita a diversidade da sociedade brasileira. Por isso, valorizamos pessoas com diferentes histórias e características, como gênero, raça, orientação sexual, deficiência, idade e outras dimensões da diversidade.Se você acredita na confiança como base para transformar, gosta de desafios e quer crescer em um ambiente que evolui junto com você, seu lugar pode ser aqui. Vem ser Bradesco!Show moreShow less",N/A,On-site/Hybrid,https://www.linkedin.com/jobs-guest/jobs/api/jobPosting/4449093725,2026-08-15
Cientista de Dados,Capgemini,"Barueri, São Paulo, Brazil",2 days ago,"Nossa Oportunidade:Você é apaixonado(a) por tecnologia, inovação e quer fazer parte de um ambiente inclusivo, colaborativo e em constante evolução? Então essa oportunidade é para você!Na Capgemini, valorizamos o equilíbrio entre vida pessoal e profissional. Por isso, oferecemos modelos de trabalho flexível, híbrido, de acordo com as necessidades do projeto. Nosso objetivo é proporcionar a melhor experiência para você, respeitando seu estilo de vida e promovendo bem-estar.Estamos em busca de um(a)Cientista de Dados, para compor nosso time.Responsabilidades do cargo:Desenvolver e implementar modelos preditivos e soluções baseadas em machine learning e LLMs.Trabalhar com grandes volumes de dados utilizando PySpark e Databricks.Automatizar pipelines de dados e modelos com práticas de CI/CD e MLOps.Monitorar a performance de modelos em produção e implementar estratégias de re-treinamento.Colaborar com times de engenharia, produto e BI para transformar dados em insights acionáveis.Documentar processos, decisões técnicas e resultados de experimentos.Contribuir para a evolução da arquitetura de dados e boas práticas da equipe.RequisitosSólida experiência com Python para ciência de dados e machine learning.Experiência prática com PySpark e Databricks.Conhecimento avançado em CI/CD e MLOps (MLflow, DVC, Airflow, etc.).Experiência com modelos preditivos, regressão, classificação, séries temporais, etc.Familiaridade com LLMs e aplicações de NLP.Experiência com monitoramento de modelos (drift, performance, alertas).Conhecimento em ferramentas de BI (Power BI, Tableau).Experiência com versionamento de código (Git) e metodologias ágeis.Diversidade, Inclusão e Pertencimento:Na Capgemini, você pode ser quem você é. Valorizamos a diversidade em todas as suas formas e promovemos um ambiente inclusivo por meio de comitês como:Women@Capgemini – Empoderamento feminino e equidade de gênero.Capgemini Black – Representatividade e valorização da cultura negra.LGBTQIA+@Capgemini, Capgemini Accessibility, entre outros.Nosso compromisso é contínuo: somos reconhecidos pela GPTW, Bloomberg Gender Equality Index, EDGE e Ethisphere como uma das empresas mais éticas e inclusivas do mundo. Nossas vagas são para todas as pessoas, independentemente de cor, etnia, religião, idade, identidade de gênero, orientação sexual ou deficiência.Desenvolvimento e BenefíciosAqui, você é protagonista da sua carreira! Oferecemos:Plano de carreira estruturado e trilhas personalizadas de aprendizado.Universidade Corporativa, com acesso a Harvard, Pluralsight.Certificações oficiais com parceiros como SAP, AWS, Microsoft, Salesforce.Idiomas com EF Education First (Inglês, Espanhol, Francês e Alemão).Bem-estar completo:Assistência médica e odontológica.TotalPass e Equilibrium (saúde física e mental).Previdência privada e seguro de vida.Programa Family Care: licenças maternidade e paternidade estendidas, apoio à fertilidade, orientação personalizada em saúde e bem-estar.Vale-refeição, clube de benefícios e muito mais!Make It RealNa Capgemini, liberamos a energia humana por meio da tecnologia para construir um futuro mais inclusivo, sustentável e inovador. Se você compartilha desses valores, venha transformar o mundo com a gente!Show moreShow less",N/A,On-site/Hybrid,https://www.linkedin.com/jobs-guest/jobs/api/jobPosting/4454010359,2026-08-15
Data Scientist II - Credit Risk,Banco Bradesco,"Osasco, São Paulo, Brazil",1 day ago,"Sobre o BradescoA gente acredita no poder da confiança. Confiança que aproxima, orienta e transforma a vida das pessoas no dia a dia. Entrar no Bradesco é fazer parte de um momento real de transformação. Um ambiente que combina a solidez de uma história construída ao longo de décadas com a evolução constante de quem está sempre olhando para frente. Aqui, você encontra espaço para aprender, crescer e assumir protagonismo na sua trajetória, com apoio, estrutura e oportunidades que acompanham o seu desenvolvimento. Mais do que trabalhar em uma grande instituição, é sobre fazer parte de um time que impacta milhões de pessoas, contribui para o desenvolvimento do país e constrói, todos os dias, um futuro mais acessível e sustentável para a sociedade.Sobre a áreaDentro do Departamento de Risco de Crédito Varejo, somos responsáveis pela avaliação independente das estratégias que compõem todo o ciclo de crédito, contribuindo para decisões alinhadas ao apetite de risco, à rentabilidade e à sustentabilidade dos negócios.Atuamos como parceiros estratégicos, avaliando políticas, modelos e estratégias para Pessoa Física e Pessoa Jurídica, além de monitorar indicadores de risco, inadimplência, perdas e rentabilidade. Com uma visão transversal da organização, interagimos com diversas áreas do banco e participamos de discussões que apoiam a tomada de decisão e a evolução contínua das estratégias de crédito.Nossa atuação combina estratégia, analytics, risco de crédito e visão de negócio, oferecendo aos profissionais uma oportunidade única de gerar impacto e influenciar decisões relevantes para a instituição.Como será seu dia a dia?Como Data Scientist II, você atuará na área de Validação de Modelos e Politicas e suas principais atividades serão:Avaliar de forma independente políticas, estratégias e regras de negócio que suportam todo o ciclo de crédito (concessão, manutenção e cobrança).Analisar indicadores de risco, inadimplência, aprovação, perdas, rentabilidade e performance das carteiras de crédito.Monitorar e avaliar o desempenho de modelos de risco, identificando oportunidades de melhoria e evolução.Realizar estudos e análises para entender os impactos de mudanças econômicas, regulatórias e de mercado sobre os portfólios de crédito.Elaborar pareceres técnicos e recomendações executivas para apoiar a tomada de decisão e o fortalecimento da governança.Interagir com áreas como Negócios, Políticas de Crédito, Modelagem, Cobrança, Precificação, Financeiro, Riscos e Auditoria na discussão de estratégias e iniciativas relevantes para a instituição.Contribuir para o aprimoramento contínuo das estratégias de crédito, buscando o equilíbrio entre crescimento, experiência do cliente, gestão de riscos e rentabilidade.Modelo de trabalhoHíbrido - 2x PresencialUnidade: Osasco/SP e Curitiba/PRPerfil que buscamosValorizamos quem entende o cliente em profundidade, trabalha em parceria e transforma conhecimento em entregas com impacto. Profissionais com senso de dono, consistência na execução e foco em resultado, que evoluem continuamente, compartilham aprendizados e usam tecnologia para transformar desafios em soluções relevantes para o negócio.RequisitosFormação Acadêmica: Ensino superior completo em Estatística, Matemática, Engenharias ou áreas correlatas;Capacidade de transformar dados em recomendações de negócio claras, objetivas e bem fundamentadas, influenciando decisões por meio de comunicação eficaz e argumentos baseados em evidências;Conhecimento de Negócio: Conhecer do ciclo de crédito e dos principais produtos bancários;Conhecimento em Score de Crédito: Nível intermediário na aplicação consciente de modelos de credit, behavior e collection score, bem como modelos de pricing;Proficiência em SQL e Python/Spark, com experiência em ambientes como Databricks;Habilidade com pacote Microsoft Office (Excel, Word, PowerPoint);O que você encontra aquiCuidar de vocêPlano de saúde e odontológicoSeguro de vidaViva Bem: programa de saúde, bem-estar e qualidade de vidaTotalPassCrescer com vocêUniversidade corporativa Bradesco (Unibrad)Parcerias educacionaisSegurança para o seu futuroParticipação nos lucros ou Bônus (conforme a elegibilidade de cargo)Previdência privadaCondições especiais em produtos e serviçosIsenção de Tarifas: condições especiais em diversos produtos e serviçosApoio à sua vida e à sua famíliaVale alimentação e refeição13ª cesta alimentaçãoAuxílio creche ou babáLicença Maternidade de 180 dias, acompanhamento assistencial da gestação até o pós-partoLicença Paternidade estendida de 20 diasVale transporte opcionalTudo pensado para apoiar sua jornada de crescimento com equilíbrio, segurança e oportunidade.DiversidadeNo Bradesco, diversidade é valor e estratégia. Trabalhamos para construir um ambiente inclusivo e um quadro de colaboradores que reflita a diversidade da sociedade brasileira. Por isso, valorizamos pessoas com diferentes histórias e características, como gênero, raça, orientação sexual, deficiência, idade e outras dimensões da diversidade.Se você acredita na confiança como base para transformar, gosta de desafios e quer crescer em um ambiente que evolui junto com você, seu lugar pode ser aqui. Vem ser Bradesco!Vem ser Bradesco com #ConfiançaParaTransformar!Show moreShow less",N/A,On-site/Hybrid,https://www.linkedin.com/jobs-guest/jobs/api/jobPosting/4454077236,2026-08-15
Cientista de dados pleno,HUPDATA,"São Paulo, São Paulo, Brazil",10 months ago,"Nesta função, você trabalhará para grandes empresas, conduzindo análises aprofundadas de dados, para resolver problemas reais de clientes. Você trabalhará com equipes para coletar, agregar, combinar, consolidar e confirmar dados quanto à qualidade e precisão. Aplicar modelos de algoritmos estatísticos, como séries temporais, análise de sobrevivência, regressão, árvore de decisão, médias K e redes neurais, etc., para compreender e prever eventos de negócios. Desempenhar um papel fundamental nas equipes de Customer Analytics responsáveis pela implementação de uma estratégia de ponta baseada em dados para nossos clientes.Importante: morar em São Paulo ou arredores, com facilidade para ir para SP.Disponibilidade para viagens para ministrar treinamentos, workshops, realizar apresentações técnicas para clientes.Atividades:Coletar, limpar e pré-processar dados de diversas fontes, garantindo a qualidade para a análise.Desenvolver e implementar modelos de Machine Learning para resolver problemas de negócio.Realizar análises estatísticas para identificar padrões, tendências e insights valiosos.Criar dashboards e visualizações claras e eficientes para comunicar os resultados a times não técnicos.Ministrar treinamentos e workshopsRealizar apresentações.Elaborar propostas de solução.Requisitos Técnicos (Hard Skills)Formação: Graduação em Estatística, Matemática ou Ciência da Computação.Programação: Proficiência em Python ou R, com experiência em bibliotecas como Pandas, NumPy, Scikit-learn.Bancos de Dados: Experiência com SQL e conhecimento de bancos de dados relacionais e/ou não-relacionais.Modelos de Machine Learning: Experiência prática com:Modelos de classificação e regressão (ex: Árvores de Decisão, Random Forest, Regressão Logística).Modelos de aprendizado não supervisionado (ex: K-Means, DBSCAN) para segmentação.Conhecimento de modelos de séries temporais (ex: ARIMA, Prophet) para previsão de demanda.LLM: familiaridade com Large Language Models (LLMs) (ex: GPT, BERT) e técnicas de prompt engineering.Visualização de Dados: Experiência com ferramentas como Tableau e/ou Power BI.Conhecimento de plataformas de nuvem: AWS, Google Cloud e/ou Azure.Diferencial:conhecimento em KNIME.Habilidades Comportamentais (Soft Skills)Proatividade e Resolução de Problemas: Foco em encontrar soluções eficientes e propor novas abordagens para os desafios.Comunicação Efetiva: Capacidade de traduzir resultados técnicos em insights claros e acionáveis para públicos não técnicos.Colaboração e Trabalho em Equipe: Disposição para trabalhar de forma integrada com engenheiros de dados, desenvolvedores e gerentes de projeto.Pensamento Crítico e Foco em Resolução de Problemas: Curiosidade para entender a raiz dos problemas de negócio e a capacidade de pensar em soluções criativas e pragmáticas.Orientação a Resultados e Responsabilidade: Comprometimento com a entrega de soluções no prazo, com foco em agregar valor real ao negócio.Adaptação e Aprendizado Contínuo: Capacidade de se manter atualizado com novas tecnologias e metodologias em um ambiente de rápida evolução.Show moreShow less",N/A,On-site/Hybrid,https://www.linkedin.com/jobs-guest/jobs/api/jobPosting/4305935073,2026-08-15
N/A,N/A,N/A,N/A,N/A,N/A,On-site/Hybrid,https://www.linkedin.com/jobs-guest/jobs/api/jobPosting/4413611750,2026-08-15
Grupo QuintoAndar | Staff Data Scientist (Women Applicants Only),QuintoAndar,"São Paulo, São Paulo, Brazil",2 weeks ago,"About Grupo QuintoAndarWe are Grupo QuintoAndar, the largest real estate ecosystem in Latin America. Guided by a shared purpose of helping people love where they live, we have a diversified portfolio of brands and solutions across different countries in Latin America, covering all phases of the housing journey. We also have a Technology Hub in Portugal. We develop technology and innovation to transform and enhance the overall living experience.With the support of a world-class team of investors and advisors, including Kaszek, Qualcomm, General Atlantic, and SoftBank, Grupo QuintoAndar is currently valued at over USD 5.1 billion and continues to grow year over year.Here, you will work with top professionals in the market, in an environment that breathes innovation, collaboration, and high performance. To learn more about our story, visit: https://grupoquintoandar.com/pt/.Why is this a diversity-focused position for women?At QuintoAndar Group, we are committed to promoting gender diversity across our teams. We want to see more women in strategic positions within our technical teams, and we believe we can achieve this through intentional opportunities and actions. This is part of a larger plan to strengthen an equitable culture across multiple aspects. It is worth noting that for this vacancy, our selection process has not undergone any changes in terms of stages or evaluation methods.Location & Remote WorkOur technology team operates under a ""remote-first"" model, which means we work from home and can live anywhere in Brazil. We also offer the option of working from our São Paulo offices or partner coworking spaces, up to twice a week.Hiring Process StagesThe stages of our hiring processes aim to assess your experiences and allow you to meet our teams and explore career opportunities. They are structured as follows:ApplicationInterview with RecruiterTech ScreeningTechnical Interviews with Data TeamOfferAbout the AreaIn our Data Science team, you'll have the chance to work as a part of our product squads delivering features that enrich our product and a first class experience that we are known for. You'll work alongside brilliant minds, with different skills: Product Managers, Designers, UX Writers, Data Scientists, Machine Learning Engineers, Software Engineers, etc. Be prepared for the job of your life - hard challenges, high expectations, intelligent life at work, meaningful conversations, outstanding productivity. Some of the specific problems we work in the Data Science team include search and recommendation systems; customer experience enhancement using ML such as in automatic routing of tickets; pricing, liquidity and credit models; building a platform that enables us to develop and deploy all those solutions.ResponsibilitiesArchitect, develop and deploy machine learning systems to production. The main use cases are related to chatbots and search.Design and execute experiments.Analyze a wide variety of data (structured and unstructured, observational and experimental) to improve current models or create new onesApply the scientific method to develop LLM-powered applications, including testing different prompts, exploring and understanding LLM capabilities, evaluating agents and prompts, assessing AI application guardrails, and building PoCs to validate the feasibility of generative AI for product features.Participate actively in discussions and decisions regarding the whole Data Science chapter (Guilds, Design Reviews, Demos, etc.)What we are looking for:People that are seeking to learn and deliver real impact through Data ScienceExpert knowledge of machine learning concepts: regression and classification, clustering, neural networks, feature selection, cross-validation, curse of dimensionality, bias-variance tradeoff, model explainability, etc.;Good understanding of the engineering challenges to deploy machine learning systems to production;Proficiency in Python;Some knowledge or experience with Deep LearningExperience with technical advice for other data scientists (technical leadership);Excellent written and verbal technical communication skills. We're looking for someone who loves Data Science & Machine Learning and is willing to share his/her knowledge with the other members of the Data Science Chapter;Good English skills (verbal and written) is mandatory.You'll stand out if you:Have a MSc. (or Undergrad + intense experience) in machine learning, data science, information retrieval, ranking systems, recommender systems, natural language processing or other relevant fields.Have experience with applied generative AI: AI agents, prompt engineering, LLMs finetuning (lora, qlora, peft), LLM routing, LLM monitoring, LLM guardrailsHave experience working at fast-growing startups.ImportantOur hiring process starts with the application! If you truly want to be part of our team, please complete this step of the process. We analyze all candidates individually and provide feedback to all applicants.All communication will be conducted via email, so please stay tuned for our messages and release the domain @quintoandar.com.br to ensure our emails are not sent to spam.BenefitsCompetitive salaryProfit sharingMeal allowanceHealth insuranceDental planLife insuranceChildcare subsidy and Atypical Parenthood subsidyWellhubHome office allowanceEmployee assistance program (mental health, social, legal, and financial support)Extended parental leaveDay off on birthday, Mother's Day, and Father's DayBenefits Club (discounts on everyday services)Discounts at educational institutionsReading kit for children – PlayKidsDiversity & Inclusion at Grupo QuintoAndarWe value diversity and want everyone to feel welcome here, regardless of their age, gender identity, sexual orientation, race, color, ethnicity, origin, disability, religion, or any other characteristic. All our job openings are open to all individuals! You'll notice there are some diversity questions in the application form. For affirmative action roles, this information may be used to verify your alignment with the target audience for the opportunity. In such cases, it may be used for elimination purposes. For non-affirmative action roles, this data will be used anonymously, exclusively to monitor and improve our inclusion practices in the hiring process, and will have no impact on your application.Privacy and Data ProtectionThe Grupo QuintoAndar operates in compliance with privacy and data protection laws, including, but not limited to, the Brazilian General Personal Data Protection Law (LGPD) (Law No. 13,709/2018), and ensures the security of your data. To learn more, please access our Privacy Notice for Candidates. For questions or to exercise your rights as a data subject, please contact us through our Service Channel.Show moreShow less",N/A,Remote,https://www.linkedin.com/jobs-guest/jobs/api/jobPosting/4437703293,2026-08-15
Data Scientist Specialist,Banco Bradesco,"Osasco, São Paulo, Brazil",3 days ago,"Sobre o BradescoO Bradesco é um dos maiores grupos financeiros do Brasil, com uma história marcada pelo pioneirismo e inovação. Por meio da nossa carteira amplamente diversificada de produtos financeiros, serviços bancários e de seguros contribuímos com a realização das pessoas e o crescimento sustentável de empresas e sociedade. Venha fazer parte do nosso ecossistema financeiro e impactar a experiência de milhões de pessoas!No Bradesco valorizamos a diversidade em todas as suas formas. Por isso, as nossas vagas são abertas a todas as pessoas, independentemente de gênero, raça, orientação sexual, deficiência, idade ou qualquer outra característica.Saiba mais em https://banco.bradesco/html/classic/sobre/index.shtmResponsabilidades e atribuiçõesO que é o nosso time de Controladoria?Temos a missão de garantir ao Grupo Bradesco informações gerenciais, resultados, análises e projeções com governança, bem como ser referência em análises, estudos e projeções de finanças para aumentar a qualidade e precisão das decisões tomadas pela Organização.Modelo de trabalho : Híbrido - 3x PresencialUnidade: Osasco/SPComo será seu dia a dia?Sendo Data Scientist Specialist, atuará na gerência Finance Analytics e suas principais atividades serão:Elaborar estudos de performance financeira envolvendo business units, produtos, canais e clientes, trazendo análises diagnósticas e recomendações para apoiar decisões estratégicas do Banco;Analisar a rentabilidade e o resultado de produtos e clientes em diferentes perfis e segmentos, incluindo projeções de cenários, investigação de variações e identificação de oportunidades;Aplicar técnicas estatísticas descritivas e preditivas que suportem as análises de performance financeira, conferindo embasamento científico aos estudos;Utilizar modelos de Machine Learning, supervisionados e não supervisionados, para responder a perguntas de negócio no contexto financeiro;Analisar e interpretar dados financeiros combinados com dados não financeiros e qualitativos, identificando padrões e tendências que apoiem a tomada de decisões estratégicas;Construir dashboards que ofereçam suporte às análises financeiras;Utilizar tecnologias de dados como SQL, Python, Spark, Databricks e Power BI para extração, manipulação, consolidação e visualização dos dados necessários aos estudos de performance financeira.Requisitos e QualificaçõesO que você precisa ter ou saber?Graduação em Economia, Estatística, Ciência de Dados, Matemática, Engenharias ou Contabilidade;MBA ou Pós-graduação em Controladoria, Finanças ou Business Analytics & Big Data;Conhecimento em análise de P&L e rentabilidade de produtos, canais e segmentos;Conhecimento em produtos e serviços bancários e no mercado financeiro;Experiência em Bancos ou Fintechs nas áreas de Finance/FP&A;Habilidade na manipulação de grandes volumes de dados utilizando SQL, Python e Spark;Conhecimento avançado em Power BI e DAX ou outra ferramenta de DataViz.Será um diferencial se você tiver:Conhecimento em modelos de Machine Learning, supervisionados e não supervisionados, aplicados ao contexto financeiro;Vivência em projetos de BI e/ou estudos de Data Analytics relevantes para o negócio;Experiência com produtos bancários.O que nós oferecemosNo Bradesco valorizamos a saúde e bem-estar, oferecendo um extenso portfólio de benefícios a todas nossas pessoas funcionárias:PLR ou Bônus: Conforme a elegibilidade de cargo*Convênio MédicoConvênio OdontológicoSeguro de VidaVale AlimentaçãoVale Refeição13º Cesta AlimentaçãoTotal PassVale Transporte (adesão opcional)Descontos em produtos e serviços em empresas parceirasPrevidência Privada (adesão opcional, com participação financeira da Organização Bradesco)Viva Bem Bradesco: programa de saúde, bem-estar e qualidade de vidaUnibrad: Universidade Corporativa BradescoIsenção de Tarifas: condições especiais em diversos produtos e serviçosAuxílio Creche ou BabáLicença Paternidade estendida de 20 diasLicença Maternidade de 180 dias, acompanhamento assistencial da gestação até o pós-partoShow moreShow less",N/A,On-site/Hybrid,https://www.linkedin.com/jobs-guest/jobs/api/jobPosting/4451964446,2026-08-15
Cientista de Dados,Zeentech,"São Bernardo do Campo, São Paulo, Brazil",1 month ago,"O que esperamos de vocêExperiência em análise de dados operacionais, logísticos e industriais.Conhecimento em definição de indicadores, análise de cenários e critérios de recomendação.Vivência com técnicas de Ciência de Dados, Machine Learning e Inteligência Artificial.Experiência no desenvolvimento de algoritmos de otimização, heurísticas e modelos de priorização.Conhecimento em construção de dashboards, relatórios analíticos e apoio à tomada de decisão.Capacidade de trabalhar com modelos explicáveis e traduzir análises complexas em recomendações práticas.Habilidade para atuar de forma colaborativa com equipes multidisciplinares, especialmente Logística, Simulação e Engenharia de Dados.O seu papel no projetoTransformar dados operacionais, logísticos e industriais em análises, modelos e recomendações para apoiar decisões em ambientes produtivos.Definir indicadores, analisar cenários e estabelecer critérios de recomendação e heurísticas para otimização de processos.Analisar dados de consumo, frequência, posições, ocupação, movimentação, sequenciamento e abastecimento.Criar análises comparativas entre cenários de alocação.Identificar padrões de consumo, gargalos, conflitos, desvios e oportunidades de melhoria.Definir indicadores operacionais e analíticos para apoiar decisões logísticas.Apoiar a construção de regras, pesos e critérios de recomendação de alocações.Desenvolver ou apoiar algoritmos de otimização, heurísticas e modelos de priorização.Aplicar técnicas de Ciência de Dados, Machine Learning ou Inteligência Artificial quando fizer sentido para o problema.Trabalhar com modelos explicáveis, apresentando o racional por trás das recomendações geradas.Apoiar a criação de dashboards analíticos, relatórios de impacto e saídas voltadas à tomada de decisão.Show moreShow less",N/A,On-site/Hybrid,https://www.linkedin.com/jobs-guest/jobs/api/jobPosting/4430907747,2026-08-15
Data Scientist - QuantumBlack Studio,"QuantumBlack, AI by McKinsey","São Paulo, São Paulo, Brazil",2 weeks ago,"Who You'll Work WithDriving lasting impact and building long-term capabilities with our clients is not easy work. You are the kind of person who thrives in a high performance/high reward culture - doing hard things, picking yourself up when you stumble, and having the resilience to try another way forward.In return for your drive, determination, and curiosity, we'll provide the resources, mentorship, and opportunities you need to become a stronger leader faster than you ever thought possible. Your colleagues—at all levels—will invest deeply in your development, just as much as they invest in delivering exceptional results for clients. Every day, you'll receive apprenticeship, coaching, and exposure that will accelerate your growth in ways you won’t find anywhere else.When you join us, you will have:Continuous learning: Our learning and apprenticeship culture, backed by structured programs, is all about helping you grow while creating an environment where feedback is clear, actionable, and focused on your development. The real magic happens when you take the input from others to heart and embrace the fast-paced learning experience, owning your journey.A voice that matters: From day one, we value your ideas and contributions. You’ll make a tangible impact by offering innovative ideas and practical solutions, all while upholding our unwavering commitment to ethics and integrity. We not only encourage diverse perspectives, but they are critical in driving us toward the best possible outcomes.Global community: With colleagues across 65+ countries and over 100 different nationalities, our firm’s diversity fuels creativity and helps us come up with the best solutions for our clients. Plus, you’ll have the opportunity to learn from exceptional colleagues with diverse backgrounds and experiences.World-class benefits: On top of a competitive salary (based on your location, experience, and skills), we provide a comprehensive benefits package to enable holistic well-being for you and your family.Your ImpactYou will partner with some of the world’s leading organizations to tackle their most critical challenges using data.From data owners and end users to C-level executives, you will work closely with clients to understand their needs and design impactful analytics solutions that drive performance.You will be a key contributor in cross-functional problem-solving sessions, translating complex business questions into analytical problems and building models that address them—ensuring those models are evaluated with relevant, actionable metrics.You will help shape the development of our internal Data Science Toolbox, writing highly optimized code and supporting the delivery of innovative, scalable solutions.You will also:Present your work to colleagues and clients, communicating insights in a clear and compelling wayWrite and present papers at internal and external conferences (such as NeurIPS and ICML), if you choose toJoin global retrospectives and R&D initiatives, learning and sharing alongside experts across QuantumBlackCollaborate with interdisciplinary teams that bring together data science, engineering, design, and business expertiseOur projects range from accelerating clinical research to improving urban air quality or enhancing elite sport performance - always focused on creating real-world impact.You will be based in Sao Paulo and collaborate with data scientists, engineers, machine learning specialists, designers, and product managers from around the world.Together, you will work across sectors - such as healthcare, automotive, energy, finance, and more - to apply mathematical, statistical, and machine learning approaches to real-world data.At QuantumBlack Studio, your growth is continuous and personalized.You will benefit from:Diverse projects and clients, giving you international exposure and unique challengesCutting-edge tools and technologies, enabling you to sharpen your skills in modern data science workflowsTailored learning and mentorship, including training programs, technical deep dives, and global knowledge-sharingCareer path flexibility, with opportunities to explore new domains or geographies as you growA strong sense of community, connecting with colleagues through meetups, workshops, and events across the QuantumBlack Studio and McKinsey networks. You’ll help shape how we define excellence in data science.Please submit your CV in English.Your Qualifications and SkillsUniversity degree with a strong academic record; master’s in computer science, applied statistics, mathematics, artificial intelligence, or related field preferred2+ years of experience applying machine learning and data mining techniques to large, real-world datasetsStrong background in computer science, engineering, statistics, mathematics, physics, or similarAbility to lead and drive model development independently, balancing quality and deadlinesProven track record in prototyping and applying advanced analytical and statistical methodsProficiency in Python and at least one additional language (e.g., R, Scala, SQL)Experience working with relational databases (SQL) and large datasetsExperience in the real-world application of machine learning methods and algorithmsBusiness level language fluency, both verbally and in writing, in English and PortugueseShow moreShow less",N/A,On-site/Hybrid,https://www.linkedin.com/jobs-guest/jobs/api/jobPosting/4429168287,2026-08-15
Cientista de Dados | BTG Empresas,BTG Pactual,"São Paulo, São Paulo, Brazil",3 days ago,"O BTG Pactual está contratando um Cientista de Dados Sênior para ser parte da construção da nova geração de modelos de crédito para PMEs.Este profissional terá mandato para sugerir e implantar novos modelos para a esteira de aprovação, manutenção e recuperação de crédito. Terá autonomia para aplicar técnicas clássicas e sofisticadas, sempre se baseando em argumentos técnicos e quantitativos.Sobre a ÁreaO BTG Empresas é uma frente em forte crescimento dentro do BTG, com expansão contínua de portfólio, lançamento de novos produtos e estruturas — incluindo novas modalidades de garantias e instrumentos financeiros.Operamos como um banco digital para PMEs, com uma esteira de crédito moderna, escalável e orientada a dados.Dentro dessa estrutura, a área de crédito desempenha papel estratégico na implementação de políticas e modelos de concessão, manutenção, precificação e monitoramento de clientes.Nosso principal objetivo é construir uma esteira que aprova o máximo de crédito com a menor inadimplência e máxima rentabilidade.No Seu Dia a DiaTrabalhar no time de crédito do BTG Empresas, responsável por criar políticas e modelos para PMEs em produtos de rotativos, parcelados, descontos e trade finance.Criar, avaliar e acompanhar os modelos de crédito do BTG Empresas.Pensar em novas hipóteses, fontes de dados e abordagens para novos modelos.Acompanhar e validar a implantação dos modelos junto aos times de tecnologia.Trabalhar com proximidade dos times de Data Analytics e Motor de Crédito.Trabalhar com proximidade do time de políticas e áreas de produto.Requisitos TécnicosExperiência com técnicas de modelagem estatística e machine learning por 5 anos ou mais (obrigatório) — Mestrado na área conta como experiência.Experiência em programação com Python e SQL. (obrigatório)Amplo domínio em técnicas de classificação, regressão, clusterização e otimização. (obrigatório)Domínio de algoritmos clássicos e modernos de aprendizado, como árvores de decisão, regressão linear/logística, ensemble e boosting models. (obrigatório)Base em inferência estatística. (desejável)Experiência em modelos de crédito, risco ou eventos raros. (desejável)Familiaridade com avaliação e acompanhamento de modelos, além de técnicas de visualização de dados. (desejável)BenefíciosParticipação nos Lucros e Resultados (PLR);Auxílio Alimentação e Refeição;Plano Médico;Plano Odontológico;Auxílio Creche/Babá;Vale Transporte;WellHub;TotalPass;Programa de Apoio Pessoal (EAP);Planos por adesão como Previdência Privada e Seguro de Vida;Desconto em Farmácia;Programa de Nutrição;Programa de Gestantes;Licença Maternidade e Paternidade Estendida – empresa CidadãShow moreShow less",N/A,On-site/Hybrid,https://www.linkedin.com/jobs-guest/jobs/api/jobPosting/4451975982,2026-08-15
Data Science specialist,Lenovo,"Indaiatuba, São Paulo, Brazil",1 week ago,"We are Lenovo. We do what we say. We own what we do. We WOW our customers.Lenovo is a US$83 billion revenue global technology powerhouse, ranked #153 in the Fortune Global 500, and serving millions of customers every day in 180 markets. Focused on a bold vision to deliver Smarter Technology for All, Lenovo has built on its success as the world’s largest PC company with a full-stack portfolio of AI-enabled, AI-ready, and AI-optimized devices (PCs, workstations, smartphones, tablets), infrastructure (server, storage, edge, high performance computing and software defined infrastructure), software, solutions, and services. Lenovo’s continued investment in world-changing innovation is building a more equitable, trustworthy, and smarter future for everyone, everywhere. Lenovo is listed on the Hong Kong stock exchange under Lenovo Group Limited (HKSE: 992) (ADR: LNVGY).This transformation together with Lenovo’s world-changing innovation is building a more inclusive, trustworthy, and smarter future for everyone, everywhere. To find out more visit www.lenovo.com, and read about the latest news via our StoryHub.We are looking for a Data AI Analyst ( Mid-level) to support and drive Data Science and Artificial Intelligence initiatives within the Services organization, acting as a key enabler between business needs and advanced analytics solutions. This professional will play a critical role in identifying opportunities, structuring use cases, developing analytical models, and promoting a data-driven culture across Services. The role involves close collaboration with business stakeholders and external partners to ensure scalable and impactful solutions. Additionally, the analyst will act as a Data AI evangelist, fostering adoption, educating teams, and supporting the integration of analytics into operational and strategic decision-making, ensuring alignment with corporate guidelines and business objectives.General ResponsibilitiesIdentify opportunities to apply Data Analytics, Machine Learning, AI, and other innovative technologieswithin Services processesPerform data collection, cleansing, analysis, and interpretationSupport the structuring of AI/Data Science use cases (business case, ROI, impact)Develop dashboards, reports, automations, and exploratory analysesDocument analytical processes, models, and data flowsCollaborate with stakeholders to translate business needs into analytical solutionsEnsure data quality, governance, and consistencySupport automation and continuous improvement initiativesLead or support training sessions and awareness initiatives on Data and AI usageAct as a data-driven culture evangelist, promoting best practicesPosition ResponsibilitiesLead small to medium complexity Data AI initiativesDevelop machine learning modelsDesign and implement data pipelines and analytical automationsBuild end-to-end solutions (from problem definition to deployment, when applicable)Influence stakeholders and support data-driven decision-makingIdentify and propose new AI opportunitiesAct as a technical reference for Services stakeholdersFacilitate workshops, training sessions, and ideation sessionsAdvanced English levelWe are an Equal Opportunity Employer and do not discriminate against any employee or applicant for employment because of race, color, sex, age, religion, sexual orientation, gender identity, national origin, status as a veteran, and basis of disability or any federal, state, or local protected class.Show moreShow less",N/A,On-site/Hybrid,https://www.linkedin.com/jobs-guest/jobs/api/jobPosting/4431437955,2026-08-15
"Cientista de Dados Pleno- LLMS, Python, ML",Capgemini,"Barueri, São Paulo, Brazil",1 month ago,"Nossa OportunidadeVocê é apaixonado(a) por tecnologia, inovação e quer fazer parte de um ambiente inclusivo, colaborativo e em constante evolução? Então essa oportunidade é para você!Na Capgemini, valorizamos o equilíbrio entre vida pessoal e profissional. Por isso, oferecemos modelos de trabalho flexível, híbrido, de acordo com as necessidades do projeto. Nosso objetivo é proporcionar a melhor experiência para você, respeitando seu estilo de vida e promovendo bem-estar.Estamos em busca de um(a) Cientista de Dados com foco em Python, LLMs e Machine Learning,para compor nosso time.ResponsabilidadesDesenvolver e implementar modelos preditivos e soluções baseadas em machine learning e LLMs.Trabalhar com grandes volumes de dados utilizando PySpark e Databricks.Automatizar pipelines de dados e modelos com práticas de CI/CD e MLOps.Monitorar a performance de modelos em produção e implementar estratégias de re-treinamento.Colaborar com times de engenharia, produto e BI para transformar dados em insights acionáveis.Documentar processos, decisões técnicas e resultados de experimentos.Contribuir para a evolução da arquitetura de dados e boas práticas da equipe.RequisitosSólida experiência com Python para ciência de dados e machine learning.Experiência prática com PySpark e Databricks.Conhecimento avançado em CI/CD e MLOps (MLflow, DVC, Airflow, etc.).Experiência com modelos preditivos, regressão, classificação, séries temporais, etc.Familiaridade com LLMs e aplicações de NLP.Experiência com monitoramento de modelos (drift, performance, alertas).Conhecimento em ferramentas de BI (Power BI, Tableau).Experiência com versionamento de código (Git) e metodologias ágeis.Diversidade, Inclusão e Pertencimento:Na Capgemini, você pode ser quem você é. Valorizamos a diversidade em todas as suas formas e promovemos um ambiente inclusivo por meio de comitês como:Women@Capgemini – Empoderamento feminino e equidade de gênero.Capgemini Black – Representatividade e valorização da cultura negra.LGBTQIA+@Capgemini, Capgemini Accessibility, entre outros.Nosso compromisso é contínuo: somos reconhecidos pela GPTW, Bloomberg Gender Equality Index, EDGE e Ethisphere como uma das empresas mais éticas e inclusivas do mundo. Nossas vagas são para todas as pessoas, independentemente de cor, etnia, religião, idade, identidade de gênero, orientação sexual ou deficiência.Desenvolvimento e BenefíciosAqui, você é protagonista da sua carreira! Oferecemos:Plano de carreira estruturado e trilhas personalizadas de aprendizado.Universidade Corporativa, com acesso a Harvard, Udemy.Certificações oficiais com parceiros como SAP, AWS, Microsoft, Salesforce.Idiomas com EF Education First (Inglês, Espanhol, Francês e Alemão).Bem-estar completo:Assistência médica e odontológica.Wellhub e Equilibrium (saúde física e mental).Previdência privada e seguro de vida.Programa Family Care: licenças maternidade e paternidade estendidas, apoio à fertilidade, orientação personalizada em saúde e bem-estar.Vale-refeição, clube de benefícios e muito mais!Make It RealNa Capgemini, liberamos a energia humana por meio da tecnologia para construir um futuro mais inclusivo, sustentável e inovador. Se você compartilha desses valores, venha transformar o mundo com a gente!Show moreShow less",N/A,On-site/Hybrid,https://www.linkedin.com/jobs-guest/jobs/api/jobPosting/4440053975,2026-08-15
Cientista de Dados Sênior,Brasilseg,"São Paulo, São Paulo, Brazil",1 week ago,"Descrição da vagaO que estará sobre seus cuidados:Buscamos uma pessoaCientista de Dados Sêniorpara atuar na construção de soluções analíticas e modelos de Machine Learning que apoiem decisões estratégicas de negócio.Você fará parte de uma equipe que transforma dados de clientes em recomendações práticas, ajudando a melhorar aquisição, retenção, relacionamento e eficiência das iniciativas comerciais.A posição terá atuação ponta a ponta: desde a identificação de oportunidades e definição de problemas de negócio, passando pelo desenvolvimento de análises e modelos, até a implementação, acompanhamento de resultados e evolução contínua das soluções.Responsabilidades e atribuiçõesO que é importante você ter?O que estará sobre seus cuidados:Desenvolver modelos de Machine Learning e análises avançadas para apoiar decisões estratégicas relacionadas ao comportamento de clientes, incluindo:previsão de churn e identificação de clientes com maior risco de cancelamento;modelos de propensão e recomendação de produtos/ofertas;segmentação de clientes baseada em comportamento e perfil;modelos de valor do cliente (LTV) para apoiar estratégias de aquisição e retenção.Aplicar métodos estatísticos e desenvolver soluções analíticas escaláveis, garantindo qualidade e evolução dos modelos.Trabalhar em parceria com times de dados, tecnologia, produto e negócio para colocar soluções em produção.Acompanhar desempenho dos modelos e indicadores de negócio, identificando oportunidades de melhoria.Comunicar análises complexas de forma clara, traduzindo resultados em recomendações acionáveis para diferentes públicos.Requisitos e qualificaçõesRequisitos e qualificaçõesFormação superior completa em Estatística, Matemática, Ciência da Computação, Engenharia, Economia ou áreas quantitativas relacionadas.Experiência prática no desenvolvimento de modelos preditivos e soluções de Machine Learning aplicadas a problemas reais de negócio.Conhecimento avançado em Python para análise de dados e modelagem, utilizando bibliotecas como pandas, numpy e scikit-learn.Domínio de SQL para exploração, manipulação e análise de dados.Experiência trabalhando com grandes volumes de dados e ambientes analíticos distribuídos.Conhecimento sobre avaliação de modelos, definição de métricas, validação de resultados e acompanhamento de performance.Capacidade de comunicar resultados analíticos de forma clara e conectar análises técnicas com objetivos de negócio.Experiência com o ciclo de vida de modelos de Machine Learning, desde desenvolvimento até acompanhamento em produção.DiferenciaisExperiência em Customer Analytics e Machine Learning aplicado, com modelos de churn, propensão, recomendação, segmentação ou LTV.Conhecimento em experimentação, testes A/B, inferência causal e mensuração de impacto.Experiência com MLOps e modelos em produção, incluindo monitoramento, versionamento e ambientes de dados em escala (Spark/PySpark, Databricks ou cloud).Informações adicionaisComo Cuidamos de você:Benefícios:Seguro Saúde;Seguro Odontológico;Seguro Decesso;Vale TransporteVale Refeição;Vale Alimentação;13ª Cesta de Alimentação;Seguro de Vida em Grupo;Plano de Previdência Privada;Auxílio Creche e/ou Babá;Participação nos Lucros e Resultados (PLR);Gympass;Day off para comemorar seu aniversário;Programa Desenvolve com mais 500 cursos;Programa de Saúde Integrada: mental, social, financeira e física.Onde ficamos?Nossa sede fica localizada na zona sul de São Paulo, próximo a estação de trem Morumbi (linha 9 – Esmeralda), na região do bairro Chácara Santo Antônio.Show moreShow less",N/A,On-site/Hybrid,https://www.linkedin.com/jobs-guest/jobs/api/jobPosting/4446226244,2026-08-15
PESSOA ANALISTA CIÊNCIAS DADOS PL - PEOPLE ANALYTICS,Bradesco Seguros,"São Paulo, São Paulo, Brazil",2 weeks ago,"O Grupo Bradesco Seguros é um conglomerado segurador da Organização Bradesco, que tem atuação multilinha em âmbito nacional nos segmentos de Seguros, Capitalização e Previdência Complementar Aberta, atuando com empresas que detém representatividade nos respectivos segmentos: Bradesco Seguros, Bradesco Saúde, Bradesco Auto/RE, Bradesco Vida e Previdência, Bradesco Capitalização, Mediservice e Novamed.Estamos constantemente procurando por pessoas conectadas com o nosso propósito, que sejam apaixonadas por impactar vidas e que queiram construir carreira.Todas as pessoas são bem-vindas, valorizamos a Diversidade, a Equidade e a Inclusão e entendemos que elas favorecem o crescimento pessoal e profissional, amplia a capacidade de entender e estimula o respeito à individualidade e à privacidade do ser humano.O Grupo Bradesco Seguros busca ampliar a discussão, a sensibilização, a conscientização e a mobilização em prol do tema de Diversidade, Equidade e Inclusão. Conheça as iniciativas.Se identificou com a gente? Então inscreva-se para ter a oportunidade de participar de nosso processo seletivo e fazer parte da nossa história!O Que Você Precisa TerFormação Superior em Ciência de Dados, Estatística, Matemática, Sistemas de Informação, Ciência da Computação, Engenharia, Tecnologia da Informação ou áreas correlatas e/ou áreas correlatas;Pacote office;Power Platform (Power BI, Power Apps, Power Automate, AI Builder e Copilot Studio) em nível intermediário;Python para análise, tratamento e automação de dados;SQL em nível intermediário para criação de consultas, joins, filtros, agregações e análises em bases corporativas;Conhecimentos em modelagem de dados e análise de indicadores;Manipulação de arquivos CSV e Excel;Noções de governança, qualidade e segurança da informação.Missão Da ÁreaApoiar a tomada de decisão por meio da análise, tratamento e visualização de dados. O profissional será responsável por transformar dados em informações estratégicas, desenvolvendo análises, dashboards e automações que contribuam para a melhoria contínua de processos, o acompanhamento de indicadores e o suporte às áreas de Recursos Humanos.O Que Você Irá EntregarComoAnalista Ciências Dados PL, atuará na gerênciaBradesco Seguros – RH - Analyticse suas principais atividades serão:Realizar análises de dados relacionadas aos indicadores de Recursos Humanos, garantindo consistência, qualidade e confiabilidade das informações;Desenvolver, manter e evoluir dashboards e relatórios em Power BI para acompanhamento de indicadores e suporte à tomada de decisão;Criar, manter e otimizar consultas SQL para extração e manipulação de dados em bases corporativas;Desenvolver scripts em Python para tratamento, consolidação e automação de processos de dados;Apoiar a construção, padronização e melhoria contínua dos processos analíticos, propondo soluções orientadas por dados;Atuar em parceria com áreas internas, compreendendo demandas e traduzindo necessidades de negócio em análises, indicadores e soluções analíticas.Local de trabalho:Paulista – São Paulo/ SPModelo de trabalho:Híbrido (3x presencial)Jornada de trabalho:Segunda à Sexta – 08:00 ás 17:00Conheça Os Nossos BenefíciosVale Transporte;Vale Refeição;Vale Alimentação;Assistência médica e odontológica;Auxílio creche ou babá para os seus filhos;Programa Viva Bem;Day off no dia ou no mês do seu aniversário;Participação nos lucros da empresa;Seguro contra acidentes pessoais;Previdência Privada;Descontos exclusivos em produtos da seguradora;Cesta de serviços bancários;Oportunidade de participação em Programas de Voluntariado Bradesco;Cursos para apoiar o desenvolvimento pessoal e o profissional;Incentivo à realização de cursos universitários e de idiomas com escolas parceiras;Acesso ao clube recreativo localizado em SP e RJ;Rede social interna com ações de engajamento e premiações especiais;Clube de Vantagens com descontos e/ou cashback em parceiros, como: farmácias, academias, lojas e serviços.Nos acompanhe em nossas redes sociais:@bradescosegurosShow moreShow less",N/A,On-site/Hybrid,https://www.linkedin.com/jobs-guest/jobs/api/jobPosting/4445743591,2026-08-15
Pessoa Cientista de Dados - Vaga afirmativa para pessoas LGBTQIAPN+,Artefact,Greater São Paulo Area,3 weeks ago,"A abertura atual é para a Artefact do Brasil, estamos em modelo Free Office.Quem nós somosNós da Artefact LatAm acreditamos e vivemos uma cultura com base na empatia!Um ambiente de trabalho saudável é um lugar onde todas as vozes são ouvidas, respeitadas e valorizadas.Temos como nosso compromisso a construção de um ambiente mais diverso e inclusivo, porque a empatia é para todas as pessoas, independentemente de etnia, cor, gênero, orientação sexual, identidade de gênero, deficiência ou crença religiosa.Queremos conosco mentes e corações incríveis! Venha ser Artefact!O Que Você Estará FazendoVocê se juntará à nossa equipe de Dados e Consultoria, que ajuda os clientes a transformar e melhorar sua estratégia de dados aplicando análises avançadas para gerar insights que criam valor de negócio a partir de big data e inteligência artificial.Inovar. Você trabalhará com sua equipe, composta por consultores, cientistas de dados, e engenheiros, para identificar as necessidades dos clientes e definir soluções inovadoras.Aprender e Compartilhar. Você trabalhará em uma equipe colaborativa que promove o compartilhamento de conhecimento. Você aprenderá com outras pessoas, compartilhará conhecimento e ficará a par das novidades/atualizações do setor.Desenvolver. Você participará da solução do início ao fim. Com o auxílio de cientistas seniores você gerenciará a concepção e a implementação, além de otimizar o desempenho e a escalabilidade.Atuar em toda a cadeia de valor dos projetos (coleta e tratamento de dados, análise exploratória de dados, aplicação de modelos de aprendizado de máquina, produtização de modelos)Popularizar termos técnicos ou soluções para perfis mais orientados a negócios, pode trabalhar em uma equipe com perfis muito diversificadosPriorizar suas tarefas, respeitar prazos e se levantar a mão em caso de riscos ou problemasO Que Nós Estamos ProcurandoTer cursado um curso de graduação em ciência de dados, aprendizado de máquina, matemática, ciência da computação, estatística, engenharia, economia ou uma área relacionada.Desejável um primeiro conhecimento em estatística e programação (Python/R).Curiosidade: você está sempre buscando soluções inovadoras para seus clientes, você está envolvido em toda a cadeia de valorColaboração: o compartilhamento de conhecimento é essencial para você e você participa ativamente da difusão de informações dentro da ArtefactEmpreendedorismo: você traz soluções, novas ideias, inovaçõesO que oferecemosVR/VTFree office (trabalhe de casa ou de onde quiser!)GympassSeguros: Vida, saúde e odontológicoEncontros Bimestrais (Famoso “Get Together” onde nos encontramos para estarmos juntos, com oficinas, palestras, treinamentos e aquele happy hour!)Woba (pode marcar para trabalhar em coworking onde quiser!)Avaliações semestrais (com oportunidade de promoção)Por que você deveria se juntar a nósArtefact é o lugar para estar: venha e construa o futuro da área de dadosProgresso: cada dia oferece novos desafios e novas oportunidades de aprenderCultura: Empatia e Colaboração está no nosso DNAEmpreendedorismo: você se juntará a uma equipe de empreendedores motivados. Não desistiremos até que façamos uma grande diferença nesta indústria!Junte-se a nós!Show moreShow less",N/A,On-site/Hybrid,https://www.linkedin.com/jobs-guest/jobs/api/jobPosting/4436905068,2026-08-15
Cientista de Dados Sênior,Tecnobank,"São Paulo, São Paulo, Brazil",2 days ago,"Venha deixar a sua digital na Tecnobank.Todos os dias, milhões de pessoas financiam veículos sem imaginar a tecnologia que torna esse processo possível. É aí que entramos.Há mais de18 anos, desenvolvemos soluções que conectam dados, instituições e pessoas para tornar ocrédito automotivo mais simples, ágil e seguro. Estamos presentes em21 estados, apoiando a transformação de um mercado essencial para milhões de brasileiros.E essa transformação começa pelas pessoas que fazem parte da Tecnobank.Aqui, valorizamos o protagonismo, a colaboração e o desenvolvimento contínuo. Incentivamos novas ideias, reconhecemos quem faz acontecer e acreditamos quegrandes resultados são construídos pela digital de cada colaborador.Se você busca desafios, aprendizado e a oportunidade de gerar impacto todos os dias, seu lugar pode ser aqui.ComoCientista de Dados Sênior, você será responsável por Desenvolver e evoluir soluções de Ciência de Dados, Machine Learning e Inteligência Artificial que transformem desafios de negócio em resultados, garantindo qualidade, governança e geração de valor para a empresa.Responsabilidades e atribuiçõesAtuar como referência técnica em Ciência de Dados, alinhado às diretrizes, políticas, indicadores, níveis de serviço e valores da empresa.Compreender desafios de negócio e traduzi-los em soluções analíticas baseadas em dados, estatística, Machine Learning e Inteligência Artificial.Atuar em parceria com as áreas de negócio, Produtos, Tecnologia, Comercial e Arquitetura na concepção e evolução de produtos orientados a dados.Desenvolver, validar, implantar e evoluir modelos estatísticos e de Machine Learning para risco de crédito, fraude, compliance, precificação, recomendação, segmentação, previsão e otimização de processos.Conduzir análises exploratórias, engenharia de atributos, experimentos estatísticos e testes A/B, mensurando a performance dos modelos e o impacto das soluções no negócio.Desenvolver PoCs, MVPs e soluções inovadoras, avaliando a viabilidade técnica, financeira e operacional.Documentar e monitorar modelos em produção, identificando degradações de performance e propondo ações de correção, retreinamento ou evolução.Garantir a qualidade, governança, segurança e conformidade dos dados e modelos com a LGPD, regulamentações aplicáveis e normas internas.Apoiar equipes multidisciplinares e decisões estratégicas por meio de análises quantitativas, indicadores, modelos preditivos e interpretação de resultados.Disseminar boas práticas, apoiar profissionais menos experientes e promover uma cultura orientada por dados, com uso ético e responsável de Inteligência Artificial.Requisitos e qualificaçõesFormação mínima:Graduação concluída.Área de estudo:Ciência da Computação, Engenharia da Computação, Sistema de informação, Engenharia de software, Estatística, Matemática, Ciência de dados e áreas correlatas.Desejável 05 anos como Analista de Dados / Cientista de Dados orientado a construção de modelagens e aplicações de dados para negócios e produtos (ex: score, risco, precificação, BI ou analytics).Conhecimentos ObrigatóriosProgramação e dados: Python, SQL, Pandas, NumPy e Jupyter Notebook.Machine Learning e estatística: Scikit-Learn, XGBoost, LightGBM ou CatBoost; estatística aplicada, engenharia de atributos, séries temporais, testes A/B e desenvolvimento, validação e avaliação de modelos preditivos.Análise e visualização: construção de indicadores, dashboards e análises para tomada de decisão, com conhecimento em Power BI.Engenharia e integração de dados: preparação, tratamento, transformação e validação de dados, integração entre fontes e consumo ou desenvolvimento de APIs; Apache Spark desejável.Diferenciais desejáveisMachine Learning avançado, otimização de modelos e análise de performance, robustez e estabilidade.Deep Learning, NLP, Transformers e soluções de IA Generativa, incluindo LLMs, RAG, embeddings e busca semântica.MLOps e DataOps, com versionamento, automação, monitoramento de drift e retreinamento de modelos.Arquitetura de dados e IA, integração de modelos a sistemas e uso de serviços em nuvem.IA responsável, com explicabilidade, mitigação de vieses, privacidade, segurança, governança e conformidade com a LGPD.Informações adicionaisBenefícios que fazem a diferença🍽️ Vale-alimentação e Vale-refeição (crédito mensal de R$ 2.080,76) entre ambos)💳 Ajuda de custo (home office) - R$ 260,00 para despesas gerais (Cartão Caju)🩺 Plano de saúde e odontológico SulAmérica, extensivo aos dependentes (sem mensalidade, apenas coparticipação)🦷 Assistência odontológica (gratuita também para os dependentes)🛡️ Seguro de vida👶 Auxílio-creche para filhos de até 71 meses👨‍👩‍👧‍👦 Licença parental estendida🏃 Wellhub (antigo Gympass) para cuidas da saúde e bem-estar🎉 Day off de aniversário, com utilização em até dois meses após a data📚 Descontos e parcerias com instituições de ensino💰 Participação nos Lucros e Resultados (PLR)Show moreShow less",N/A,On-site/Hybrid,https://www.linkedin.com/jobs-guest/jobs/api/jobPosting/4450482323,2026-08-15
Cientista de Dados - Sênior,EY,"São Paulo, São Paulo, Brazil",21 hours ago,"Na EY, estamos comprometidos em moldar seu futuro com confiança.Nós ajudaremos você a ter sucesso em um ambiente globalmente conectado, repleto de equipes diversas, e a levar sua carreira para onde você desejar.Venha para EY e ajude-nos a construir um mundo de negócios melhor.Sobre a oportunidade:Se você é apaixonado(a) por inovação, inteligência artificial e deseja impactar o setor financeiro com soluções de GenAI e Ciência de Dados, esta é a sua chance! Na EY, você terá a oportunidade de atuar em projetos de ponta, colaborando com equipes multidisciplinares e desenvolvendo soluções que transformam negócios, potencializando resultados e promovendo eficiência. Venha ser protagonista na revolução tecnológica do mercado financeiro!Você assumirá as seguintes responsabilidades:Desenvolver soluções de IA ponta a ponta, desde a descoberta até o deploy e monitoramento, incluindo modelagem (NLP/ML/LLMs), APIs e integrações. Projetar e evoluir chatbots e canais conversacionais com NLP/NLU, promovendo melhoria contínua. Construir integrações via APIs/JSON, microserviços e eventos, além de implantar MLOps com pipelines, versionamento e observabilidade. Analisar dados conversacionais e recomendar ações baseadas em KPIs, garantindo qualidade por meio de testes e validações. Atuar em métodos ágeis, colaborando com áreas de negócio, design, engenharia e segurança.Requisitos e habilidades que buscamos:Formação em Estatística, Matemática, Ciência/Engenharia da Computação, Sistemas de Informação, Engenharia de Produção ou áreas de tecnologia afins.Experiência aplicando IA/ML/GenAI em domínios como Atendimento e Conversational AI, Risco, Crédito, Cobrança, Fraude & AML, Personalização, Next Best Action/Offer, Operações & Eficiência;Domínio das ferramentas: Python (pandas, numpy, scikit-learn, PySpark), SQL, JavaScript/Node.js, IBM Watson Assistant/Watsonx, Azure OpenAI, OpenAI, Hugging Face, spaCy, transformers, Rasa (desejável), FAISS, Azure AI Search, PGVector, MLflow/Databricks, SageMaker, Vertex AI, Azure ML, Docker, Kubernetes, CI/CD, Spark/Databricks, Airflow, Kafka/Event Hubs, APIs REST/JSON, webhooks, microserviços, Excel, Power BI, VS Code, Git/GitFlow, Jira/Confluence.Conheça alguns de nossos benefícios: Assistência médica e odontológica, Auxílio creche, Plataforma de benefícios e descontos exclusivos EY, Incentivos à educação, Day off de aniversário, Gympass/Wellhub, Participação nos Lucros (PLR), Previdência privada, Vale Alimentação e/ou Vale Alimentação e Transporte, e muito maisO que oferecemos:Na EY, você se desenvolve com habilidades voltadas para o futuro e se abastece de experiências de classe mundial. Nós capacitaremos você em um ambiente flexível e potencializaremos seus talentos extraordinários em uma cultura diversa e inclusiva, com equipes globalmente conectadas.Pelo 4º ano consecutivo, a EY está na lista do Great Place to Work como uma das melhores empresa para se trabalhar, com destaque para as categorias de diversidade. Você poderá fazer parte de nossos programas e grupos que, juntos a inúmeras iniciativas internas, apoiam nossa constante busca pela equidade.Você gostaria de moldar seu futuro com confiança? Inscreva-se hoje!Para ajudar a criar a melhor experiência durante o processo de recrutamento, por favor, descreva qualquer acessibilidade você possa precisar.Saiba mais sobre como é trabalhar na EY:Carreiras na EY LinkedIn @EY Instagram @eybrasilcarreiras#GenAI #IAGenerativa #CiênciadeDados #MachineLearning #DeepLearning #FinancialServices #TechEY #FSOEY #DataScience #InteligênciaArtificial #CarreiraEYShow moreShow less",N/A,On-site/Hybrid,https://www.linkedin.com/jobs-guest/jobs/api/jobPosting/4424817708,2026-08-15
Cientista de Dados Pleno,Eletromidia,"São Paulo, São Paulo, Brazil",3 days ago,"Descrição da vagaCONECTAMOS HISTÓRIAS, PESSOAS E CIDADES!Somos o maior veículo de mídia Out of Home do Brasil, impactando mais de22 milhões de pessoas todos os diascom criatividade, inovação e resultados. Com uma atuação ampla e uma presença marcante, transformamos o dia a dia urbano em experiências únicas e surpreendentes.Valorizamos a diversidade e inclusão, buscando distintos perfis, gêneros, raças, orientações e identidades, porque acreditamos que a pluralidade nos ajuda a encontrar, juntos, soluções inovadoras e sustentáveis!Nosso time é movido por desafios e pela paixão de fazer acontecer. Valorizamos a ética, a inovação, o respeito e o compromisso em entregar soluções que conectam marcas e pessoas de forma extraordinária.Quer fazer parte dessa transformação?#VemSerEletroTeam 🚀🧡Responsabilidades e atribuições💡 Aqui, Você VaiSer umapeça-chaveno nosso time de Dados, ajudando a transformar a forma como medimos, analisamos e apresentamos os resultados das campanhas OOH. Seu papel será analisar audiências, alcance, impactos e KPIs exclusivos para contar histórias que encantem nossos clientes e potencializem os resultados.Você também será um agente da cultura data-driven dentro da Eletromidia, colaborando com diferentes áreas para tornar o uso de dados cada vez mais natural e estratégico.Suas Principais ResponsabilidadesAnalisar e interpretar dados das campanhas OOH, contribuindo com insights e análises que embasam decisões comerciais e estratégicas;Colaborar com áreas como:Relações Governamentais: traduzir dados de impacto social em argumentos para regulamentação;Time Comercial & Client Solutions: apoiar com análises, projeções e storytelling que impulsionem vendas;Projetos Especiais: cocriar estudos que mostrem a força das nossas telas em campanhas 360º;Recursos Humanos, Financeiro e Jurídico: apoiar com métricas, modelagens de ROI e compliance;Sugerir melhorias em processos, relatórios e modelos, com foco em automação e escalabilidade;Criar dashboards, visualizações e análises que comuniquem de forma clara e impactante;Promover boas práticas e apoiar iniciativas de capacitação analítica dentro da empresa.Requisitos e qualificações🎯 O Que Esperamos De VocêPré-requisitos (must-have)Experiência prática em Data Science ou Analytics, com domínio em Python ou R;Conhecimento em modelagem estatística, testes A/B e visualizações de dados (como Plotly, Looker, etc.);Familiaridade com bancos de dados SQL/NoSQL, versionamento com Git e uso de pipelines em cloud (preferência por GCP);Curiosidade analítica, foco em resolver problemas reais de negócio e boa comunicação com áreas não técnicas.Diferenciais (nice-to-have)Experiência anterior em mídia, varejo, advertising ou mobilidade urbana;Conhecimento sobre métricas de OOH ;Participação em projetos multidisciplinares ou squads ágeis;Inglês e/ou espanhol fluente é um diferencial.Se você identifica padrões onde os outros veem ruído, vibra quando suas análises se transformam em decisões e quer crescer junto com a maior empresa de mídia OOH do Brasil, vem com a gente construir o futuro da Eletromidia!Vem colocar seu talento no maior palco de OOH do Brasil! Bora dominar o mercado juntos? ✨Informações adicionais✨ Os Nossos Benefícios São🏥 Assistência médica e odontológica: mais cuidado e bem-estar para você viver com tranquilidade;🔐 Seguro de vida: porque o futuro também merece cuidado;🍽️ Cartão flexível (Refeição/Alimentação): escolha onde usar e aproveite cada refeição do seu jeito;🚌 Vale Transporte: mobilidade garantida para você ir e voltar com mais flexibilidade;💰 PLR anual: batemos metas juntos, comemoramos juntos;💪 Total Pass: aquele empurrãozinho para prática de atividade físicas;🎉 Day Off no seu aniversário: um presente nosso para você curtir o seu dia;🎁 Sorteios de ingressos para diversas experiências: cultura, entretenimento e lazer;📱 Clube de Descontos Samsung: parceria para aquisição de produtos eletrônicos com condições especiais para colaboradores;🎓 Parcerias educacionais: descontos exclusivos em instituições de ensino parceiras, incluindo cursos de especialização, graduação, MBA, extensão e idiomas;🏢 Convênio +Sesc: acesso a centros de lazer, atividades culturais, físicas e de entretenimento, promovendo bem-estar e qualidade de vida.Sobre NósAcreditamos no poder transformador de cada membro da nossa equipe, trabalhando juntos em uma jornada coletiva. Afinal, nossas conexões são feitas de pessoas para pessoas.Valorizamos a diversidade e inclusão, buscando distintos perfis, gêneros, raças, orientações e identidades, porque acreditamos que a pluralidade nos ajuda a encontrar, juntos, soluções inovadoras e sustentáveis!Aqui, você se juntará a um time talentoso e dedicado a dados, formado por profissionais qualificados e comprometidos com a excelência. Valorizamos a colaboração e a criatividade para encontrar as melhores soluções para nossos clientes e o mercado deOOH.QUER FAZER PARTE DESSA TRANSFORMAÇÃO?#VemSerEletroTeam 🧡Show moreShow less",N/A,On-site/Hybrid,https://www.linkedin.com/jobs-guest/jobs/api/jobPosting/4453010480,2026-08-15
Principal Data Scientist,Bunge,"São Paulo, São Paulo, Brazil",3 days ago,"Cidade :São Paulo, BrasilEstado :São Paulo (BR-SP)País :Brasil (BR)Número da Vaga :45103Bunge has an exciting opportunity available for a Principal Data Scientist. In this role you will be part of a global team working on challenging, meaningful projects impacting core business activities. Since 1818, Bunge has been connecting farmers to consumers to deliver essential food, feed, and fuel to the world. Looking to the future, our ambition is to continuously reinvent ourselves, leveraging data to be at the forefront of analytics, technology and talent to accomplish our purpose in a better, faster and simpler way. Bunge is committed to operating and thriving in the digital world – creating world class agile teams where teammates are empowered and encouraged to collaborate and test and learn to succeed. At Bunge, people don’t just come here to work, they come here to grow – solving challenges that directly impact the world with a diverse team of thinkers and doers. Bunge offers a strong compensation and benefits package, generous paid time off program, flexible work arrangements, and opportunity to progress. Our hybrid work environment provides a balance of in-office and remote work.Most importantly, in all we do we live our values:Act as One Team by fostering inclusion, collaboration, and respectDrive for Excellence by being agile, innovative and efficientDo What's Right by acting safely, ethically, and sustainablyOverviewWe are seeking a highly motivated and experienced Principal Data Scientist with strong expertise in pricing optimization to join our growing team. As Principal Data Scientist, you will be a critical technical lead of the Business Technology Data and Analytics team, responsible for leading the construction and optimization of large-scale models to solve business problems and communicate the value to the business stakeholders. You will also be responsible for working with cross-functional teams to identify and prioritize data analytics initiatives, driving significant impact throughout our global value chains.Essential Functions:Design, create, test and implement complex modeling and algorithmic systems that drive value throughout the organization.Responsible for leading large-scale data science initiatives from POC to productionDesign and structure reusable codebase utilizing data science best practice and supports the sustainability of our technical portfolio.Collaborate with various stakeholders to understand business problems to implement scalable and sustainable solutions.Work closely with Data Scientists, Analysts and Data Engineers to build and deliver valuable analytical solutions.Communicates and document the design, functioning and output of the analytical models/solutions developed to a variety of audience.Ensure timely deliverables and testing for regular maintenance of solutions over timeCommunicate data insights and value articulation to stakeholders.Serve as a technical lead and point of contacts to product managers, business partners and collaborators.Contribute to a culture of learning through technical mentoring and tools sharing.Minimum Requirements:Post graduate degree in STEM field or Bachelor degree with a combination of years of experience as in Data Science or Computer Science, IT or a related field.Strong foundations in math, analytics and computer science, knowledge of machine learning methods, statistical models, advanced data science programming.5+ years of hands-on working experience / fluency in Python and SQL.Comfortable with scripting language such as bash.Experience writing reusable and maintainable code with version control, ability to transform a project from POC to production.Experience building and deploying resilient data and modeling pipelines in the cloud environment.Experience with at least one major cloud platform (GCP, AWS or Azure), with preference to GCP services including but not limited to Compute Engine, Big Query, Cloud Run, and Cloud Composer.Creative and self-motivated. Demonstrate drive to learn new skills and solve challenging problems.Act as a great team player in a global environment, take responsibility to consistently build better solutions both in technical quality and business impact.Preferred Qualifications:Good understanding of software development best practice, and ability to apply that to machine learning projects, including unit tests, CI/CD integration.Experience using Infrastructure as Code (IaC) such as Terraform.Experience implementing Kubernetes and Docker (or similar container engine) solutionsObtained Google Cloud Professional certifications in area such as MLE, data engineer, DevOps engineer.Experience working with customer analytics and pricing optimization, domain knowledge in global agri-business is a plus.Na Bunge, nosso objetivo é conectar agricultores a consumidores para fornecer alimentos, ingredientes para nutrição animal e combustível essenciais para o mundo. Como uma fornecedora líder de soluções para o agronegócio, nossa equipe de aproximadamente 37.000 colaboradores dedicados atua em parceria com agricultores ao redor do mundo para movimentar commodities agrícolas de onde são produzidas para onde são necessárias — de maneira mais rápida, inteligente e eficiente. Somos uma empresa líder mundial em originação, armazenamento, distribuição, além de processamento e refino de oleaginosas, oferecendo um amplo portfólio de óleos, gorduras e proteínas de origem vegetal. Atuamos lado a lado com nossos clientes em ambas as pontas da cadeia de valor para fornecer produtos de qualidade e desenvolver soluções inovadoras e personalizadas que atendam às necessidades em constante evolução dos consumidores. Com mais de 200 anos de experiência e presença em mais de 50 países, temos o compromisso de fortalecer a segurança alimentar global, promover a sustentabilidade e contribuir para a prosperidade das comunidades onde operamos. A Bunge tem sede registrada em Genebra, Suíça, e sua sede corporativa está localizada em St. Louis, Missouri, EUA. Saiba mais em bunge.com.br.Diariamente, nossos profissionais incorporam os valores que são a essência da Bunge:SOMOS UM SÓ TIME– Colaborativo, respeitoso e inclusivoLIDERAMOS O CAMINHO – Somos ágeis, Empoderados e inovadoresFAZEMOS O QUE É CERTO – Com segurança, de forma sustentável e com integridadeReconhecemos que nosso sucesso depende da variedade de perspectivas que cada um de nossos colaboradores agrega à Bunge. Estamos empenhados em promover práticas para nutrir uma cultura de pertencimento para todos. Globalmente, apoiamos os Princípios de Empoderamento das Mulheres, de ONU Mulheres. No Brasil, somos associados ao Mover - Movimento pela Equidade Racial, e fomos eleitos pela ferramenta global Disability Index Report® como um dos melhores locais para se trabalhar em relação à inclusão de pessoas com deficiência. Atuamos continuamente em prol de nosso compromisso de deixar um legado positivo em todas as comunidades onde atuamos.Se você se identifica com esses valores, junte-se a nós! Valorizamos e investimos em pessoas que acreditam em nosso propósito e o vivenciam com entusiasmo a cada dia – pessoas que têm #OrgulhodeSerBungeShow moreShow less",N/A,Remote,https://www.linkedin.com/jobs-guest/jobs/api/jobPosting/4416004591,2026-08-15
Espec Tecnologia Informação II,Bunge,"São Paulo, São Paulo, Brazil",1 day ago,"City :Sao PauloState :São Paulo (BR-SP)Country :Brazil (BR)Requisition Number :43237Bunge has an exciting opportunity available for Senior Data Scientist. In this role you will be part of a global team working on challenging, meaningful projects impacting core business activities. Since 1818, Bunge has been connecting farmers to consumers to deliver essential food, feed, and fuel to the world. Looking to the future, our ambition is to continuously reinvent ourselves, leveraging data to be at the forefront of analytics, technology and talent to accomplish our purpose in a better, faster and simpler way. Bunge is committed to operating and thriving in the digital world – creating world class agile teams where teammates are empowered and encouraged to collaborate and test and learn to succeed.At Bunge, people don’t just come here to work, they come here to grow – solving challenges that directly impact the world with a diverse team of thinkers and doers. Bunge offers a strong compensation and benefits package, generous paid time off program, flexible work arrangements, and opportunity to progress. Our hybrid work environment provides a balance of in-office and remote work.Most importantly, in all we do we live our values:Act as One Team by fostering inclusion, collaboration, and respectDrive for Excellence by being agile, innovative and efficientDo What's Right by acting safely, ethically, and sustainablyOverview:We are seeking a highly motivated and experienced Senior Data Scientist with strong expertise in forecasting to join our growing team. As Senior Data Scientist, you will be responsible for driving the construction of regression and forecasting models to solve business problems, communicate to the technical team, and assure the delivery matches business expectations. You will also be responsible for working with cross-functional teams to identify and prioritize data analytics initiativesEssential Functions:Design, create, test, and implement complex models and algorithms that drive analytical solutions throughout the organization.Gives technical support for data scientists across multiple squads.Collaborate with business analyst and understand business problems to implement scalable and sustainable solutions.Define development standards and solution approach.Design and structure reusable codebaseCoordinate with MIS, Digital Specialists, and Data Engineers to deliver holistic analytical solutionsCommunicates the design, functioning and output of the analytical models/solutions developedEnsure timely analysis and testing for regular maintenance of solutions over timeCommunicate data insights to stakeholders.Qualifications:Master's degree in a STEM field preferred, or equivalent extensive practical experience in data science, with a proven track record of 3+ years in a senior or lead data scientist capacityExpert in programming languages like Python or RAdvanced knowledge in math, analytics and computer science, knowledge of machine learning methods, statistical models, advanced data science programming.Ability to develop robust and accurate models, ensuring integrity and reliability.Skilled in optimizing existing high-performing systems.Capable of writing maintainable and reusable code.Experience in building resilient data pipelines within cloud environments.Commitment to thorough and high-quality data preparation.Capable of mentoring Associates and other Data scientists and answer business questions to higher authorities and management.Model behavior as a great team player and teach new ideas.Communications with the project stakeholders on a regular basisProficient in data science, machine learning, Python, R, SQL, data analysis, analytical skills, teamwork, and communication skills.Can help business structure the problems/hypotheses they want to address and convert it into an advanced analytics approach including machine learningDevelop business awareness of possible use cases and help them to understand the necessary concepts of data science and optimization to ensure better communication across functions.At Bunge (NYSE: BG), our purpose is to connect farmers to consumers to deliver essential food, feed and fuel to the world. As a premier agribusiness solutions provider, our team of :37,000 dedicated employees partner with farmers across the globe to move agricultural commodities from where they’re grown to where they’re needed—in faster, smarter, and more efficient ways. We are a world leader in grain origination, storage, distribution, oilseed processing and refining, offering a broad portfolio of plant-based oils, fats, and proteins. We work alongside our customers at both ends of the value chain to deliver quality products and develop tailored, innovative solutions that address evolving consumer needs. With 200+ years of experience and presence in over 50 countries, we are committed to strengthening global food security, advancing sustainability, and helping communities prosper where we operate. Bunge has its registered office in Geneva, Switzerland and its corporate headquarters in St. Louis, Missouri. Learn more at Bunge.com.Every day our people exemplify these values, which represent Bunge at its core:We Are One Team – Collaborative, Respectful, InclusiveWe Lead The Way – Agile, Empowered, InnovativeWe Do What’s Right – Safety, Sustainability, With IntegrityIf this sounds like you, join us! We value and invest in people who believe in our purpose and are excited to live it every day – people who are #ProudtoBeBungeShow moreShow less",N/A,Remote,https://www.linkedin.com/jobs-guest/jobs/api/jobPosting/4435367451,2026-08-15
AI Developer - Remote,UL Solutions,"São Paulo, São Paulo, Brazil",6 days ago,"Job DescriptionTheAI Developeris responsible for designing, building, deploying, and supporting AI-powered solutions that deliver measurable business value across core business functions. This role combines software engineering, cloud infrastructure, MLOps, and Generative AI expertise to create scalable, production-ready applications and services.Working closely with product teams, engineers, and business stakeholders, the AI Developer will own initiatives from concept through deployment, ensuring solutions are secure, reliable, maintainable, and aligned with business objectives.The ideal candidate is highly hands-on, passionate about building real-world AI solutions, and experienced in deploying AI, machine learning, and Generative AI applications in cloud environments using Azure and modern DevOps practices.This position isremotefor Brazil.ResponsibilitiesAI Solution DevelopmentDesign, develop, deploy, and maintain production-ready AI and machine learning solutions.Translate business challenges into scalable AI-enabled applications and services.Build and integrate AI capabilities into enterprise systems and business workflows.Develop Generative AI solutions leveraging LLMs, Retrieval-Augmented Generation (RAG), and Agentic AI frameworks.Implement document intelligence and document-to-data processing pipelines.Software EngineeringDevelop clean, maintainable, and well-tested Python applications following software engineering best practices.Apply object-oriented design principles and scalable architecture patterns.Contribute to reusable frameworks, libraries, and technical standards.Design and support distributed and cloud-native applications.Cloud, DevOps & MLOpsBuild and maintain CI/CD pipelines for AI applications and supporting infrastructure.Implement Infrastructure as Code (IaC) practices.Deploy, monitor, and manage AI models and services in production environments.Configure cloud monitoring, logging, alerting, dashboards, and observability tools.Support model lifecycle management, performance monitoring, and operational reliability.Manage containerized solutions using Docker, Kubernetes, and Helm.Leverage Azure cloud services to build scalable AI platforms and solutions.Evaluation & Continuous ImprovementImplement testing, evaluation, and experimentation frameworks for AI solutions.Measure solution effectiveness through defined business and technical metrics.Apply A/B testing and other evaluation methodologies where appropriate.Continuously optimize solutions based on monitoring, feedback, and business outcomes.Collaboration & Ways of WorkingPartner with cross-functional teams to deliver business-aligned AI solutions.Communicate complex technical concepts to both technical and non-technical audiences.Participate in architecture reviews, solution design sessions, and technical discussions.Support and mentor team members through knowledge sharing and collaboration.Demonstrate strong alignment with UL Solutions' Ways of Working, fostering trust, accountability, and continuous improvement.QualificationsBachelor's degree in Computer Science, Data Science, Software Engineering, Data Analytics, or related field.Strong Python development experience.Experience building and deploying AI or machine learning solutions into production.Experience with cloud platforms (Azure preferred).Experience with Azure DevOps and CI/CD pipeline development.Experience with Infrastructure as Code (IaC).Experience with MLOps practices and model lifecycle management.Experience deploying and supporting scalable distributed systems.Experience working with APIs and enterprise system integrations.Experience with Docker, Kubernetes (K8s), and Helm.Understanding of software architecture, design patterns, and engineering best practices.Strong analytical and problem-solving skills.Excellent communication and collaboration skills.Experience working within Agile product development environments.Preferred QualificationsExperience with:Large Language Models (LLMs)Retrieval-Augmented Generation (RAG)Agentic AI frameworksGenerative AI applicationsDocument Intelligence solutionsAzure certifications.Experience designing enterprise AI platforms and architectures.Experience implementing AI evaluation frameworks and experimentation methodologies.Knowledge of responsible AI, security, governance, and compliance practices.Experience mentoring or providing technical guidance to other engineers.About UsA global leader in applied safety science, UL Solutions (NYSE: ULS) transforms safety, security and sustainability challenges into opportunities for customers in more than 110 countries. UL Solutions delivers testing, inspection and certification services, together with software products and advisory offerings, that support our customers’ product innovation and business growth. The UL Mark serves as a recognized symbol of trust in our customers’ products and reflects an unwavering commitment to advancing our safety mission. We help our customers innovate, launch new products and services, navigate global markets and complex supply chains, and grow sustainably and responsibly into the future. Our science is your advantage.Show moreShow less",N/A,Remote,https://www.linkedin.com/jobs-guest/jobs/api/jobPosting/4439272092,2026-08-15
Analista de Dados,Gradus,"São Paulo, São Paulo, Brazil",12 hours ago,"A Gradus é uma consultoria de gestão brasileira de grande prestígio nacional e internacional, com quase 30 anos de história, reconhecida pela qualidade de seus profissionais e pelo alto impacto que gera em seus clientes através das soluções analíticas que desenvolve. Como exemplo, nos últimos 4 anos, recebemos 3 prêmios internacionais por soluções desenvolvidas por nosso time. Além disso, temos um plano de carreira acelerado e com foco na formação e capacitação de nossos colaboradores, oferecendo acesso a plataformas de aprendizado online, treinamentos presenciais e cursos de MBA patrocinados.Como analista de dados, você terá a oportunidade de desenvolver soluções demachine learning, otimização e simulação para grandes empresas do cenário nacional e internacional.Responsabilidades e atribuiçõesCompetências desejadas:Interesse em aprender com empresas de vários setores, em projetos de consultoriaCapacidade de traduzir problemas de negócio em problemas matemáticosTrabalho em equipe e bom relacionamento interpessoalRaciocínio lógico e capacidade analíticaRequisitos e qualificaçõesHabilidades desejadas:Conhecimento em ferramentas e de modelagem de dados (Python, R, Alteryx, AMPL, AnyLogic, Arena, etc)Conhecimento em ferramentas de ETL e DataViz (Excel, SQL, Tibco, Power BI, etc)Experiência com gestão de indicadores de negóciosExperiência na área de análise/ciência de dadosConsistente habilidade analítica e de resolução de problemasInformações adicionaisRemuneração e benefícios:Salário competitivo, pareado com os de consultoria de gestãoVale refeiçãoBônus anuais por performancePlano de Saúde e OdontológicoTreinamentos e eventosShow moreShow less",N/A,On-site/Hybrid,https://www.linkedin.com/jobs-guest/jobs/api/jobPosting/4453751665,2026-08-15
Pessoa Cientista de Dados - Vaga afirmativa para pessoas negras,Artefact,Greater São Paulo Area,3 weeks ago,"A vaga atual é para o escritório do Brasil e trabalhamos em um modelo Free Office.Quem SomosNós da Artefact LatAm acreditamos e vivemos uma cultura com base na empatia!Um ambiente de trabalho saudável é um lugar onde todas as vozes são ouvidas, respeitadas e valorizadas.Temos como nosso compromisso a construção de um ambiente mais diverso e inclusivo, porque a empatia é para todas as pessoas, independentemente de etnia, cor, gênero, orientação sexual, identidade de gênero, deficiência ou crença religiosa.Queremos conosco mentes e corações incríveis! Venha ser Artefact!Quais Serão Suas ResponsabilidadesVocê se juntará à nossa equipe de Dados e Consultoria, que ajuda os clientes a transformar e melhorar sua estratégia de dados aplicando análises avançadas para gerar insights que criam valor de negócio a partir de big data e inteligência artificial.Inovar. Você trabalhará com sua equipe, composta por consultores, cientistas de dados, e engenheiros, para identificar as necessidades dos clientes e definir soluções inovadoras.Aprender e Compartilhar. Você trabalhará em uma equipe colaborativa que promove o compartilhamento de conhecimento. Você aprenderá com outras pessoas, compartilhará conhecimento e ficará a par das novidades/atualizações do setor.Desenvolver. Você participará da solução do início ao fim. Com o auxílio de cientistas seniores você gerenciará a concepção e a implementação, além de otimizar o desempenho e a escalabilidade.Atuar em toda a cadeia de valor dos projetos (coleta e tratamento de dados, análise exploratória de dados, aplicação de modelos de aprendizado de máquina, produtização de modelos)Popularizar termos técnicos ou soluções para perfis mais orientados a negócios, pode trabalhar em uma equipe com perfis muito diversificadosPriorizar suas tarefas, respeitar prazos e se levantar a mão em caso de riscos ou problemasO Que Nós Estamos ProcurandoTer cursado um curso de graduação em ciência de dados, aprendizado de máquina, matemática, ciência da computação, estatística, engenharia, economia ou uma área relacionada.Desejável um primeiro conhecimento em estatística e programação (Python/R).Curiosidade: você está sempre buscando soluções inovadoras para seus clientes, você está envolvido em toda a cadeia de valorColaboração: o compartilhamento de conhecimento é essencial para você e você participa ativamente da difusão de informações dentro da ArtefactEmpreendedorismo: você traz soluções, novas ideias, inovaçõesO Que OferecemosVR/VTFree office (trabalhe de casa ou de onde quiser!)GympassSeguros: Vida, saúde e odontológicoEncontros Bimestrais (Famoso “Get Together” onde nos encontramos para estarmos juntos, com oficinas, palestras, treinamentos e aquele happy hour!Woba (pode marcar para trabalhar em coworking onde quiser!)Avaliações semestrais (com oportunidade de promoção)Por Que Você Deveria Se Juntar a NósArtefact é o lugar para estar: venha e construa o futuro da área de dados.Progresso: cada dia oferece novos desafios e novas oportunidades de aprender.Cultura: Empatia e Colaboração está no nosso DNA.Empreendedorismo: você se juntará a uma equipe de empreendedores motivados. Não desistiremos até que façamos uma grande diferença nesta indústria!Junte-se a nós!Show moreShow less",N/A,On-site/Hybrid,https://www.linkedin.com/jobs-guest/jobs/api/jobPosting/4436906037,2026-08-15
Especialista em Ciência de Dados (Modelagem de Crédito),Equifax,"Barueri, São Paulo, Brazil",2 weeks ago,"Funções que serão desempenhadas:Desenvolvimento de modelos estatísticos customizados entre outros desafios de análise preditiva;Busca constante por melhoria nos processos e inovações em relação à modelagem.Experiências necessárias:Ensino superior em cursos como Estatística, Matemática, Engenharias, Física e cursos correlatos;Conhecimento sólido em princípios de estatística e aprendizado de máquina;Experiência prévia em manipulação e análise de dados;Experiência em modelagem de crédito;Conhecimento sólido em programação (exemplos de ferramenta: Python ou R).Show moreShow less",N/A,On-site/Hybrid,https://www.linkedin.com/jobs-guest/jobs/api/jobPosting/4416704300,2026-08-15
Especialista em Ciência de dados (Machine Learning),Acerto,"São Paulo, São Paulo, Brazil",1 day ago,"Conheça nossa cultura:Somos movidos pela inovação. Nossas soluções tecnológicas estão transformando a vida de milhões de pessoas.Aqui, respeito e diversidade não são apenas palavras; são pilares que sustentam nossa jornada. Valorizamos as diferentes vozes e perspectivas da nossa equipe, pois acreditamos que a escuta ativa à pluralidade é a chave para a verdadeira inovação.Como aprendizes eternos, estamos em busca de crescimento e evolução e, para isso, a colaboração é essencial. Juntos, construímos um ambiente em que o feedback é usado como uma ferramenta para o desenvolvimento mútuo e contínuo.Com planejamento, agilidade e adaptabilidade, estamos prontos para mudar de direção sempre que necessário, sem perder o foco em fazer o nosso melhor.E, claro, não podemos esquecer do nosso objetivo final: resultados excepcionais. Miramos alto e trabalhamos incansavelmente para alcançar o topo, celebrando cada conquista ao longo do caminho.Sobre o time:O time de Ciência de Dados da Acerto é responsável por desenvolver e operar os modelos de Machine Learning que estão no coração da nossa estratégia de cobrança, com entregas que impactam nosso portal e meios de comunicação com o consumidor.Trabalhamos com um stack moderno de dados: BigQuery como camada analítica, Databricks para desenvolvimento e produtização de modelos, Airflow para orquestração e alertas, Streamlit e Flask para monitoramentos e ferramentas internas, e Datadog para observabilidade. Também construímos produtos com IA Generativa e disseminamos o uso responsável de IA para outras áreas da empresa.Nossa cultura combina rigor analítico com foco em produção: um modelo só entrega valor quando está no ar, monitorado e gerando decisão de negócio. Por isso, investimos fortemente em MLOps e feature selection automatizados.Ao se juntar a nós, você atuará em um ambiente que valoriza autonomia técnica, colaboração próxima com áreas de negócio e impacto direto na operação de milhões de acordos.Quais serão as responsabilidades:Desenvolver projetos de Machine Learning ponta a ponta: entendimento do problema de negócio, extração e engenharia de features; desenvolvimento de modelos, deploy em produção, monitoramento e evolução contínua;Atuar como elo entre as áreas de negócio e a equipe de Ciência de Dados, entendendo necessidades, levantando requisitos e desenvolvendo soluções alinhadas aos objetivos estratégicos da empresa;Identificar proativamente oportunidades de aplicação de ML em processos da empresa, construindo hipóteses de valor e priorizando iniciativas junto à liderança;Monitorar modelos em produção e identificar oportunidades de melhoria contínua das modelagens focado em métricas de negócio;Mentorar cientistas de dados de menor senioridade, apoiando em revisões de código, revisões de modelagem e desenvolvimento técnico do time.O que esperamos de você:Curso superior nas áreas de Ciência da Computação, Estatística, Matemática, Engenharias ou campo relacionado;Experiência de pelo menos 5 anos trabalhando na área de Ciência de Dados, com ao menos 2 anos em projetos com modelos em produção;Experiência em liderança técnica de projetos e mentoria de cientistas de dados de menor senioridade;Experiência ponta-a-ponta com ML: da definição do problema de negócio até deploy, monitoramento e evolução do modelo em produção;Experiência com desenho e análise de experimentos (A/B testing, testes de hipótese, análise causal);Experiência com pelo menos uma das frentes: sistemas de recomendação, modelos de ranqueamento, ou modelos de segmentação/propensãoExperiência avançada em estatística, incluindo probabilidade, inferência estatística e álgebra linear;Capacidade de manipulação e análise de dados avançadas (SQL, Python e PySpark);Capacidade de mensurar e reportar o impacto dos projetos desenvolvidos e manter uma documentação clara e reprodutível.É um diferencial se você tiver:Experiência com Databricks;MLOps: deploy, versionamento e CI/CD;Experiência com GenAI aplicada a produtos ou processos internos (RAG, agentes, fine-tuning, prompt engineering estruturado);Experiência com desenvolvimento de aplicações analíticas em Streamlit ou Flask;Experiência com monitoramento de vieses e explicabilidade dos modelos;Familiaridade com Salesforce ;Experiência com ferramentas de desenvolvimento assistido por IA (Claude Code);Participação em code reviews e boas práticas de engenharia de software.Benefícios:Caju alimentação (R$ 1.196,00/mês);Caju flexível (R$700,00/mês);Plano de saúde nacional;Plano odontológico;Licença parentalidade estendida (45 dias para pessoas não gestantes e 180 dias para pessoas gestantes);Programa de Participação de Resultados (anual);WellHub;Desconto em cursos de inglês;Duo Gourmet;Cartão Inter Black (com 1% de cashback na fatura).Horário flexível;Folga de aniversário;Previdência privada.Aqui vai uma dica:Procuramos por alguém que tenha o protagonismo na veia, que adore debater e buscar maneiras de ajudar a empresa a evoluir sempre. Que seja capaz de tomar decisões baseadas em análises, que esteja sempre de braços abertos para compartilhar o que sabe e para aprender com todo mundo. Você se enxergou aqui? Então vem trabalhar com a gente! :)Para saber mais sobre a Acerto, acesse nossa página de carreiras: https://acerto.com.br/sobre-nos/carreirasAbout The CompanyPrazer, somos a Acerto.Nascemos com o propósito detransformar a vida financeira dos brasileiros, ajudando milhões de pessoas a conquistarem o bem-estar financeiro de forma simples e acessível. Com uma solução inovadora e digital de negociação de dívidas, colocamos o consumidor no centro de tudo o que fazemos.Se você busca trabalhar em uma fintech em crescimento acelerado, que valoriza odesenvolvimento contínuo, incentiva acolaboração ativae promove flexibilidade ealta performance, aqui é o seu lugar.Na Acerto, cultivamos umacultura de transparência, onde o feedback é uma ferramenta poderosa para impulsionar o aprendizado e a evolução. Valorizamos o talento, reconhecemos as conquistas e criamos um ambiente onde o seu impacto é percebido e celebrado.Além disso, oferecemosbenefícios competitivose a oportunidade de fazer parte de algo maior: contribuir para um futuro onde a tecnologia e o propósito andam lado a lado para impactar vidas de forma positiva.Estamos em constante evolução e sempre em busca de novos talentos. Uma das nossas vagas pode ser perfeita para você.Show moreShow less",N/A,On-site/Hybrid,https://www.linkedin.com/jobs-guest/jobs/api/jobPosting/4444035086,2026-08-15
Visagio Talentos - Formados: Data Science e IA Generativa SP,Visagio,"São Paulo, São Paulo, Brazil",2 months ago,"Destinado a formados dos cursos de Engenharias, Administração, Economia, Estatística, Matemática, Ciência da Computação e Sistemas de Informação, com foco de atuação em projetos envolvendo Ciência de Dados e IA Generativa (Inteligência Artificial, Machine Learning, NLP, IA Generativa, Otimização, Simulação, entre outros). Você trabalhará com um time multidisciplinar, direcionado ao desenvolvimento de análises e à implantação de soluções baseadas em dados para geração de valor para nossos clientes.Responsabilidades e atribuiçõesIdentificar oportunidades de melhoria em áreas do negócio, propondo soluções baseadas em dados;Realizar análises de dados para apoiar diagnósticos e tomadas de decisões;Desenvolver e implantar soluções baseadas em Machine Learning, Otimização, Simulação, entre outros;Acompanhar e gerenciar projetos através de metodologias ágeis;Desenvolvimento interpessoal através de cursos, contato direto com clientes e trabalho em equipe.Requisitos e qualificaçõesFormados nos cursos de Engenharias, Administração, Economia, Estatística, Matemática, Ciência da Computação e Sistemas de Informação;Bom raciocínio lógico, capacidade analítica e criatividade para propor e implantar as soluções;Visão crítica, habilidade de comunicação e apresentação, e bom relacionamento interpessoal;Rápido aprendizado, com alta curiosidade para aprender continuamente sobre novas tecnologias, além de vontade de fazer a diferença;Preferível experiência em atividades extracurriculares (ex: empresa júnior, PET, iniciação científica, etc).Recomendado o conhecimento dos conceitos de Ciência de Dados, Estatística, Banco de Dados e SQL, além de domínio de linguagens de programação (Python, R ou outros).Informações adicionaisShow moreShow less",N/A,On-site/Hybrid,https://www.linkedin.com/jobs-guest/jobs/api/jobPosting/4419694812,2026-08-15
Cientista de Dados Sênior,C6 Bank,"São Paulo, São Paulo, Brazil",1 week ago,"Nossa área de Ciência de DadosNossa área de Ciência de Dados transforma dados em decisões de negócio. Trabalhamos de forma próxima às áreas parceiras para desenvolver soluções analíticas, modelos e produtos de dados que geram impacto real no dia a dia da empresa e dos clientes.Aqui, acompanhamos todo o ciclo das iniciativas: da identificação do problema até a implementação e evolução das soluções em produção. Valorizamos colaboração, autonomia, senso de dono e um ambiente em que troca de conhecimento e aprendizado contínuo fazem parte da rotina.Suas atividades como CSixerEstamos buscando uma pessoa Cientista de Dados Sênior para atuar no desenvolvimento de soluções que fazem parte dos produtos do banco, trabalhando de forma próxima com negócio, engenharia de dados e tecnologia;Desenvolver, testar e colocar em produção soluções de machine learning ponta a ponta;Analisar dados para validar hipóteses e gerar insights relevantes para o negócio;Realizar tratamento, limpeza e exploração de dados de diferentes fontes;Construir e manter pipelines de dados e modelos em produção, garantindo qualidade e confiabilidade;Contribuir com código, documentação e discussões técnicas do time, trazendo referências metodológicas e científicas quando necessário.Requisitos e experiênciaExperiência sólida como Cientista de Dados, com histórico de modelos em produção;Domínio de Python para análise de dados e machine learning;Experiência com modelagem estatística e algoritmos de machine learning;Forte capacidade de análise exploratória de dados (EDA) e tradução de problemas de negócio em soluções analíticas;Conhecimento de SQL e manipulação de grandes volumes de dados;Vivência com boas práticas de engenharia (Git, testes, organização de código);Capacidade de se comunicar bem com públicos técnicos e não técnicos; DiferenciaisExperiência no setor financeiro ou em ambientes regulados;Conhecimento em MLOps e monitoramento de modelos;Experiência com CRM;Disponibilidade para atuar no modelo presencial.Nossos benefíciosVale-Refeição;Vale-Alimentação;Plano de saúde e odontológico;Auxílio-Creche;Seguro de Vida;WellHub | TotalPass;Conexa | Psicologia Viva - Terapia online sem custo;Carbon Academy;Cartão C6 Carbon;Carbon Spa - Salão de beleza localizado em nosso escritório;Carbon Care - Ambulatório localizado em nosso escritório;Sala de amamentação;Empresa Cidadã - Prorrogação do prazo da licença-maternidade e licença-paternidade;Bicicletário;Vestiário;Van corporativa;Espaço de convivência - Videogame, mesa de sinuca, playball, churrasqueira, chopeira, lanchonete, diversos locais de descanso, redes, cesta de basquete e horta colaborativa e orgânica.C6 BANKPARA UMA VIDA EXTRAORDINÁRIAAtendemos pessoas físicas, MEIs e PMEs em todos os estados do Brasil. Sem agências físicas, oferecemos mais de 90 produtos e serviços financeiros feitos para todos os perfis de clientes.Estamos localizados em São Paulo/SP e contamos com mais de 3.000 CSixers que estão sempre a mil por hora. Em pouco mais de cinco anos, conquistamos muitos prêmios e reconhecimentos.No C6 Bank, acreditamos que a diversidade impulsiona a inovação e fortalece nosso ambiente de trabalho. Por isso, promovemos uma cultura inclusiva, que valoriza a equidade e garante oportunidades para todas as pessoas, independentemente de raça, cor, idade, credo, deficiência, nacionalidade, estado civil, orientação sexual, identidade ou expressão de gênero. Aqui, todo mundo é bem-vindo para ser quem é.Confira mais informações no vídeo abaixo:Show moreShow less",N/A,On-site/Hybrid,https://www.linkedin.com/jobs-guest/jobs/api/jobPosting/4417695207,2026-08-15
N/A,N/A,N/A,N/A,N/A,N/A,On-site/Hybrid,https://www.linkedin.com/jobs-guest/jobs/api/jobPosting/4385383549,2026-08-15
N/A,N/A,N/A,N/A,N/A,N/A,On-site/Hybrid,https://www.linkedin.com/jobs-guest/jobs/api/jobPosting/4449804226,2026-08-15
Ciência de dados Sênior,Mercado Livre Brasil,"Osasco, São Paulo, Brazil",3 weeks ago,"No Mercado Livre estamos democratizando o comércio e os serviços financeiros para transformar a vida das pessoas na América Latina.Faça parte deste propósito!Prevenção da Fraude é o setor de referência interna e externa sobre todos os temas de segurança para as transações dentro do ecossistema do Mercado Livre. Garantimos a segurança das operações para quem usa a plataforma, a partir da aplicação de ferramentas, modelos analítico-preditivos e tecnologias inovadoras. Somos a área da empresa que permite assumir riscos e acelerar o crescimento.Temos um desafio para as pessoas que:• Vibram energia empreendedora: são movidas pela curiosidade, nunca desistem e estão focadas em superar seus próprios limites.• Dão o máximo, porque adoram trabalhar com compromisso e dedicação.• Encaram as mudanças como oportunidades e aprendem com seus erros.• A excelência e a execução são primordiais na sua forma de fazer as coisas.• Promovem o bom clima, a alegria e a diversão.• Sabem como construir com outras pessoas e desfrutam trabalhando em equipe.Imagine-se empreendendo projetos desafiadores, dinâmicos e inovadores esendo responsável por:• Desenvolver modelos de aprendizado de máquina para detectar e prevenir padrões complexos de fraude em tempo real, analisando grandes volumes de dados transacionais para identificar comportamentos anômalos e tendências de risco.• Implementar soluções preditivas escaláveis, garantindo sua correta integração com a arquitetura de produção.• Desenhar experimentos controlados para medir o impacto de novos modelos nos principais indicadores do negócio.• Otimizar algoritmos existentes para melhorar a precisão e a eficiência computacional das soluções.• Criar agentes com inteligência artificial, modelos de visão computacional e LLMs para automatizar operações e analisar imagens na validação de identidade.Requisitos:• Possuir conhecimento consolidado em Data Science e Machine Learning para analisar casos de fraude e propor soluções baseadas em dados.• Dominar fundamentos em matemática e estatística aplicados a modelos e soluções preditivas.• Compreender os casos e métricas do negócio para desenvolver soluções técnicas perfeitamente alinhadas aos objetivos da área.• Ter conhecimento no desenvolvimento de modelos de visão computacional, Inteligência Artificial Generativa, LLMs e técnicas de processamento de linguagem natural.Nós lhe propomos:• Ser parte de uma empresa com espírito empreendedor, na qual adoramos pensar grande e em longo prazo.• Ser protagonista de seu desenvolvimento em um ambiente de oportunidades, aprendizagem, crescimento, expansão e projetos desafiadores.• Compartilhar e aprender em equipe, com excelentes profissionais e especialistas.• Um excelente clima de trabalho, com todo o necessário para você viver uma grande experiênciaO Mercado Livre não faz contato oferecendo oportunidades em troca de pagamento de dinheiro. Você tem acesso a todas as oportunidades abertas no nosso site de carreiras. Caso receba pedidos de dinheiro, desconfie!Show moreShow less",N/A,On-site/Hybrid,https://www.linkedin.com/jobs-guest/jobs/api/jobPosting/4441517635,2026-08-15
Senior Data Scientist,Kunumi,"São Paulo, São Paulo, Brazil",3 months ago,"Estamos em busca de pessoas fascinadas por criar um futuro melhor, que sejam inquietas, tenham coragem para desafiar o comum, que valorizem a diversidade de ideias e acreditem no potencial transformador da colaboração verdadeira.Sabemos que muitas pessoas — especialmente mulheres — só se candidatam a uma vaga se sentem que cumprem 100% dos requisitos. Se esse for o seu caso, queremos te encorajar a se inscrever mesmo assim. Aqui, valorizamos trajetórias diversas e aprendizados ao longo da jornada.Junte-se a nós na busca por um mundo com novas inteligências.A pessoa nessa posição é responsável por garantir a coleta, processamento, armazenamento e disponibilidade de dados de alta qualidade para impulsionar modelos de IA e fornecer insights acionáveis para clientes e stakeholders.Trata-se de um papel de liderança técnica, que combina a execução de projetos complexos de ciência de dados com a mentoria do time e a coordenação de esforços de Pesquisa e Desenvolvimento (P&D) para promover a inovação.Esse propósito se traduz, na prática, nos seguintes Jobs to Be Done:Liderar a estratégia e execução de Ciência de DadosLiderar equipes em projetos complexos, orientando e mentorando membros do time;Propor e implementar estratégias para melhorar processos e práticas internas de ciência de dados;Decidir quando um modelo está pronto para produção e definir como monitorá-lo.Desenvolver modelos de IA de ponta a pontaDesenvolver modelos utilizando técnicas de IA (estatística, machine learning e deep learning), desde a coleta e tratamento até a engenharia de features;Implementar algoritmos de aprendizado supervisionado e não supervisionado, otimizando-os para performance e eficiência;Encapsular modelos em APIs robustas, fáceis de usar e bem documentadas.Transformar grandes volumes de dados em valorColetar, processar e analisar grandes volumes de dados estruturados e não estruturados para identificar padrões e tendências;Criar visualizações que elucidem as decisões tomadas e a qualidade dos modelos desenvolvidos.Atuar como ponte entre tecnologia e negócioFacilitar a comunicação entre diferentes departamentos e alavancar o potencial de equipes multidisciplinares;Interface direta com clientes e parceiros para levantamento de requisitos técnicos, especificação de arquitetura de modelos e apresentação de resultados.Sustentar a cultura de inovação da KunumiManter-se atualizado com as últimas tendências e avanços em ciência de dados e IA;Atuar de forma colaborativa e alinhada ao ""jeito Kunumi"": autonomia, responsabilidade compartilhada e diálogo aberto.O que é esperado de vocêLiderança Técnica: Experiência sólida liderando projetos e equipes técnicas.Domínio de Programação: Proficiência em Python (preferencial), R, SQL e bibliotecas como TensorFlow, PyTorch e Scikit-Learn.Ambiente de Desenvolvimento: Experiência de desenvolvimento em ambiente Linux.Experiência Prática: Aplicação real de métodos estatísticos e algoritmos de ML para resolver problemas complexos.Visualização de Dados: Experiência com ferramentas como Tableau, Matplotlib ou Seaborn.O que pode ser um diferencialBig Data: Familiaridade com tecnologias de armazenamento e processamento como Hadoop, Spark e NoSQL.Pesquisa Aplicada: Experiência anterior coordenando esforços de P&D.Visão de Produto: Capacidade de traduzir limitações técnicas em soluções de negócio para clientesSOBRE A KUNUMINa Kunumi, a curiosidade é nossa força motriz na busca incansável por conhecimento e pela coragem de desafiar o convencional. Acreditamos que a diversidade de pensamentos e perspectivas é fundamental para criar soluções únicas e impactantes.Nossa cultura é pautada pela valorização das pessoas, do cuidado com o legado que deixamos e pela constante busca por resultados elegantes em meio a desafios complexos. Aqui, cada voz é ouvida, cada ideia é valorizada e cada conquista é celebrada em conjunto.Somos agentes de mudança que almejam promover uma transformação positiva na sociedade por meio da Inteligência Artificial. Acreditamos no potencial humano e na capacidade de atuar como catalisadores para um futuro mais equilibrado.BENEFÍCIOSCultura dinâmica, diversa e focada no crescimento conjunto;Trabalho em ambiente remoto com horário flexível;Suporte home-office (ajuda de custo, cadeira, headphones, laptop, entre outros);Plano de saúde premium e dental para você e seus dependentes, sem mensalidade;Alimentação (cartão flexível);Licença parental estendidaAssistência a Filhos;Auxílio para Filhos(as) com Deficiência;Seguro de Vida;Programas de promoção à Saúde - mental, física e emocionalParceria Wellhub - Plano Gold gratuitoRecesso remunerado de final de anoKunumi Day mensal - Toda segunda sexta-feira do mês ficamos offSOBRE O PROCESSODepois de enviar sua inscrição, você receberá um email de confirmação.Acreditamos que a diversidade promove a criatividade e acelera resultados positivos, portanto, consideramos todos os candidatos não somente pela qualificação técnica, mas também como nos complementa como grupo.Conheça a nossa Política de Tratamento de Dados de CandidatosShow moreShow less",N/A,On-site/Hybrid,https://www.linkedin.com/jobs-guest/jobs/api/jobPosting/4405267191,2026-08-15
Analista de Dados - Python & IA - Híbrido — São Paulo/SP (Av. Paulista),Petit.RH,"São Paulo, São Paulo, Brazil",1 week ago,"Analista de Dados - Python & IA - Híbrido - São Paulo/SP (Av. Paulista)Resumo da vagaA Ultracar, SaaS de gestão para oficinas mecânicas, busca um(a) Analista de Dados com foco em Python e Inteligência Artificial para extrair insights estratégicos, construir pipelines e desenvolver modelos preditivos que orientem decisões de produto e de negócio. Você vai trabalhar com dados reais de um SaaS em crescimento, com infraestrutura moderna e autonomia para propor soluções. Se você gosta de transitar entre análise, engenharia de dados e IA aplicada, essa vaga é para você.O que você vai fazer no dia a diaColetar, tratar e modelar dados do produto Ultracar (clientes, operações, financeiro).Construir e manter pipelines de dados (ETL/ELT) eficientes e escaláveis.Desenvolver dashboards e relatórios acionáveis para os times de negócio e produto.Implementar modelos de Machine Learning para previsão de churn, demanda e anomalias.Integrar e orquestrar APIs de LLMs para features analíticas com IA generativa.Garantir qualidade, governança e documentação dos dados da plataforma.Colaborar com PM, Engenharia e CS para traduzir dados em decisões.O perfil que estamos buscandoCuriosidade analítica: investiga a causa por trás do número.Autonomia para propor soluções, não apenas atender demandas.Clareza na comunicação de resultados para públicos não técnicos.Rigor com qualidade e governança de dados.Interesse real por IA aplicada a problemas de negócio.Requisitos obrigatórios3+ anos de experiência com Python para análise e engenharia de dados.Domínio de pandas, NumPy, scikit-learn e bibliotecas de visualização.SQL avançado (CTEs, window functions, otimização de queries).Construção de pipelines de dados (Airflow, Prefect ou similar).Conhecimento em serviços de dados em nuvem (Azure Data Factory, BigQuery ou similar).Experiência com ferramentas de BI (Power BI, Metabase ou Tableau).DiferenciaisExperiência com LLMs e frameworks como LangChain ou LlamaIndex.Conhecimento em MLOps e versionamento de modelos (MLflow, DVC).Familiaridade com dados do setor automotivo ou SaaS B2B.Experiência com dbt para transformação de dados.Conhecimento em streaming de dados.Stack tecnológicaLinguagem: Python 3.10+IA / ML: scikit-learn, TensorFlow/PyTorch, OpenAI APIPipelines: Apache Airflow / PrefectBI: Power BI, MetabaseBanco de dados: SQL Server, PostgreSQL, BigQuery, MongoDBCloud: AWS (principal)Versionamento: Git, MLflowO que oferecemosAcesso a dados reais de um SaaS em crescimento no mercado automotivo.Infraestrutura moderna de dados com investimento contínuo.Autonomia para propor e implementar soluções de IA e analytics.Cultura data-driven com suporte direto da liderança.Remuneração competitiva + benefícios.Informações da vagaModelo de contratação: CLTModelo de trabalho: Híbrido — 3 dias presenciais e 2 remotosLocalização: São Paulo/SP — escritório na Av. PaulistaSetor: Tecnologia — SaaS para o mercado automotivoSobre a UltracarA Ultracar é um SaaS voltado para a gestão de oficinas mecânicas, em crescimento acelerado no mercado automotivo. A empresa investe em infraestrutura moderna, uso estratégico de Inteligência Artificial e no desenvolvimento interno de soluções complexas — como o módulo fiscal, construído 100% pela equipe. O time trabalha com autonomia técnica real e cultura de melhoria contínua.Ultracar: o melhor sistema de gestão para oficinas | UltracarShow moreShow less",N/A,On-site/Hybrid,https://www.linkedin.com/jobs-guest/jobs/api/jobPosting/4450923278,2026-08-15
